order_id,customer_id,order_status,order_date,total_amount
ord_000001,cust_00266,delivered,2024-05-17 16:49:39,1529
ord_000002,cust_00177,delivered,2023-03-14 00:34:04,55998
ord_000003,cust_00323,delivered,2024-02-07 21:59:21,26227
ord_000004,cust_00458,shipped,2024-03-20 16:59:19,4001
ord_000005,cust_00388,delivered,2024-05-22 13:31:33,934
ord_000006,cust_00456,shipped,2023-10-29 23:35:05,1199
ord_000007,cust_00133,processing,2023-09-21 17:18:53,5249
ord_000008,cust_00371,delivered,2024-03-19 19:40:39,7692
ord_000009,cust_00486,delivered,2023-09-07 20:29:17,1709
ord_000010,cust_00451,processing,2024-06-01 12:07:00,699
ord_000011,cust_00404,processing,2024-04-13 01:10:03,2748
ord_000012,cust_00046,delivered,2023-01-12 04:23:47,5033
ord_000013,cust_00120,canceled,2023-11-12 16:56:00,2068
ord_000014,cust_00153,delivered,2023-03-12 00:41:59,15168
ord_000015,cust_00187,canceled,2023-03-14 16:21:06,2274
ord_000016,cust_00077,shipped,2023-01-10 03:43:03,419
ord_000017,cust_00214,delivered,2024-02-22 16:47:40,8924
ord_000018,cust_00060,delivered,2023-04-05 21:02:35,6837
ord_000019,cust_00149,processing,2023-08-19 08:06:12,1623
ord_000020,cust_00381,canceled,2023-02-07 03:43:41,12208
ord_000021,cust_00460,canceled,2024-01-20 22:31:12,32346
ord_000022,cust_00234,delivered,2023-02-14 22:14:01,1999
ord_000023,cust_00311,shipped,2024-05-24 07:26:07,2497
ord_000024,cust_00236,processing,2024-05-10 10:42:11,23591
ord_000025,cust_00269,delivered,2023-11-12 03:12:19,30216
ord_000026,cust_00385,delivered,2023-11-06 20:27:49,2118
ord_000027,cust_00420,delivered,2024-04-24 08:43:37,2599
ord_000028,cust_00143,delivered,2023-06-30 16:22:50,11368
ord_000029,cust_00099,canceled,2024-03-24 05:29:25,8322
ord_000030,cust_00341,canceled,2024-04-12 14:51:31,23998
ord_000031,cust_00191,canceled,2024-05-02 14:46:27,8636
ord_000032,cust_00124,delivered,2023-02-19 19:06:30,2238
ord_000033,cust_00401,canceled,2023-09-16 09:55:58,15147
ord_000034,cust_00277,canceled,2023-05-13 01:45:56,7224
ord_000035,cust_00384,canceled,2023-07-31 23:22:04,14457
ord_000036,cust_00177,canceled,2023-08-15 01:40:52,899
ord_000037,cust_00089,shipped,2023-03-21 04:31:34,7599
ord_000038,cust_00010,delivered,2023-12-29 19:47:59,2937
ord_000039,cust_00288,delivered,2024-06-16 06:03:33,7537
ord_000040,cust_00131,delivered,2023-02-11 13:03:08,27373
ord_000041,cust_00335,delivered,2024-06-23 02:12:36,2474
ord_000042,cust_00330,delivered,2023-08-30 18:44:26,6499
ord_000043,cust_00214,delivered,2023-01-31 08:20:39,13459
ord_000044,cust_00334,delivered,2024-06-15 18:39:10,349
ord_000045,cust_00017,shipped,2023-11-04 02:37:04,2386
ord_000046,cust_00330,delivered,2023-08-24 00:23:51,1643
ord_000047,cust_00259,delivered,2024-05-08 11:37:49,8945
ord_000048,cust_00210,shipped,2023-09-30 21:59:02,1439
ord_000049,cust_00026,delivered,2023-07-28 18:17:57,1049
ord_000050,cust_00464,delivered,2024-01-22 14:02:34,1999
ord_000051,cust_00052,delivered,2023-10-16 03:14:45,5176
ord_000052,cust_00042,delivered,2023-09-01 06:58:39,639
ord_000053,cust_00211,delivered,2023-08-03 17:15:07,3324
ord_000054,cust_00214,delivered,2023-12-29 23:47:05,7078
ord_000055,cust_00032,delivered,2023-05-02 12:50:56,4838
ord_000056,cust_00301,delivered,2023-11-02 00:03:08,399
ord_000057,cust_00040,processing,2024-05-19 21:56:45,43446
ord_000058,cust_00367,delivered,2023-02-06 17:04:53,4740
ord_000059,cust_00490,delivered,2024-01-15 18:58:46,7599
ord_000060,cust_00271,delivered,2023-03-17 12:05:08,19799
ord_000061,cust_00450,shipped,2024-05-06 06:25:13,3573
ord_000062,cust_00472,delivered,2023-05-12 03:50:25,3188
ord_000063,cust_00390,processing,2023-01-08 19:03:33,1119
ord_000064,cust_00027,delivered,2024-03-12 08:08:32,28017
ord_000065,cust_00070,delivered,2023-10-10 00:04:19,2977
ord_000066,cust_00423,delivered,2023-04-24 02:01:28,1439
ord_000067,cust_00054,processing,2023-02-04 16:40:11,10587
ord_000068,cust_00269,delivered,2023-10-21 21:29:26,3562
ord_000069,cust_00390,delivered,2023-10-04 15:53:28,17995
ord_000070,cust_00030,delivered,2023-03-20 06:39:06,2249
ord_000071,cust_00485,shipped,2023-01-05 07:45:58,2438
ord_000072,cust_00189,shipped,2023-02-14 08:27:54,1423
ord_000073,cust_00424,delivered,2024-01-31 00:10:39,15598
ord_000074,cust_00305,processing,2024-03-29 01:23:05,3057
ord_000075,cust_00466,canceled,2023-04-24 14:58:41,1588
ord_000076,cust_00241,canceled,2024-01-14 05:42:43,8073
ord_000077,cust_00210,processing,2023-06-23 20:27:50,5227
ord_000078,cust_00338,delivered,2023-12-26 20:53:56,14473
ord_000079,cust_00285,delivered,2023-04-30 02:48:11,3399
ord_000080,cust_00302,delivered,2024-06-26 18:02:47,1699
ord_000081,cust_00373,delivered,2023-04-22 15:49:03,1399
ord_000082,cust_00492,processing,2023-09-08 01:20:12,1638
ord_000083,cust_00005,delivered,2023-03-29 20:40:36,1019
ord_000084,cust_00114,delivered,2023-09-19 19:01:37,2799
ord_000085,cust_00051,delivered,2023-01-03 16:17:45,27145
ord_000086,cust_00354,delivered,2024-02-06 07:07:52,559
ord_000087,cust_00006,shipped,2023-01-04 02:36:00,4757
ord_000088,cust_00258,canceled,2023-11-02 12:35:49,1329
ord_000089,cust_00409,delivered,2024-02-16 06:02:35,1139
ord_000090,cust_00265,canceled,2023-10-25 05:40:59,28907
ord_000091,cust_00122,canceled,2023-07-19 08:56:14,5774
ord_000092,cust_00250,delivered,2023-11-12 10:42:04,4745
ord_000093,cust_00266,delivered,2023-07-01 00:07:53,9257
ord_000094,cust_00363,delivered,2023-02-20 06:19:15,22858
ord_000095,cust_00164,delivered,2023-07-02 12:36:42,2952
ord_000096,cust_00021,delivered,2023-10-29 14:10:44,15286
ord_000097,cust_00128,delivered,2023-09-01 18:55:22,1188
ord_000098,cust_00255,delivered,2024-03-02 08:24:46,1498
ord_000099,cust_00265,shipped,2023-09-09 17:16:26,4498
ord_000100,cust_00362,delivered,2024-04-02 19:24:41,479
ord_000101,cust_00109,processing,2024-04-17 06:55:40,12997
ord_000102,cust_00321,delivered,2024-01-30 14:53:40,9024
ord_000103,cust_00382,shipped,2023-08-18 22:34:01,2998
ord_000104,cust_00288,canceled,2023-08-14 08:25:24,9774
ord_000105,cust_00092,canceled,2023-01-02 12:26:05,4498
ord_000106,cust_00450,delivered,2024-02-22 16:31:44,12206
ord_000107,cust_00467,canceled,2023-12-23 08:33:06,1798
ord_000108,cust_00455,delivered,2023-08-30 08:21:13,6436
ord_000109,cust_00001,canceled,2023-09-12 17:24:24,33822
ord_000110,cust_00310,delivered,2023-07-07 12:13:09,5073
ord_000111,cust_00486,delivered,2023-07-27 03:36:17,2749
ord_000112,cust_00398,delivered,2023-11-01 12:51:39,5949
ord_000113,cust_00301,delivered,2024-03-31 22:04:32,1998
ord_000114,cust_00138,delivered,2023-04-20 09:23:36,679
ord_000115,cust_00076,delivered,2024-02-03 08:34:57,3399
ord_000116,cust_00089,processing,2024-01-20 22:43:37,27447
ord_000117,cust_00261,processing,2023-04-18 21:53:59,7599
ord_000118,cust_00491,processing,2024-02-14 20:57:37,2878
ord_000119,cust_00054,delivered,2023-06-08 19:09:03,5436
ord_000120,cust_00001,delivered,2023-12-02 14:48:18,3499
ord_000121,cust_00312,delivered,2023-12-08 18:03:54,40046
ord_000122,cust_00447,delivered,2023-03-01 12:21:04,17336
ord_000123,cust_00283,delivered,2024-01-08 00:55:12,16071
ord_000124,cust_00102,delivered,2024-02-08 03:17:30,1198
ord_000125,cust_00082,processing,2023-10-24 04:12:43,2249
ord_000126,cust_00089,canceled,2023-12-25 00:18:32,7197
ord_000127,cust_00199,shipped,2023-03-25 12:39:31,2024
ord_000128,cust_00028,processing,2023-08-19 06:58:52,6997
ord_000129,cust_00007,processing,2023-03-16 21:25:31,7247
ord_000130,cust_00217,delivered,2023-08-27 22:12:11,1019
ord_000131,cust_00266,delivered,2024-02-22 23:29:17,2374
ord_000132,cust_00129,shipped,2024-03-31 19:30:42,3598
ord_000133,cust_00345,delivered,2023-09-26 02:17:16,1912
ord_000134,cust_00366,canceled,2023-10-24 00:09:59,14966
ord_000135,cust_00138,delivered,2024-05-18 21:59:35,26817
ord_000136,cust_00109,canceled,2023-06-10 15:27:06,2893
ord_000137,cust_00329,delivered,2024-02-22 19:06:38,2698
ord_000138,cust_00244,shipped,2023-07-28 15:38:49,27725
ord_000139,cust_00262,delivered,2023-06-24 23:47:23,3171
ord_000140,cust_00092,delivered,2024-05-20 13:05:53,1259
ord_000141,cust_00050,shipped,2024-05-25 14:56:27,1349
ord_000142,cust_00306,processing,2023-01-05 04:08:18,3749
ord_000143,cust_00160,delivered,2024-06-16 19:56:12,262
ord_000144,cust_00357,delivered,2023-05-16 18:01:51,3153
ord_000145,cust_00214,delivered,2023-02-05 17:22:49,2437
ord_000146,cust_00025,delivered,2023-10-15 23:57:08,1438
ord_000147,cust_00383,delivered,2024-03-22 23:35:32,42498
ord_000148,cust_00055,delivered,2024-03-28 12:43:02,1198
ord_000149,cust_00460,delivered,2024-03-08 06:51:57,1279
ord_000150,cust_00169,processing,2023-01-30 00:54:21,1599
ord_000151,cust_00040,delivered,2024-06-03 16:05:12,539
ord_000152,cust_00113,delivered,2023-07-30 12:02:41,1924
ord_000153,cust_00325,delivered,2023-10-14 10:13:19,1189
ord_000154,cust_00037,processing,2023-01-02 18:24:29,40598
ord_000155,cust_00378,delivered,2023-11-22 11:27:51,5011
ord_000156,cust_00214,delivered,2023-09-05 04:57:12,3199
ord_000157,cust_00039,delivered,2023-01-07 07:51:38,7975
ord_000158,cust_00421,delivered,2024-05-05 20:26:05,18610
ord_000159,cust_00463,delivered,2023-10-28 20:06:16,15199
ord_000160,cust_00180,delivered,2024-06-16 12:14:58,559
ord_000161,cust_00286,processing,2023-04-18 18:00:00,8523
ord_000162,cust_00269,delivered,2024-06-03 02:48:52,13948
ord_000163,cust_00490,delivered,2024-05-08 03:21:53,20323
ord_000164,cust_00174,canceled,2024-01-18 15:11:42,2388
ord_000165,cust_00477,delivered,2023-09-19 03:04:05,36197
ord_000166,cust_00206,shipped,2024-04-16 23:50:47,3999
ord_000167,cust_00215,delivered,2024-02-04 09:01:02,849
ord_000168,cust_00021,shipped,2024-06-20 06:39:22,10449
ord_000169,cust_00345,delivered,2023-02-12 03:32:37,1898
ord_000170,cust_00347,delivered,2023-01-13 09:18:14,3498
ord_000171,cust_00176,delivered,2024-06-25 03:02:45,719
ord_000172,cust_00263,processing,2024-01-05 17:31:03,11999
ord_000173,cust_00336,delivered,2023-02-04 04:56:26,28422
ord_000174,cust_00460,shipped,2023-03-01 01:33:38,11300
ord_000175,cust_00067,processing,2024-02-05 23:39:47,7287
ord_000176,cust_00494,delivered,2023-02-02 18:42:50,1962
ord_000177,cust_00248,shipped,2024-02-18 21:17:19,2374
ord_000178,cust_00152,shipped,2023-07-11 22:02:26,17966
ord_000179,cust_00092,delivered,2023-07-24 08:29:53,25598
ord_000180,cust_00104,processing,2023-07-06 18:42:06,5772
ord_000181,cust_00242,processing,2024-06-06 08:41:26,9999
ord_000182,cust_00483,canceled,2024-02-25 19:46:43,349
ord_000183,cust_00049,delivered,2023-06-29 19:47:09,27560
ord_000184,cust_00322,delivered,2023-07-02 18:18:07,5053
ord_000185,cust_00237,delivered,2024-03-24 15:45:50,2278
ord_000186,cust_00138,delivered,2023-08-27 09:37:04,1999
ord_000187,cust_00442,processing,2023-08-26 09:47:54,6047
ord_000188,cust_00161,delivered,2023-07-14 05:19:02,1399
ord_000189,cust_00256,delivered,2023-02-21 15:38:26,3657
ord_000190,cust_00460,canceled,2024-03-27 03:01:18,13237
ord_000191,cust_00436,processing,2023-03-22 16:18:32,1198
ord_000192,cust_00227,processing,2023-11-12 06:35:36,3558
ord_000193,cust_00286,delivered,2024-06-27 01:31:54,3542
ord_000194,cust_00106,delivered,2023-04-25 13:57:59,539
ord_000195,cust_00125,canceled,2024-04-09 21:54:01,5436
ord_000196,cust_00437,delivered,2023-05-02 05:29:10,2727
ord_000197,cust_00200,delivered,2024-02-23 15:35:11,6086
ord_000198,cust_00183,processing,2024-03-31 11:08:49,12237
ord_000199,cust_00129,shipped,2023-11-13 13:31:58,15737
ord_000200,cust_00379,delivered,2024-04-11 11:12:44,6192
ord_000201,cust_00355,delivered,2023-01-25 09:16:28,2038
ord_000202,cust_00250,shipped,2024-04-26 18:54:33,404
ord_000203,cust_00334,canceled,2023-12-22 06:52:20,10999
ord_000204,cust_00239,delivered,2024-02-11 21:07:03,2812
ord_000205,cust_00371,processing,2023-04-03 02:30:04,3947
ord_000206,cust_00172,delivered,2024-01-26 16:35:29,1438
ord_000207,cust_00179,processing,2023-10-31 03:32:43,19473
ord_000208,cust_00342,processing,2024-05-04 02:58:47,4697
ord_000209,cust_00227,processing,2023-07-14 04:28:39,1199
ord_000210,cust_00025,delivered,2024-01-26 04:32:51,2878
ord_000211,cust_00332,delivered,2023-05-05 08:33:41,8999
ord_000212,cust_00094,processing,2023-09-20 05:51:11,289385
ord_000213,cust_00345,canceled,2024-03-04 13:10:31,6286
ord_000214,cust_00460,processing,2023-05-19 17:35:32,3324
ord_000215,cust_00329,delivered,2024-02-20 17:22:58,1078
ord_000216,cust_00047,shipped,2024-01-25 17:58:20,3077
ord_000217,cust_00047,processing,2023-04-21 23:43:17,4599
ord_000218,cust_00140,processing,2023-12-02 05:58:34,8999
ord_000219,cust_00356,delivered,2023-03-07 10:32:30,1599
ord_000220,cust_00023,delivered,2023-05-06 22:38:15,1199
ord_000221,cust_00079,delivered,2024-05-17 18:59:58,8998
ord_000222,cust_00378,delivered,2023-08-02 08:38:16,1519
ord_000223,cust_00059,delivered,2024-04-17 13:01:22,8999
ord_000224,cust_00096,delivered,2024-05-05 12:52:01,2437
ord_000225,cust_00269,processing,2023-02-06 16:08:47,3267
ord_000226,cust_00423,delivered,2023-11-21 03:38:50,42749
ord_000227,cust_00163,delivered,2023-02-10 11:59:06,9636
ord_000228,cust_00406,canceled,2023-10-16 05:22:23,799
ord_000229,cust_00411,processing,2023-07-04 13:24:46,1998
ord_000230,cust_00032,delivered,2024-06-26 14:29:40,899
ord_000231,cust_00121,delivered,2024-01-22 19:52:18,51126
ord_000232,cust_00366,delivered,2024-03-19 01:22:53,8697
ord_000233,cust_00161,shipped,2024-02-17 00:02:36,799
ord_000234,cust_00109,delivered,2023-08-12 13:35:29,73497
ord_000235,cust_00332,delivered,2023-06-27 12:01:08,427
ord_000236,cust_00008,delivered,2024-04-02 14:59:50,4676
ord_000237,cust_00158,delivered,2024-05-26 12:12:36,5998
ord_000238,cust_00033,delivered,2023-08-05 08:30:11,2099
ord_000239,cust_00003,delivered,2024-06-17 08:36:00,7862
ord_000240,cust_00304,delivered,2023-12-16 17:49:27,56998
ord_000241,cust_00119,shipped,2023-11-01 12:21:11,1039
ord_000242,cust_00474,canceled,2023-01-14 08:18:56,1799
ord_000243,cust_00438,processing,2024-06-24 01:47:26,29217
ord_000244,cust_00477,delivered,2023-09-03 01:06:31,349
ord_000245,cust_00110,shipped,2023-10-09 06:12:18,11860
ord_000246,cust_00129,shipped,2023-08-16 17:55:20,8211
ord_000247,cust_00405,delivered,2024-04-30 21:23:32,9437
ord_000248,cust_00138,delivered,2024-02-17 15:09:34,16099
ord_000249,cust_00009,delivered,2023-03-19 04:06:26,3597
ord_000250,cust_00297,delivered,2023-08-03 22:01:29,6436
ord_000251,cust_00495,delivered,2023-03-08 12:04:49,20299
ord_000252,cust_00341,canceled,2023-05-20 12:40:00,19996
ord_000253,cust_00221,delivered,2023-11-16 00:55:39,13272
ord_000254,cust_00241,delivered,2023-06-02 21:13:57,6410
ord_000255,cust_00457,processing,2023-01-04 04:17:06,2624
ord_000256,cust_00219,processing,2024-04-24 14:00:14,4123
ord_000257,cust_00113,delivered,2023-07-30 04:45:20,1912
ord_000258,cust_00433,shipped,2024-06-26 03:22:42,9974
ord_000259,cust_00153,delivered,2023-10-13 11:34:12,6056
ord_000260,cust_00448,delivered,2023-06-16 22:40:11,1439
ord_000261,cust_00261,delivered,2024-06-26 21:14:38,3198
ord_000262,cust_00315,delivered,2023-03-26 11:49:12,8897
ord_000263,cust_00018,delivered,2023-01-30 02:16:04,9748
ord_000264,cust_00142,processing,2023-05-20 00:39:08,3399
ord_000265,cust_00434,delivered,2023-12-14 04:57:38,979
ord_000266,cust_00287,shipped,2023-10-29 12:35:13,5949
ord_000267,cust_00106,delivered,2023-11-23 21:05:33,13599
ord_000268,cust_00338,delivered,2023-02-20 00:59:17,1338
ord_000269,cust_00046,delivered,2023-10-24 01:00:36,22398
ord_000270,cust_00342,delivered,2023-06-12 11:32:57,5598
ord_000271,cust_00203,delivered,2023-12-10 20:52:14,13599
ord_000272,cust_00209,delivered,2024-01-25 22:51:15,3597
ord_000273,cust_00033,delivered,2023-08-12 08:06:35,1691
ord_000274,cust_00413,processing,2024-06-26 17:33:57,2749
ord_000275,cust_00082,delivered,2023-10-10 11:29:04,759
ord_000276,cust_00171,delivered,2023-11-04 09:33:28,7698
ord_000277,cust_00152,processing,2024-05-24 17:08:46,16973
ord_000278,cust_00340,delivered,2024-04-19 20:37:19,22987
ord_000279,cust_00111,delivered,2023-12-21 17:50:38,1158
ord_000280,cust_00486,processing,2023-07-20 09:27:34,31898
ord_000281,cust_00459,canceled,2023-11-16 11:24:13,5524
ord_000282,cust_00103,delivered,2023-01-04 09:07:43,1189
ord_000283,cust_00186,processing,2023-04-15 22:18:24,17099
ord_000284,cust_00473,delivered,2023-01-27 09:24:54,9262
ord_000285,cust_00144,delivered,2023-02-16 23:53:43,6299
ord_000286,cust_00194,delivered,2023-02-12 16:57:52,2399
ord_000287,cust_00443,delivered,2024-05-20 08:12:12,1188
ord_000288,cust_00222,shipped,2023-05-11 14:06:23,1499
ord_000289,cust_00329,shipped,2023-10-29 08:18:07,5174
ord_000290,cust_00472,processing,2024-02-19 11:27:16,3374
ord_000291,cust_00345,delivered,2023-09-08 15:17:57,6347
ord_000292,cust_00152,delivered,2023-11-08 19:35:38,1438
ord_000293,cust_00092,processing,2024-05-06 14:21:58,799
ord_000294,cust_00306,shipped,2023-06-08 17:41:54,1438
ord_000295,cust_00322,delivered,2024-06-05 05:33:55,1799
ord_000296,cust_00153,shipped,2023-12-03 01:28:13,1573
ord_000297,cust_00245,canceled,2023-05-04 07:15:35,3816
ord_000298,cust_00416,delivered,2023-08-15 14:13:54,14897
ord_000299,cust_00397,delivered,2024-01-26 21:27:00,989
ord_000300,cust_00164,canceled,2024-01-28 09:35:45,4782
ord_000301,cust_00140,delivered,2024-01-07 15:18:16,10999
ord_000302,cust_00002,delivered,2023-05-15 06:52:28,35249
ord_000303,cust_00032,delivered,2023-10-19 10:49:12,2249
ord_000304,cust_00089,delivered,2023-02-18 06:48:46,5326
ord_000305,cust_00016,processing,2023-12-27 12:41:37,479
ord_000306,cust_00039,delivered,2023-08-12 08:41:39,9323
ord_000307,cust_00075,delivered,2023-08-19 02:07:03,6199
ord_000308,cust_00204,processing,2024-01-03 11:44:02,6747
ord_000309,cust_00001,canceled,2023-08-16 15:24:04,25322
ord_000310,cust_00395,delivered,2024-02-17 08:42:55,31797
ord_000311,cust_00276,delivered,2023-02-01 12:04:29,3187
ord_000312,cust_00157,shipped,2023-09-14 23:10:57,2492
ord_000313,cust_00413,delivered,2023-03-08 06:47:15,1019
ord_000314,cust_00446,canceled,2023-03-04 06:50:24,1438
ord_000315,cust_00090,delivered,2024-01-02 02:42:58,6778
ord_000316,cust_00452,processing,2024-04-27 07:37:12,2038
ord_000317,cust_00381,delivered,2023-07-26 21:49:40,2249
ord_000318,cust_00229,delivered,2023-11-27 15:22:45,2768
ord_000319,cust_00343,delivered,2024-02-07 23:47:19,42097
ord_000320,cust_00040,canceled,2024-05-30 11:54:31,2658
ord_000321,cust_00346,canceled,2023-07-21 00:42:34,22499
ord_000322,cust_00089,delivered,2023-06-30 11:16:25,25097
ord_000323,cust_00017,delivered,2024-02-23 10:09:58,10449
ord_000324,cust_00357,delivered,2024-02-08 00:43:15,10197
ord_000325,cust_00026,canceled,2023-11-09 09:23:25,3806
ord_000326,cust_00494,canceled,2023-01-31 22:13:25,1019
ord_000327,cust_00362,delivered,2023-12-16 17:39:52,65372
ord_000328,cust_00292,delivered,2023-11-01 14:07:37,1039
ord_000329,cust_00276,shipped,2022-12-31 21:59:46,1019
ord_000330,cust_00336,canceled,2023-05-15 02:55:16,999
ord_000331,cust_00021,delivered,2023-07-01 07:33:03,719
ord_000332,cust_00361,delivered,2023-02-26 22:38:17,14037
ord_000333,cust_00379,delivered,2023-02-11 04:16:56,1799
ord_000334,cust_00237,processing,2023-06-15 14:35:54,7137
ord_000335,cust_00218,shipped,2023-12-04 07:20:11,1519
ord_000336,cust_00428,shipped,2023-07-27 06:11:47,1898
ord_000337,cust_00369,canceled,2024-05-12 12:35:58,3317
ord_000338,cust_00041,processing,2023-08-23 12:03:41,1119
ord_000339,cust_00017,delivered,2024-05-05 22:49:25,14498
ord_000340,cust_00213,processing,2023-02-12 00:19:54,8398
ord_000341,cust_00441,processing,2023-08-31 16:48:51,2238
ord_000342,cust_00428,delivered,2024-01-09 20:19:02,4316
ord_000343,cust_00099,canceled,2023-01-06 09:19:17,2398
ord_000344,cust_00141,processing,2023-09-21 12:12:30,38795
ord_000345,cust_00062,shipped,2023-12-19 05:30:56,5103
ord_000346,cust_00262,delivered,2024-03-09 22:20:52,4813
ord_000347,cust_00444,delivered,2023-10-03 04:18:05,5396
ord_000348,cust_00246,shipped,2024-02-13 01:46:17,1703
ord_000349,cust_00429,delivered,2023-03-09 07:41:50,1019
ord_000350,cust_00273,delivered,2024-05-21 01:26:54,5174
ord_000351,cust_00143,delivered,2024-05-20 19:40:28,142798
ord_000352,cust_00097,delivered,2023-10-13 21:40:29,2398
ord_000353,cust_00004,delivered,2023-07-14 07:56:48,12248
ord_000354,cust_00169,processing,2024-05-19 19:15:40,3798
ord_000355,cust_00225,delivered,2023-08-27 19:51:20,4785
ord_000356,cust_00075,delivered,2023-12-23 22:20:25,13797
ord_000357,cust_00100,delivered,2023-12-29 16:23:41,1424
ord_000358,cust_00045,delivered,2023-03-19 18:09:31,3407
ord_000359,cust_00325,delivered,2024-02-02 13:04:19,4316
ord_000360,cust_00157,delivered,2024-03-06 04:38:21,13197
ord_000361,cust_00415,canceled,2024-06-03 18:24:13,76074
ord_000362,cust_00175,delivered,2024-02-05 13:02:56,1297
ord_000363,cust_00493,canceled,2023-07-28 07:18:24,5524
ord_000364,cust_00449,delivered,2023-10-23 13:22:21,4711
ord_000365,cust_00219,delivered,2023-03-25 04:59:11,1499
ord_000366,cust_00485,delivered,2023-06-22 15:06:51,2374
ord_000367,cust_00263,canceled,2024-02-04 21:48:33,6998
ord_000368,cust_00141,delivered,2023-07-26 05:09:28,854
ord_000369,cust_00304,delivered,2023-12-11 06:04:52,10874
ord_000370,cust_00264,shipped,2024-03-27 12:17:22,1368
ord_000371,cust_00284,delivered,2023-10-18 02:44:44,3426
ord_000372,cust_00332,delivered,2023-09-22 09:01:08,4037
ord_000373,cust_00035,delivered,2024-03-01 22:42:28,10068
ord_000374,cust_00352,delivered,2023-09-20 10:43:09,21823
ord_000375,cust_00397,canceled,2023-07-11 14:48:49,4037
ord_000376,cust_00193,delivered,2023-04-08 10:19:40,16927
ord_000377,cust_00348,canceled,2023-05-13 10:07:40,3599
ord_000378,cust_00126,delivered,2024-04-02 17:33:39,2749
ord_000379,cust_00410,canceled,2023-04-26 00:42:49,16199
ord_000380,cust_00491,delivered,2023-02-11 23:29:16,11047
ord_000381,cust_00289,delivered,2023-08-30 04:24:18,38222
ord_000382,cust_00465,delivered,2023-07-17 19:22:51,758
ord_000383,cust_00339,processing,2023-06-22 22:04:23,4551
ord_000384,cust_00046,delivered,2024-06-27 12:57:44,4436
ord_000385,cust_00368,delivered,2024-01-04 20:48:54,22799
ord_000386,cust_00122,delivered,2024-01-15 02:41:42,1258
ord_000387,cust_00304,delivered,2023-09-28 23:04:46,2658
ord_000388,cust_00430,canceled,2023-01-31 02:30:35,8746
ord_000389,cust_00390,canceled,2024-03-13 08:12:59,3199
ord_000390,cust_00172,processing,2023-09-04 13:28:54,2999
ord_000391,cust_00307,delivered,2023-04-02 07:10:57,4812
ord_000392,cust_00132,delivered,2024-06-09 08:45:01,12398
ord_000393,cust_00442,processing,2023-05-14 09:14:44,10547
ord_000394,cust_00446,delivered,2023-04-17 05:58:48,2812
ord_000395,cust_00495,delivered,2023-09-20 21:49:35,2132
ord_000396,cust_00154,canceled,2023-05-27 09:20:18,699
ord_000397,cust_00493,delivered,2023-09-15 17:56:09,9349
ord_000398,cust_00471,delivered,2024-06-10 06:41:17,2099
ord_000399,cust_00487,delivered,2024-01-06 10:12:34,2263
ord_000400,cust_00260,delivered,2024-02-19 08:30:37,509
ord_000401,cust_00400,canceled,2023-09-10 10:03:43,27323
ord_000402,cust_00039,delivered,2023-04-27 23:03:38,374
ord_000403,cust_00372,shipped,2024-01-26 16:37:08,37672
ord_000404,cust_00380,shipped,2023-10-29 04:36:01,934
ord_000405,cust_00046,canceled,2023-01-25 18:19:59,16998
ord_000406,cust_00301,canceled,2023-12-20 11:33:45,1598
ord_000407,cust_00429,delivered,2024-03-28 17:23:39,3211
ord_000408,cust_00256,processing,2024-01-23 10:56:11,17484
ord_000409,cust_00153,delivered,2024-01-30 22:45:19,5843
ord_000410,cust_00343,shipped,2023-01-30 02:10:14,6499
ord_000411,cust_00314,delivered,2023-05-04 19:07:33,1044
ord_000412,cust_00331,processing,2023-11-29 05:11:23,2518
ord_000413,cust_00228,delivered,2023-12-15 11:08:36,20232
ord_000414,cust_00142,delivered,2024-06-22 02:47:39,6814
ord_000415,cust_00284,processing,2023-01-13 20:34:37,23998
ord_000416,cust_00113,processing,2023-10-01 09:03:46,2533
ord_000417,cust_00442,delivered,2023-12-26 11:17:47,3598
ord_000418,cust_00273,delivered,2023-05-05 07:46:23,4076
ord_000419,cust_00288,delivered,2023-04-09 11:36:14,799
ord_000420,cust_00493,delivered,2023-09-02 20:24:01,3199
ord_000421,cust_00372,canceled,2023-07-14 18:46:33,6398
ord_000422,cust_00041,processing,2024-05-06 04:02:09,639
ord_000423,cust_00091,shipped,2023-01-30 07:45:55,4598
ord_000424,cust_00375,processing,2023-03-03 03:14:27,5774
ord_000425,cust_00405,shipped,2024-02-10 13:34:00,20726
ord_000426,cust_00176,shipped,2024-05-12 01:58:34,899
ord_000427,cust_00007,delivered,2023-11-03 00:03:00,19607
ord_000428,cust_00340,delivered,2024-05-10 15:54:28,2318
ord_000429,cust_00181,shipped,2024-04-09 03:22:32,71399
ord_000430,cust_00053,processing,2023-08-19 02:26:14,3328
ord_000431,cust_00150,delivered,2023-04-25 09:10:31,799
ord_000432,cust_00488,shipped,2024-05-04 09:48:45,11898
ord_000433,cust_00118,shipped,2023-05-22 10:34:21,899
ord_000434,cust_00019,delivered,2023-02-11 10:32:10,4576
ord_000435,cust_00467,processing,2023-11-24 20:25:47,38699
ord_000436,cust_00227,delivered,2023-09-26 23:34:20,3935
ord_000437,cust_00459,delivered,2024-06-29 01:27:06,2399
ord_000438,cust_00415,shipped,2024-01-04 20:21:31,17530
ord_000439,cust_00487,delivered,2023-05-09 06:59:02,3824
ord_000440,cust_00029,shipped,2023-04-25 00:18:29,6123
ord_000441,cust_00104,canceled,2023-12-19 22:01:51,6230
ord_000442,cust_00403,delivered,2023-06-18 23:20:59,2317
ord_000443,cust_00486,shipped,2024-05-25 09:06:47,13796
ord_000444,cust_00426,delivered,2023-10-28 17:17:51,6199
ord_000445,cust_00094,delivered,2024-02-10 18:04:13,1439
ord_000446,cust_00216,delivered,2023-06-23 12:01:01,23128
ord_000447,cust_00213,delivered,2023-08-02 14:32:31,1048
ord_000448,cust_00157,delivered,2024-01-19 03:47:45,1874
ord_000449,cust_00239,processing,2023-09-24 18:00:46,3011
ord_000450,cust_00478,processing,2023-01-10 00:53:51,3799
ord_000451,cust_00008,delivered,2024-04-17 22:48:55,3628
ord_000452,cust_00417,processing,2024-02-07 09:48:58,1687
ord_000453,cust_00053,shipped,2023-12-11 18:15:06,1678
ord_000454,cust_00296,delivered,2023-05-04 18:20:18,863
ord_000455,cust_00457,delivered,2024-01-31 06:24:19,13205
ord_000456,cust_00400,delivered,2023-08-31 16:22:50,15436
ord_000457,cust_00087,delivered,2024-06-28 07:39:03,1709
ord_000458,cust_00196,delivered,2024-02-24 11:54:44,13599
ord_000459,cust_00135,delivered,2023-05-29 02:36:17,10397
ord_000460,cust_00297,delivered,2023-08-14 01:28:39,5118
ord_000461,cust_00398,delivered,2023-02-14 00:02:03,44348
ord_000462,cust_00215,shipped,2024-03-07 09:22:24,978
ord_000463,cust_00374,processing,2023-09-03 18:59:38,2398
ord_000464,cust_00461,canceled,2024-06-25 14:26:24,6798
ord_000465,cust_00337,delivered,2023-02-08 04:01:01,11048
ord_000466,cust_00023,shipped,2024-06-23 05:03:26,899
ord_000467,cust_00014,processing,2023-09-05 00:28:32,20179
ord_000468,cust_00080,delivered,2023-08-16 11:44:48,18998
ord_000469,cust_00079,delivered,2023-07-01 09:13:52,2699
ord_000470,cust_00467,delivered,2024-05-04 07:32:25,3238
ord_000471,cust_00348,canceled,2024-04-02 03:57:38,1189
ord_000472,cust_00476,canceled,2023-01-05 18:45:51,33999
ord_000473,cust_00265,delivered,2024-04-03 10:16:28,3437
ord_000474,cust_00172,processing,2024-02-07 11:18:48,3198
ord_000475,cust_00251,delivered,2024-01-23 01:07:10,11708
ord_000476,cust_00405,canceled,2023-10-14 20:39:32,19496
ord_000477,cust_00445,delivered,2023-10-11 04:16:52,2099
ord_000478,cust_00460,processing,2023-11-03 01:24:15,13335
ord_000479,cust_00268,canceled,2023-05-21 14:41:20,2488
ord_000480,cust_00173,processing,2023-08-13 19:30:04,16743
ord_000481,cust_00458,delivered,2023-10-10 13:56:51,1924
ord_000482,cust_00266,delivered,2023-01-14 05:00:02,2124
ord_000483,cust_00220,processing,2023-02-12 03:17:31,4599
ord_000484,cust_00220,delivered,2023-06-10 18:31:32,7799
ord_000485,cust_00300,delivered,2024-06-21 02:06:03,30611
ord_000486,cust_00459,delivered,2023-05-10 11:59:10,3418
ord_000487,cust_00463,shipped,2023-01-18 19:20:02,2772
ord_000488,cust_00459,processing,2024-01-04 06:12:52,40171
ord_000489,cust_00364,delivered,2023-05-02 20:04:34,699
ord_000490,cust_00150,delivered,2024-03-24 04:05:53,10980
ord_000491,cust_00443,processing,2024-05-01 01:01:12,44998
ord_000492,cust_00413,shipped,2023-08-30 08:48:22,1328
ord_000493,cust_00138,canceled,2024-04-05 20:50:58,22148
ord_000494,cust_00271,delivered,2023-08-22 14:57:58,20652
ord_000495,cust_00221,canceled,2023-07-09 09:22:10,4037
ord_000496,cust_00180,canceled,2023-02-23 20:55:11,5023
ord_000497,cust_00387,delivered,2023-07-20 01:21:46,1457
ord_000498,cust_00338,canceled,2023-09-21 23:50:15,12628
ord_000499,cust_00003,delivered,2024-04-28 13:31:18,13277
ord_000500,cust_00080,delivered,2023-11-29 20:26:18,2024
ord_000501,cust_00085,processing,2023-02-09 03:21:37,1399
ord_000502,cust_00353,delivered,2023-08-06 01:16:00,10157
ord_000503,cust_00111,delivered,2023-03-08 05:00:50,5328
ord_000504,cust_00362,delivered,2023-02-18 18:13:47,38647
ord_000505,cust_00249,delivered,2023-10-20 12:45:32,1199
ord_000506,cust_00163,delivered,2023-11-20 11:45:01,6665
ord_000507,cust_00381,shipped,2023-09-22 23:07:04,1039
ord_000508,cust_00001,shipped,2024-03-14 15:46:14,1399
ord_000509,cust_00009,processing,2023-03-16 14:27:57,2999
ord_000510,cust_00050,shipped,2024-02-12 02:42:28,1199
ord_000511,cust_00482,delivered,2024-03-25 03:00:20,12298
ord_000512,cust_00444,delivered,2023-07-24 06:55:28,5911
ord_000513,cust_00487,processing,2024-05-27 17:42:03,18048
ord_000514,cust_00325,delivered,2023-07-16 21:49:08,18533
ord_000515,cust_00471,delivered,2023-04-13 21:22:24,12687
ord_000516,cust_00092,canceled,2024-06-11 17:42:49,5777
ord_000517,cust_00077,delivered,2023-03-02 15:15:04,6948
ord_000518,cust_00204,canceled,2023-07-22 00:06:57,2474
ord_000519,cust_00442,shipped,2024-06-04 01:37:42,2024
ord_000520,cust_00291,delivered,2023-02-23 14:53:58,2527
ord_000521,cust_00027,delivered,2023-09-22 21:47:59,14123
ord_000522,cust_00133,processing,2023-10-04 13:22:01,2333
ord_000523,cust_00286,delivered,2023-07-31 16:13:33,16876
ord_000524,cust_00410,shipped,2024-05-09 02:21:19,21999
ord_000525,cust_00011,shipped,2024-01-11 13:44:06,22916
ord_000526,cust_00092,delivered,2023-10-04 19:38:30,1049
ord_000527,cust_00071,delivered,2023-03-12 12:25:47,16436
ord_000528,cust_00462,delivered,2023-11-08 23:27:35,237
ord_000529,cust_00447,delivered,2024-02-26 08:22:02,5118
ord_000530,cust_00430,delivered,2023-07-09 02:18:02,21197
ord_000531,cust_00432,delivered,2023-04-24 10:53:23,4317
ord_000532,cust_00454,delivered,2023-01-16 09:22:49,999
ord_000533,cust_00390,delivered,2023-06-26 04:12:57,6664
ord_000534,cust_00034,delivered,2023-10-25 06:06:17,29887
ord_000535,cust_00137,delivered,2023-06-05 03:25:37,72198
ord_000536,cust_00036,shipped,2024-04-29 20:55:51,719
ord_000537,cust_00411,processing,2023-12-28 13:11:13,15115
ord_000538,cust_00193,shipped,2023-03-20 04:28:39,1199
ord_000539,cust_00057,delivered,2023-03-21 00:44:58,9676
ord_000540,cust_00082,processing,2023-11-14 05:23:35,2749
ord_000541,cust_00013,canceled,2023-02-24 01:16:20,1399
ord_000542,cust_00131,delivered,2023-05-06 22:16:40,11999
ord_000543,cust_00096,delivered,2023-06-17 13:14:52,11213
ord_000544,cust_00324,delivered,2023-07-05 12:34:07,809
ord_000545,cust_00384,shipped,2023-02-22 23:19:01,699
ord_000546,cust_00184,delivered,2023-08-05 12:15:29,8932
ord_000547,cust_00203,processing,2024-05-13 12:56:22,1399
ord_000548,cust_00024,delivered,2024-05-09 03:00:51,4882
ord_000549,cust_00415,delivered,2023-06-27 07:52:28,594
ord_000550,cust_00416,delivered,2023-06-23 11:45:11,699
ord_000551,cust_00302,delivered,2024-04-17 22:22:44,4248
ord_000552,cust_00389,delivered,2024-06-16 14:13:56,3951
ord_000553,cust_00470,processing,2023-05-29 15:58:18,849
ord_000554,cust_00470,delivered,2024-01-21 19:26:50,4196
ord_000555,cust_00384,canceled,2024-04-08 20:25:48,7998
ord_000556,cust_00126,delivered,2023-08-26 19:43:33,1358
ord_000557,cust_00305,canceled,2023-10-29 12:07:52,1439
ord_000558,cust_00181,delivered,2023-07-07 04:36:58,3449
ord_000559,cust_00089,shipped,2023-02-04 03:06:04,7639
ord_000560,cust_00387,canceled,2023-06-21 15:11:13,31744
ord_000561,cust_00244,delivered,2023-11-08 16:51:20,2858
ord_000562,cust_00322,shipped,2023-04-03 20:23:15,2624
ord_000563,cust_00002,delivered,2023-04-24 15:45:07,594
ord_000564,cust_00449,shipped,2023-12-02 16:52:34,12349
ord_000565,cust_00436,canceled,2024-02-13 06:26:22,2877
ord_000566,cust_00021,delivered,2024-05-22 14:56:41,6282
ord_000567,cust_00375,shipped,2023-08-22 05:19:16,20697
ord_000568,cust_00250,shipped,2023-10-15 22:54:08,1399
ord_000569,cust_00095,delivered,2023-03-31 21:42:18,3523
ord_000570,cust_00289,processing,2023-04-06 08:17:48,13599
ord_000571,cust_00331,delivered,2023-09-05 00:16:14,3486
ord_000572,cust_00468,delivered,2023-12-02 07:07:16,3811
ord_000573,cust_00242,delivered,2023-12-29 21:35:58,2398
ord_000574,cust_00279,canceled,2023-09-02 06:59:31,10499
ord_000575,cust_00360,shipped,2023-04-19 20:13:24,10947
ord_000576,cust_00447,delivered,2023-10-10 22:11:49,12022
ord_000577,cust_00075,delivered,2024-05-02 00:31:37,539
ord_000578,cust_00459,delivered,2024-04-06 05:11:00,40706
ord_000579,cust_00106,canceled,2023-11-11 02:45:24,5248
ord_000580,cust_00241,processing,2024-04-15 14:40:48,979
ord_000581,cust_00034,delivered,2024-04-17 13:41:36,254
ord_000582,cust_00306,shipped,2023-08-05 00:03:01,8685
ord_000583,cust_00202,delivered,2023-06-14 04:39:08,4898
ord_000584,cust_00123,delivered,2024-05-27 21:53:14,3198
ord_000585,cust_00195,delivered,2023-06-29 17:30:45,19549
ord_000586,cust_00476,canceled,2023-02-08 08:07:54,1233
ord_000587,cust_00134,delivered,2023-08-22 06:17:22,6356
ord_000588,cust_00369,shipped,2024-01-09 00:36:54,42472
ord_000589,cust_00070,delivered,2024-06-05 08:08:05,4206
ord_000590,cust_00131,delivered,2023-06-26 15:30:16,15798
ord_000591,cust_00450,shipped,2023-10-21 18:53:15,719
ord_000592,cust_00342,delivered,2023-07-09 16:40:15,4499
ord_000593,cust_00039,delivered,2023-01-03 02:27:09,10798
ord_000594,cust_00261,delivered,2023-01-06 03:10:32,5972
ord_000595,cust_00280,canceled,2024-02-01 06:14:18,85998
ord_000596,cust_00213,processing,2023-03-12 13:23:15,12598
ord_000597,cust_00049,canceled,2023-02-03 10:04:45,49996
ord_000598,cust_00345,delivered,2023-10-24 22:50:57,2249
ord_000599,cust_00439,delivered,2023-12-28 09:48:48,4777
ord_000600,cust_00415,delivered,2023-11-11 10:07:33,5998
ord_000601,cust_00232,delivered,2023-05-23 05:12:15,599
ord_000602,cust_00343,delivered,2024-06-05 05:39:10,7124
ord_000603,cust_00102,delivered,2024-06-10 04:06:21,3999
ord_000604,cust_00011,delivered,2023-08-05 03:18:14,1189
ord_000605,cust_00230,delivered,2023-01-30 14:31:26,4923
ord_000606,cust_00007,delivered,2023-02-09 20:55:50,2698
ord_000607,cust_00201,delivered,2023-12-26 03:18:05,28947
ord_000608,cust_00373,shipped,2023-01-11 00:46:22,4677
ord_000609,cust_00024,canceled,2024-02-16 15:15:24,13660
ord_000610,cust_00463,canceled,2023-09-02 18:11:01,3238
ord_000611,cust_00386,delivered,2023-10-06 13:31:39,9716
ord_000612,cust_00105,delivered,2024-03-08 19:10:05,26999
ord_000613,cust_00314,delivered,2023-07-12 01:37:25,24376
ord_000614,cust_00449,delivered,2024-06-27 09:14:16,20998
ord_000615,cust_00101,delivered,2023-03-02 14:02:04,1349
ord_000616,cust_00124,delivered,2023-01-12 15:19:33,6573
ord_000617,cust_00196,processing,2024-05-28 12:39:28,7547
ord_000618,cust_00321,processing,2023-08-12 13:04:41,1259
ord_000619,cust_00077,delivered,2024-06-09 01:33:08,15796
ord_000620,cust_00476,delivered,2024-05-18 02:14:01,854
ord_000621,cust_00373,canceled,2023-03-08 16:42:29,2799
ord_000622,cust_00231,delivered,2023-10-03 10:18:13,799
ord_000623,cust_00445,processing,2023-10-19 20:17:21,2924
ord_000624,cust_00364,processing,2023-03-06 09:44:46,16947
ord_000625,cust_00500,canceled,2023-02-25 05:26:16,45597
ord_000626,cust_00204,processing,2024-01-30 17:36:20,8875
ord_000627,cust_00444,canceled,2023-01-21 05:13:32,3917
ord_000628,cust_00191,delivered,2023-11-12 10:31:29,1799
ord_000629,cust_00050,delivered,2023-09-03 18:22:31,4642
ord_000630,cust_00443,canceled,2024-05-21 19:45:34,2798
ord_000631,cust_00199,canceled,2023-09-19 13:22:12,40799
ord_000632,cust_00170,processing,2024-03-14 18:37:49,5516
ord_000633,cust_00417,canceled,2023-07-01 23:41:03,6527
ord_000634,cust_00149,shipped,2023-05-29 07:59:50,3148
ord_000635,cust_00376,shipped,2024-01-11 08:05:49,4274
ord_000636,cust_00010,delivered,2023-09-26 15:21:54,1998
ord_000637,cust_00263,delivered,2023-11-24 11:46:41,2798
ord_000638,cust_00346,delivered,2023-09-13 02:01:20,1999
ord_000639,cust_00108,delivered,2023-11-13 03:02:20,1338
ord_000640,cust_00289,processing,2023-06-14 01:42:04,17382
ord_000641,cust_00389,shipped,2023-07-05 00:52:41,8249
ord_000642,cust_00051,canceled,2023-10-01 22:14:09,698
ord_000643,cust_00482,delivered,2023-11-16 01:26:55,11049
ord_000644,cust_00072,processing,2023-06-03 09:21:31,24996
ord_000645,cust_00054,delivered,2023-10-09 09:44:52,17196
ord_000646,cust_00466,processing,2023-05-26 15:58:06,12798
ord_000647,cust_00154,shipped,2023-06-18 12:36:09,9378
ord_000648,cust_00039,delivered,2023-05-29 11:52:50,5297
ord_000649,cust_00284,canceled,2023-12-03 17:52:40,1169
ord_000650,cust_00440,delivered,2024-05-15 21:29:07,599
ord_000651,cust_00382,shipped,2023-07-31 12:41:07,1438
ord_000652,cust_00287,delivered,2023-08-07 13:25:51,8249
ord_000653,cust_00377,delivered,2023-05-13 02:26:15,1749
ord_000654,cust_00418,canceled,2023-01-29 04:59:01,2668
ord_000655,cust_00381,shipped,2023-09-07 03:12:43,44798
ord_000656,cust_00049,delivered,2023-07-06 06:56:04,5212
ord_000657,cust_00263,delivered,2024-05-27 07:45:41,63897
ord_000658,cust_00036,delivered,2023-02-01 03:45:07,15972
ord_000659,cust_00074,processing,2024-05-11 21:58:43,2249
ord_000660,cust_00467,delivered,2023-07-04 07:38:48,5174
ord_000661,cust_00228,delivered,2023-07-26 14:29:49,11121
ord_000662,cust_00422,delivered,2023-02-09 15:30:34,11999
ord_000663,cust_00112,canceled,2023-11-15 16:50:43,2518
ord_000664,cust_00383,delivered,2024-01-10 11:01:02,11899
ord_000665,cust_00239,canceled,2023-11-22 19:19:25,39096
ord_000666,cust_00151,canceled,2023-10-22 12:10:30,719
ord_000667,cust_00175,delivered,2023-04-05 10:25:14,3477
ord_000668,cust_00266,shipped,2023-02-19 22:41:42,4028
ord_000669,cust_00383,delivered,2023-05-03 04:14:01,1499
ord_000670,cust_00483,canceled,2023-07-25 16:25:02,2099
ord_000671,cust_00226,shipped,2023-05-01 01:41:29,19072
ord_000672,cust_00401,delivered,2023-10-15 16:10:09,1614
ord_000673,cust_00444,canceled,2023-06-15 06:22:38,4398
ord_000674,cust_00076,canceled,2023-12-20 09:42:33,17537
ord_000675,cust_00028,shipped,2024-05-04 15:47:25,21598
ord_000676,cust_00342,delivered,2023-05-03 21:09:49,8597
ord_000677,cust_00062,delivered,2023-01-20 00:29:13,1912
ord_000678,cust_00397,shipped,2023-12-13 02:42:37,23998
ord_000679,cust_00169,canceled,2023-03-11 21:53:56,1019
ord_000680,cust_00399,delivered,2023-06-07 22:40:43,10968
ord_000681,cust_00189,delivered,2023-06-05 19:45:10,9261
ord_000682,cust_00400,delivered,2023-02-14 14:56:33,2998
ord_000683,cust_00402,delivered,2023-08-18 23:58:07,7998
ord_000684,cust_00440,shipped,2024-04-05 20:17:03,4037
ord_000685,cust_00456,delivered,2023-03-27 15:38:00,11373
ord_000686,cust_00291,delivered,2023-04-24 08:39:53,2998
ord_000687,cust_00375,shipped,2023-02-02 15:23:19,3599
ord_000688,cust_00494,shipped,2023-05-10 21:44:22,297
ord_000689,cust_00286,delivered,2024-06-10 04:52:23,2398
ord_000690,cust_00059,processing,2024-02-05 01:13:35,83896
ord_000691,cust_00141,delivered,2023-10-09 04:07:19,2923
ord_000692,cust_00179,delivered,2023-05-30 10:15:15,5598
ord_000693,cust_00217,delivered,2023-01-07 20:04:50,19599
ord_000694,cust_00304,delivered,2023-12-28 15:00:04,12918
ord_000695,cust_00239,canceled,2024-06-06 16:10:30,1399
ord_000696,cust_00347,delivered,2024-04-07 11:42:13,11733
ord_000697,cust_00199,delivered,2024-02-10 11:04:07,2762
ord_000698,cust_00265,delivered,2023-06-18 11:55:34,1018
ord_000699,cust_00482,processing,2023-06-08 03:15:08,1638
ord_000700,cust_00060,delivered,2023-09-15 08:00:50,10972
ord_000701,cust_00305,canceled,2024-02-28 11:30:47,419
ord_000702,cust_00335,processing,2023-04-23 03:51:09,25499
ord_000703,cust_00325,delivered,2023-06-09 18:02:13,1499
ord_000704,cust_00001,processing,2024-03-19 15:39:28,4197
ord_000705,cust_00422,delivered,2023-01-11 06:14:17,4973
ord_000706,cust_00341,shipped,2024-02-15 15:48:36,74157
ord_000707,cust_00420,shipped,2023-01-27 23:41:22,7020
ord_000708,cust_00445,canceled,2024-01-03 14:47:53,3313
ord_000709,cust_00042,delivered,2023-03-03 16:37:34,4223
ord_000710,cust_00278,shipped,2023-08-09 06:26:05,33998
ord_000711,cust_00387,delivered,2024-05-27 15:52:58,719
ord_000712,cust_00223,processing,2023-09-04 11:31:32,2398
ord_000713,cust_00348,processing,2023-02-01 21:14:37,2647
ord_000714,cust_00345,delivered,2023-09-27 19:23:03,13835
ord_000715,cust_00230,canceled,2023-09-14 03:43:36,10260
ord_000716,cust_00495,canceled,2024-03-14 12:58:46,3348
ord_000717,cust_00073,shipped,2023-07-04 23:25:03,1119
ord_000718,cust_00295,delivered,2024-05-09 18:24:42,769
ord_000719,cust_00479,processing,2023-01-05 05:00:53,1049
ord_000720,cust_00262,delivered,2023-11-23 03:22:35,11023
ord_000721,cust_00249,processing,2024-03-17 06:08:28,2699
ord_000722,cust_00045,shipped,2023-05-26 21:50:35,4749
ord_000723,cust_00243,processing,2023-01-19 12:34:26,7972
ord_000724,cust_00154,delivered,2023-07-13 12:02:07,1598
ord_000725,cust_00230,delivered,2024-02-09 05:25:55,799
ord_000726,cust_00166,delivered,2023-04-24 09:05:05,45397
ord_000727,cust_00348,delivered,2023-10-30 04:40:07,26797
ord_000728,cust_00405,shipped,2024-03-13 23:05:37,14077
ord_000729,cust_00261,delivered,2023-08-03 05:26:43,3038
ord_000730,cust_00037,canceled,2024-06-01 00:44:59,1648
ord_000731,cust_00305,canceled,2024-06-04 17:09:14,32298
ord_000732,cust_00466,canceled,2023-11-22 16:16:13,764
ord_000733,cust_00102,delivered,2024-06-25 06:42:51,30885
ord_000734,cust_00261,delivered,2023-10-12 20:42:11,27999
ord_000735,cust_00342,delivered,2023-05-09 03:38:54,399
ord_000736,cust_00044,delivered,2023-04-01 21:02:29,879
ord_000737,cust_00343,delivered,2024-06-20 12:42:45,759
ord_000738,cust_00164,shipped,2023-08-20 00:30:54,7628
ord_000739,cust_00229,delivered,2023-12-12 15:05:07,2318
ord_000740,cust_00295,canceled,2024-02-24 20:46:12,5312
ord_000741,cust_00339,delivered,2023-07-30 01:51:28,21752
ord_000742,cust_00432,shipped,2023-04-27 19:35:06,2558
ord_000743,cust_00188,canceled,2024-01-02 21:26:37,4696
ord_000744,cust_00223,processing,2023-06-24 10:35:58,1968
ord_000745,cust_00229,delivered,2024-01-09 08:33:26,9598
ord_000746,cust_00109,shipped,2024-03-01 13:44:26,1119
ord_000747,cust_00076,delivered,2023-02-12 17:16:29,2877
ord_000748,cust_00071,canceled,2024-02-28 17:35:58,12823
ord_000749,cust_00222,delivered,2024-05-18 17:12:03,879
ord_000750,cust_00317,delivered,2024-02-16 15:15:45,319
ord_000751,cust_00281,delivered,2024-04-24 13:22:20,1912
ord_000752,cust_00306,delivered,2023-11-10 21:21:23,5854
ord_000753,cust_00353,delivered,2023-09-06 17:03:22,2924
ord_000754,cust_00356,delivered,2023-06-03 02:46:37,2124
ord_000755,cust_00353,delivered,2024-05-12 22:16:39,28499
ord_000756,cust_00496,delivered,2023-05-11 12:44:00,19098
ord_000757,cust_00287,delivered,2024-01-12 12:53:28,989
ord_000758,cust_00100,shipped,2023-04-02 22:46:28,1599
ord_000759,cust_00366,delivered,2024-04-05 15:45:25,7837
ord_000760,cust_00359,delivered,2023-05-05 15:54:59,7996
ord_000761,cust_00159,delivered,2024-05-09 05:20:54,2849
ord_000762,cust_00459,processing,2023-09-05 13:10:17,1598
ord_000763,cust_00183,delivered,2023-05-23 22:21:18,4874
ord_000764,cust_00144,delivered,2023-11-16 09:30:17,4274
ord_000765,cust_00469,shipped,2023-06-19 23:55:33,6856
ord_000766,cust_00478,canceled,2023-12-06 08:56:24,839
ord_000767,cust_00479,canceled,2023-01-16 06:57:38,5848
ord_000768,cust_00153,canceled,2023-12-02 12:46:56,2548
ord_000769,cust_00414,processing,2023-04-02 14:55:10,2274
ord_000770,cust_00058,delivered,2023-03-24 00:41:02,1708
ord_000771,cust_00104,canceled,2023-03-22 22:55:54,1043
ord_000772,cust_00046,canceled,2024-06-20 03:53:38,7862
ord_000773,cust_00210,shipped,2023-08-24 14:54:56,17807
ord_000774,cust_00284,shipped,2023-03-07 15:45:56,11049
ord_000775,cust_00110,processing,2024-01-27 15:34:04,152397
ord_000776,cust_00117,delivered,2023-02-11 20:12:54,7178
ord_000777,cust_00389,processing,2023-09-19 08:42:27,4987
ord_000778,cust_00379,delivered,2024-04-23 17:22:57,5437
ord_000779,cust_00027,delivered,2023-09-23 10:51:43,5797
ord_000780,cust_00148,delivered,2024-06-15 11:37:36,1709
ord_000781,cust_00153,delivered,2023-06-30 01:41:38,1697
ord_000782,cust_00010,delivered,2024-06-15 17:22:03,11999
ord_000783,cust_00384,canceled,2023-06-09 04:05:34,23998
ord_000784,cust_00401,delivered,2023-12-13 16:44:18,14398
ord_000785,cust_00180,canceled,2023-01-12 14:47:27,1099
ord_000786,cust_00251,delivered,2023-12-02 05:06:05,27198
ord_000787,cust_00101,delivered,2023-09-30 11:08:51,1708
ord_000788,cust_00421,delivered,2024-01-06 23:08:25,4312
ord_000789,cust_00156,processing,2024-05-24 15:19:44,3154
ord_000790,cust_00369,delivered,2024-02-28 23:04:26,898
ord_000791,cust_00141,shipped,2023-11-29 21:27:33,19096
ord_000792,cust_00280,canceled,2023-09-19 01:18:44,809
ord_000793,cust_00255,canceled,2024-01-13 14:11:46,24126
ord_000794,cust_00361,shipped,2024-04-25 04:20:09,13582
ord_000795,cust_00430,delivered,2023-12-06 05:03:17,849
ord_000796,cust_00205,delivered,2023-04-01 17:13:59,7196
ord_000797,cust_00245,shipped,2023-10-09 19:34:32,679
ord_000798,cust_00103,processing,2023-08-08 00:21:31,449
ord_000799,cust_00076,delivered,2023-04-25 22:01:31,26321
ord_000800,cust_00255,delivered,2024-02-20 00:35:46,34558
ord_000801,cust_00461,processing,2024-02-12 12:47:28,7722
ord_000802,cust_00444,delivered,2023-06-19 04:06:35,15048
ord_000803,cust_00251,processing,2024-06-27 06:07:53,20737
ord_000804,cust_00203,delivered,2023-05-15 12:49:41,15568
ord_000805,cust_00398,processing,2023-12-05 13:52:34,55147
ord_000806,cust_00398,delivered,2023-11-11 14:47:55,16207
ord_000807,cust_00307,delivered,2023-03-12 05:01:15,1049
ord_000808,cust_00202,canceled,2023-09-14 05:17:31,2998
ord_000809,cust_00444,delivered,2023-01-14 19:22:59,3748
ord_000810,cust_00324,canceled,2023-05-05 01:45:51,5226
ord_000811,cust_00120,delivered,2024-01-13 06:40:28,12047
ord_000812,cust_00365,shipped,2023-12-11 01:25:09,4136
ord_000813,cust_00424,processing,2024-01-26 18:43:59,34572
ord_000814,cust_00392,delivered,2024-03-15 17:32:55,24297
ord_000815,cust_00096,processing,2023-03-25 21:35:05,17249
ord_000816,cust_00346,delivered,2023-12-30 15:22:30,698
ord_000817,cust_00189,canceled,2023-02-03 16:59:33,12261
ord_000818,cust_00257,shipped,2023-02-22 13:41:15,23598
ord_000819,cust_00342,processing,2023-11-01 17:55:02,799
ord_000820,cust_00385,delivered,2024-06-22 04:52:15,5524
ord_000821,cust_00081,shipped,2024-05-21 00:47:01,14398
ord_000822,cust_00135,delivered,2023-11-03 15:55:05,1139
ord_000823,cust_00096,processing,2023-01-16 06:19:40,2848
ord_000824,cust_00229,delivered,2023-09-30 05:43:31,1453
ord_000825,cust_00242,shipped,2024-02-04 06:46:28,15397
ord_000826,cust_00070,delivered,2023-02-07 18:51:42,4312
ord_000827,cust_00031,delivered,2023-01-22 13:51:36,7648
ord_000828,cust_00192,delivered,2023-08-14 14:35:09,1957
ord_000829,cust_00485,canceled,2023-02-03 03:16:40,4104
ord_000830,cust_00047,shipped,2023-12-20 10:44:12,374
ord_000831,cust_00155,delivered,2023-04-17 14:00:13,3147
ord_000832,cust_00127,canceled,2023-01-27 21:55:01,4873
ord_000833,cust_00162,processing,2023-11-06 00:16:08,8197
ord_000834,cust_00450,shipped,2024-04-23 11:03:50,15537
ord_000835,cust_00349,delivered,2023-06-24 16:00:04,3013
ord_000836,cust_00337,delivered,2023-12-20 02:56:07,1708
ord_000837,cust_00368,delivered,2023-12-21 09:05:44,25196
ord_000838,cust_00387,delivered,2023-10-20 13:56:17,4598
ord_000839,cust_00356,processing,2023-05-17 13:47:15,1199
ord_000840,cust_00374,processing,2024-04-02 10:35:15,8612
ord_000841,cust_00093,shipped,2024-05-07 09:17:18,21445
ord_000842,cust_00349,delivered,2023-12-18 14:46:25,44546
ord_000843,cust_00146,delivered,2024-06-29 16:03:34,6771
ord_000844,cust_00159,shipped,2023-06-04 00:16:42,3797
ord_000845,cust_00485,delivered,2024-03-10 04:59:13,524
ord_000846,cust_00010,delivered,2023-06-28 14:09:08,1399
ord_000847,cust_00466,shipped,2023-08-15 16:31:58,1399
ord_000848,cust_00315,delivered,2023-06-25 07:05:06,7155
ord_000849,cust_00351,delivered,2023-01-26 21:39:09,2208
ord_000850,cust_00233,delivered,2023-05-16 02:17:21,10172
ord_000851,cust_00302,shipped,2024-02-18 21:23:24,13197
ord_000852,cust_00302,delivered,2023-11-08 17:29:59,539
ord_000853,cust_00417,shipped,2024-02-20 13:47:21,599
ord_000854,cust_00280,delivered,2023-10-10 11:44:07,30035
ord_000855,cust_00185,shipped,2023-04-25 10:56:46,1328
ord_000856,cust_00453,shipped,2023-08-17 11:36:46,1199
ord_000857,cust_00377,shipped,2023-10-09 02:20:41,3597
ord_000858,cust_00411,delivered,2023-04-19 10:01:54,3147
ord_000859,cust_00211,processing,2024-06-14 08:57:39,2999
ord_000860,cust_00073,processing,2024-04-07 12:22:33,10499
ord_000861,cust_00140,canceled,2023-07-01 01:48:32,1444
ord_000862,cust_00294,processing,2023-03-31 00:02:19,17249
ord_000863,cust_00233,delivered,2024-03-01 17:24:05,1139
ord_000864,cust_00404,shipped,2023-10-24 16:28:42,849
ord_000865,cust_00230,processing,2024-04-27 06:22:49,1912
ord_000866,cust_00202,delivered,2023-09-19 13:15:57,7788
ord_000867,cust_00188,processing,2023-02-26 04:02:14,6998
ord_000868,cust_00435,delivered,2023-02-05 13:09:15,664
ord_000869,cust_00129,processing,2023-12-14 10:01:40,29197
ord_000870,cust_00360,canceled,2023-06-01 13:32:36,1978
ord_000871,cust_00112,delivered,2024-05-17 11:52:08,9958
ord_000872,cust_00351,canceled,2024-06-11 01:04:52,749
ord_000873,cust_00135,delivered,2023-04-29 18:57:32,4066
ord_000874,cust_00217,processing,2023-02-27 14:48:37,4397
ord_000875,cust_00358,processing,2024-06-23 08:44:01,3187
ord_000876,cust_00369,delivered,2023-02-04 16:45:40,1119
ord_000877,cust_00189,processing,2024-06-14 22:15:04,26437
ord_000878,cust_00233,delivered,2024-04-07 09:27:25,6999
ord_000879,cust_00171,delivered,2024-03-16 20:40:20,6299
ord_000880,cust_00359,shipped,2023-06-04 10:15:01,4599
ord_000881,cust_00187,canceled,2024-06-20 19:50:30,1168
ord_000882,cust_00468,delivered,2024-02-19 07:25:11,16499
ord_000883,cust_00372,processing,2023-05-15 14:56:17,22098
ord_000884,cust_00290,delivered,2023-04-02 11:15:48,7023
ord_000885,cust_00310,delivered,2024-02-17 03:18:34,16211
ord_000886,cust_00113,canceled,2023-06-05 14:57:05,25585
ord_000887,cust_00448,canceled,2024-04-19 17:17:21,29762
ord_000888,cust_00476,delivered,2023-03-30 05:04:02,479
ord_000889,cust_00492,delivered,2023-09-18 09:46:42,1738
ord_000890,cust_00168,delivered,2023-05-18 00:34:42,2612
ord_000891,cust_00490,canceled,2024-02-13 10:34:01,1398
ord_000892,cust_00086,canceled,2024-04-21 09:03:30,1444
ord_000893,cust_00155,processing,2023-11-23 16:55:45,559
ord_000894,cust_00488,delivered,2023-12-29 06:37:39,2598
ord_000895,cust_00049,delivered,2023-12-26 19:27:01,759
ord_000896,cust_00053,delivered,2023-01-18 22:21:22,6570
ord_000897,cust_00496,delivered,2023-05-10 14:23:03,7124
ord_000898,cust_00163,shipped,2023-04-04 05:57:45,8707
ord_000899,cust_00262,processing,2023-01-20 16:33:03,2558
ord_000900,cust_00286,delivered,2023-11-01 10:34:44,3038
ord_000901,cust_00143,delivered,2024-06-01 06:34:21,4198
ord_000902,cust_00183,delivered,2023-06-06 00:04:30,1139
ord_000903,cust_00155,delivered,2024-02-15 00:44:18,6337
ord_000904,cust_00281,delivered,2024-03-12 16:30:42,489
ord_000905,cust_00270,shipped,2023-11-07 11:31:57,43837
ord_000906,cust_00113,delivered,2024-05-17 12:48:49,679
ord_000907,cust_00498,delivered,2024-02-01 21:59:43,10160
ord_000908,cust_00063,canceled,2023-05-11 04:24:59,31015
ord_000909,cust_00297,canceled,2023-12-17 01:38:36,10236
ord_000910,cust_00274,processing,2023-07-12 03:52:28,41341
ord_000911,cust_00015,shipped,2024-03-09 12:23:56,8249
ord_000912,cust_00001,delivered,2023-08-07 16:34:46,4249
ord_000913,cust_00184,delivered,2023-03-03 00:11:23,8624
ord_000914,cust_00134,delivered,2023-08-13 18:52:02,17877
ord_000915,cust_00054,canceled,2023-05-03 20:18:12,3673
ord_000916,cust_00076,delivered,2023-10-21 13:29:42,4798
ord_000917,cust_00044,delivered,2023-11-13 22:57:55,989
ord_000918,cust_00094,processing,2023-06-24 14:05:54,11547
ord_000919,cust_00286,processing,2023-11-19 07:04:19,2798
ord_000920,cust_00300,shipped,2024-01-22 20:49:10,1614
ord_000921,cust_00182,delivered,2024-05-20 01:42:01,1359
ord_000922,cust_00178,delivered,2024-04-21 05:28:24,1078
ord_000923,cust_00045,canceled,2023-08-23 16:52:54,2749
ord_000924,cust_00328,canceled,2023-03-16 12:57:05,17771
ord_000925,cust_00033,delivered,2023-08-08 01:40:34,1698
ord_000926,cust_00060,processing,2024-05-06 02:31:48,14858
ord_000927,cust_00208,delivered,2023-03-30 03:23:28,3848
ord_000928,cust_00465,delivered,2023-01-27 01:26:30,1687
ord_000929,cust_00039,delivered,2023-12-19 08:48:29,1329
ord_000930,cust_00235,canceled,2023-09-08 04:01:17,13801
ord_000931,cust_00214,processing,2023-10-07 16:43:48,2717
ord_000932,cust_00172,delivered,2024-02-14 19:01:40,20399
ord_000933,cust_00217,processing,2024-05-24 23:53:29,3003
ord_000934,cust_00184,delivered,2023-08-23 20:10:16,1868
ord_000935,cust_00099,shipped,2024-01-04 11:01:54,5546
ord_000936,cust_00403,canceled,2023-06-17 02:38:08,2258
ord_000937,cust_00452,delivered,2024-04-26 16:34:05,1199
ord_000938,cust_00136,canceled,2023-07-03 19:20:18,3598
ord_000939,cust_00256,delivered,2023-06-24 18:22:57,53097
ord_000940,cust_00036,delivered,2024-01-26 07:49:50,29258
ord_000941,cust_00450,canceled,2024-04-30 01:50:23,699
ord_000942,cust_00480,shipped,2023-03-11 08:18:52,11298
ord_000943,cust_00382,delivered,2024-01-25 17:02:00,1083
ord_000944,cust_00015,canceled,2023-05-20 06:11:45,24348
ord_000945,cust_00239,delivered,2023-06-14 02:01:53,1078
ord_000946,cust_00104,delivered,2024-06-21 03:23:44,1438
ord_000947,cust_00064,delivered,2023-11-21 01:11:29,2249
ord_000948,cust_00355,delivered,2023-09-18 23:47:02,11923
ord_000949,cust_00029,delivered,2024-06-15 12:15:47,10314
ord_000950,cust_00310,delivered,2024-01-28 11:37:37,2237
ord_000951,cust_00496,delivered,2023-03-30 17:01:15,16796
ord_000952,cust_00089,shipped,2024-02-06 16:45:54,15097
ord_000953,cust_00286,canceled,2024-02-13 11:12:05,6643
ord_000954,cust_00168,shipped,2023-03-22 01:13:39,399
ord_000955,cust_00337,delivered,2023-02-25 13:12:35,5896
ord_000956,cust_00377,delivered,2024-02-27 01:38:01,7387
ord_000957,cust_00485,delivered,2023-01-02 15:27:41,7698
ord_000958,cust_00467,canceled,2024-02-22 23:16:42,11699
ord_000959,cust_00058,shipped,2023-01-24 00:35:56,2451
ord_000960,cust_00406,canceled,2023-06-03 06:30:26,7498
ord_000961,cust_00361,delivered,2024-02-18 15:15:09,899
ord_000962,cust_00237,delivered,2023-09-11 01:01:09,1499
ord_000963,cust_00153,canceled,2024-05-19 18:06:23,2638
ord_000964,cust_00432,delivered,2024-02-26 03:17:13,759
ord_000965,cust_00255,shipped,2024-01-01 19:10:10,9499
ord_000966,cust_00041,delivered,2023-05-12 01:36:44,1519
ord_000967,cust_00412,delivered,2024-01-17 00:08:44,599
ord_000968,cust_00312,delivered,2024-05-23 09:52:20,6726
ord_000969,cust_00114,shipped,2024-05-25 23:46:56,35498
ord_000970,cust_00196,delivered,2023-04-26 07:55:00,1298
ord_000971,cust_00449,delivered,2023-11-10 15:12:44,5659
ord_000972,cust_00002,delivered,2023-03-26 02:36:15,799
ord_000973,cust_00470,delivered,2023-12-03 09:52:22,4602
ord_000974,cust_00380,delivered,2024-01-24 04:51:34,21598
ord_000975,cust_00060,delivered,2023-02-17 18:21:05,599
ord_000976,cust_00427,delivered,2023-12-17 10:35:19,4912
ord_000977,cust_00064,delivered,2024-03-31 10:30:01,9397
ord_000978,cust_00314,delivered,2023-09-04 00:24:50,31167
ord_000979,cust_00377,delivered,2023-09-06 08:53:55,4095
ord_000980,cust_00099,canceled,2023-11-07 04:26:09,18998
ord_000981,cust_00367,processing,2023-04-07 12:03:18,13747
ord_000982,cust_00195,processing,2023-12-08 12:37:25,1258
ord_000983,cust_00077,canceled,2024-05-01 08:10:13,3977
ord_000984,cust_00205,delivered,2023-07-12 13:23:12,9262
ord_000985,cust_00416,canceled,2023-08-22 09:31:02,3462
ord_000986,cust_00074,delivered,2023-08-04 22:46:42,6161
ord_000987,cust_00233,canceled,2024-05-18 01:47:46,2999
ord_000988,cust_00172,delivered,2024-02-20 15:12:11,314
ord_000989,cust_00263,shipped,2024-04-24 05:26:23,9498
ord_000990,cust_00480,shipped,2023-04-15 04:43:05,2038
ord_000991,cust_00460,delivered,2023-10-13 09:04:13,10799
ord_000992,cust_00090,processing,2023-10-10 04:30:00,2577
ord_000993,cust_00001,delivered,2023-08-17 06:57:40,1199
ord_000994,cust_00064,delivered,2023-05-16 21:21:43,54296
ord_000995,cust_00355,shipped,2023-11-18 11:22:29,10122
ord_000996,cust_00169,canceled,2023-09-07 06:30:39,1882
ord_000997,cust_00173,processing,2024-02-07 12:52:32,17936
ord_000998,cust_00319,processing,2023-04-18 19:39:44,1999
ord_000999,cust_00441,delivered,2024-01-24 00:10:41,7855
ord_001000,cust_00448,delivered,2024-02-27 16:53:03,50998
ord_001001,cust_00232,delivered,2023-07-28 02:26:23,3249
ord_001002,cust_00003,processing,2023-12-13 05:24:59,3322
ord_001003,cust_00493,processing,2024-06-08 12:42:30,2099
ord_001004,cust_00063,canceled,2023-02-27 14:58:01,1399
ord_001005,cust_00319,delivered,2023-03-18 14:14:41,1283
ord_001006,cust_00063,delivered,2024-05-14 22:14:31,22499
ord_001007,cust_00140,delivered,2024-01-15 02:08:48,2373
ord_001008,cust_00309,delivered,2023-12-10 22:23:37,1329
ord_001009,cust_00111,delivered,2023-07-18 23:06:46,21860
ord_001010,cust_00104,delivered,2024-01-13 08:13:11,1383
ord_001011,cust_00492,processing,2023-07-27 04:17:28,34946
ord_001012,cust_00497,canceled,2023-02-09 08:55:27,21599
ord_001013,cust_00484,delivered,2023-11-20 14:51:08,1912
ord_001014,cust_00408,delivered,2023-10-13 10:24:09,2098
ord_001015,cust_00348,processing,2023-07-12 18:58:14,3038
ord_001016,cust_00210,processing,2024-01-07 00:20:12,2088
ord_001017,cust_00294,delivered,2023-02-01 16:32:08,11266
ord_001018,cust_00281,processing,2023-05-28 12:42:55,1874
ord_001019,cust_00028,canceled,2023-09-01 23:48:08,23437
ord_001020,cust_00384,delivered,2024-05-06 16:54:36,23895
ord_001021,cust_00460,canceled,2023-08-14 18:37:05,3413
ord_001022,cust_00433,canceled,2023-06-29 20:50:42,2068
ord_001023,cust_00408,shipped,2023-07-12 07:41:03,1393
ord_001024,cust_00493,delivered,2024-03-03 06:16:18,14798
ord_001025,cust_00319,delivered,2024-05-03 07:55:34,879
ord_001026,cust_00292,canceled,2023-07-27 22:05:17,38827
ord_001027,cust_00369,delivered,2024-03-10 18:03:47,3198
ord_001028,cust_00470,delivered,2023-11-18 01:11:03,10222
ord_001029,cust_00124,canceled,2023-08-02 10:22:14,1818
ord_001030,cust_00115,shipped,2024-06-22 11:11:36,719
ord_001031,cust_00439,delivered,2023-04-22 17:40:56,7022
ord_001032,cust_00480,processing,2023-03-20 10:33:05,2518
ord_001033,cust_00053,processing,2023-05-05 20:22:22,2198
ord_001034,cust_00426,shipped,2024-06-11 15:25:04,11786
ord_001035,cust_00286,shipped,2024-06-09 23:51:40,1188
ord_001036,cust_00493,shipped,2023-12-16 20:00:09,14792
ord_001037,cust_00298,processing,2023-08-27 02:02:56,28798
ord_001038,cust_00482,shipped,2024-04-22 04:29:02,12443
ord_001039,cust_00082,delivered,2024-05-22 13:26:49,2437
ord_001040,cust_00383,delivered,2023-04-07 19:40:27,5210
ord_001041,cust_00451,processing,2023-08-10 09:47:20,2098
ord_001042,cust_00057,delivered,2023-06-28 12:19:27,349
ord_001043,cust_00333,shipped,2023-08-14 16:25:24,3427
ord_001044,cust_00265,shipped,2023-07-18 11:55:47,4498
ord_001045,cust_00084,delivered,2024-02-17 11:22:00,4462
ord_001046,cust_00318,canceled,2023-07-01 13:35:32,2849
ord_001047,cust_00289,shipped,2023-09-08 04:53:59,22448
ord_001048,cust_00320,canceled,2023-11-19 18:45:57,1614
ord_001049,cust_00127,shipped,2023-12-20 11:48:37,3798
ord_001050,cust_00213,delivered,2023-08-07 16:17:26,6436
ord_001051,cust_00448,delivered,2023-03-02 14:58:43,2807
ord_001052,cust_00097,processing,2023-11-25 13:33:40,799
ord_001053,cust_00145,delivered,2023-04-06 06:12:27,3498
ord_001054,cust_00380,delivered,2024-06-13 12:35:33,37278
ord_001055,cust_00399,delivered,2024-03-17 02:16:01,899
ord_001056,cust_00323,processing,2023-12-26 22:52:06,2999
ord_001057,cust_00044,delivered,2023-01-29 09:21:32,2612
ord_001058,cust_00201,processing,2024-03-09 03:34:01,9998
ord_001059,cust_00488,canceled,2024-05-21 07:20:54,12298
ord_001060,cust_00299,delivered,2024-01-26 15:52:07,879
ord_001061,cust_00244,shipped,2023-09-06 04:23:59,58707
ord_001062,cust_00095,delivered,2024-02-27 20:58:45,1433
ord_001063,cust_00313,delivered,2023-10-11 10:30:57,1999
ord_001064,cust_00070,canceled,2023-06-26 23:46:11,3713
ord_001065,cust_00239,canceled,2023-05-23 15:02:37,4788
ord_001066,cust_00381,shipped,2023-01-16 20:56:49,71399
ord_001067,cust_00485,processing,2023-01-15 19:02:48,2158
ord_001068,cust_00336,delivered,2024-06-18 08:09:06,3048
ord_001069,cust_00095,canceled,2023-01-12 21:55:42,14249
ord_001070,cust_00326,delivered,2023-07-15 07:12:52,8549
ord_001071,cust_00113,shipped,2023-07-14 05:45:47,719
ord_001072,cust_00129,canceled,2023-07-16 15:58:32,3596
ord_001073,cust_00468,delivered,2024-04-27 12:56:28,22677
ord_001074,cust_00274,delivered,2023-12-10 19:38:37,5523
ord_001075,cust_00096,delivered,2023-03-16 16:55:25,14173
ord_001076,cust_00176,delivered,2024-06-03 02:01:13,5398
ord_001077,cust_00244,shipped,2024-03-13 20:31:46,40797
ord_001078,cust_00235,shipped,2024-03-16 11:21:17,2624
ord_001079,cust_00060,canceled,2023-01-22 12:19:29,1349
ord_001080,cust_00332,shipped,2023-10-04 17:00:49,21657
ord_001081,cust_00418,delivered,2023-04-24 23:13:14,29346
ord_001082,cust_00027,delivered,2024-04-01 11:44:24,12980
ord_001083,cust_00469,delivered,2024-02-02 20:44:42,23995
ord_001084,cust_00011,delivered,2023-02-01 20:02:25,4874
ord_001085,cust_00283,canceled,2024-04-26 17:00:50,559
ord_001086,cust_00399,delivered,2023-08-04 04:45:22,799
ord_001087,cust_00275,delivered,2023-03-15 22:19:15,3999
ord_001088,cust_00029,canceled,2023-01-14 18:38:23,3247
ord_001089,cust_00295,delivered,2024-06-23 08:54:56,7038
ord_001090,cust_00026,canceled,2024-02-12 19:17:19,1238
ord_001091,cust_00141,delivered,2023-10-18 10:40:16,809
ord_001092,cust_00098,delivered,2023-12-07 14:55:49,16499
ord_001093,cust_00291,delivered,2024-02-19 23:07:49,23135
ord_001094,cust_00355,processing,2023-06-02 15:07:56,3198
ord_001095,cust_00278,shipped,2023-08-17 16:56:24,7523
ord_001096,cust_00263,delivered,2023-08-22 03:37:27,719
ord_001097,cust_00133,delivered,2024-04-21 08:03:00,1703
ord_001098,cust_00131,delivered,2023-05-12 02:11:59,17998
ord_001099,cust_00184,processing,2024-05-13 12:03:32,14771
ord_001100,cust_00252,canceled,2023-12-06 18:33:03,12398
ord_001101,cust_00378,delivered,2023-01-15 06:30:24,7697
ord_001102,cust_00052,delivered,2024-01-18 11:47:20,11397
ord_001103,cust_00380,delivered,2023-10-26 02:41:50,2274
ord_001104,cust_00099,delivered,2023-06-16 21:56:39,4787
ord_001105,cust_00094,delivered,2024-04-04 11:23:46,539
ord_001106,cust_00220,delivered,2024-01-06 14:11:53,1118
ord_001107,cust_00403,delivered,2023-11-13 03:18:37,11246
ord_001108,cust_00408,delivered,2023-11-15 03:45:10,18399
ord_001109,cust_00356,delivered,2023-08-02 22:29:17,8028
ord_001110,cust_00013,delivered,2023-05-12 19:56:07,3198
ord_001111,cust_00066,delivered,2023-01-01 12:25:16,31297
ord_001112,cust_00480,delivered,2023-02-02 20:30:41,489
ord_001113,cust_00109,shipped,2023-09-16 20:09:00,254
ord_001114,cust_00478,delivered,2023-02-13 17:02:38,1118
ord_001115,cust_00337,delivered,2024-04-26 11:04:44,6023
ord_001116,cust_00396,delivered,2023-11-29 21:22:33,718
ord_001117,cust_00247,canceled,2024-03-01 03:09:38,8172
ord_001118,cust_00094,canceled,2023-06-02 21:56:43,664
ord_001119,cust_00155,shipped,2023-10-16 18:54:01,2768
ord_001120,cust_00426,processing,2024-03-25 07:36:37,5226
ord_001121,cust_00232,delivered,2023-05-07 11:34:23,23998
ord_001122,cust_00264,delivered,2023-02-16 01:52:17,1788
ord_001123,cust_00275,processing,2024-03-07 14:49:36,3357
ord_001124,cust_00133,delivered,2024-02-09 17:36:22,77697
ord_001125,cust_00330,delivered,2024-05-04 13:09:11,8074
ord_001126,cust_00453,delivered,2023-09-23 20:41:06,8999
ord_001127,cust_00346,delivered,2024-03-21 17:43:16,23776
ord_001128,cust_00338,delivered,2023-10-12 12:19:03,14848
ord_001129,cust_00154,shipped,2023-09-08 14:08:59,3097
ord_001130,cust_00370,canceled,2023-11-20 20:15:46,6128
ord_001131,cust_00415,delivered,2023-05-19 19:54:39,9023
ord_001132,cust_00407,delivered,2024-03-07 19:10:07,8622
ord_001133,cust_00410,delivered,2024-04-24 00:26:06,4462
ord_001134,cust_00248,canceled,2023-12-18 02:31:48,4756
ord_001135,cust_00334,processing,2024-01-01 23:59:54,2538
ord_001136,cust_00472,delivered,2024-03-29 13:44:14,8924
ord_001137,cust_00226,shipped,2023-10-25 20:05:16,2988
ord_001138,cust_00203,delivered,2024-05-15 22:19:06,3618
ord_001139,cust_00064,shipped,2023-06-16 17:56:46,14249
ord_001140,cust_00287,canceled,2023-09-20 15:46:59,18899
ord_001141,cust_00403,delivered,2023-11-28 13:13:51,2798
ord_001142,cust_00172,delivered,2023-04-26 13:41:58,849
ord_001143,cust_00466,delivered,2023-05-23 15:33:54,11399
ord_001144,cust_00352,delivered,2023-06-11 09:13:56,1428
ord_001145,cust_00499,delivered,2024-02-07 00:17:24,6054
ord_001146,cust_00366,canceled,2024-01-09 21:40:11,7282
ord_001147,cust_00156,canceled,2023-02-10 09:31:53,2257
ord_001148,cust_00131,canceled,2023-10-20 17:38:16,12672
ord_001149,cust_00259,processing,2023-09-17 23:30:34,9667
ord_001150,cust_00450,delivered,2024-03-26 11:51:47,4998
ord_001151,cust_00303,shipped,2024-03-15 22:27:38,14848
ord_001152,cust_00088,shipped,2023-02-27 08:13:16,3249
ord_001153,cust_00098,delivered,2023-01-02 15:22:32,13948
ord_001154,cust_00074,shipped,2023-03-12 18:20:50,2398
ord_001155,cust_00201,delivered,2024-05-01 07:23:35,599
ord_001156,cust_00402,delivered,2023-12-21 21:50:38,2187
ord_001157,cust_00294,delivered,2024-02-01 03:25:38,9831
ord_001158,cust_00190,canceled,2024-03-27 04:29:49,4128
ord_001159,cust_00232,delivered,2024-06-01 21:42:45,599
ord_001160,cust_00247,canceled,2024-06-26 20:49:25,1749
ord_001161,cust_00036,delivered,2023-11-20 20:08:51,1104
ord_001162,cust_00022,shipped,2023-07-29 02:04:40,934
ord_001163,cust_00462,delivered,2024-01-15 13:44:24,4773
ord_001164,cust_00424,canceled,2023-01-29 20:57:00,1833
ord_001165,cust_00411,delivered,2024-04-22 06:33:06,2518
ord_001166,cust_00407,canceled,2024-03-11 04:30:09,4499
ord_001167,cust_00470,processing,2023-06-17 23:36:50,1519
ord_001168,cust_00418,delivered,2023-11-20 06:24:15,10499
ord_001169,cust_00343,delivered,2023-01-31 06:18:29,1439
ord_001170,cust_00461,delivered,2023-11-12 20:32:39,4687
ord_001171,cust_00024,processing,2023-11-25 16:18:09,1139
ord_001172,cust_00067,delivered,2023-04-15 16:29:01,7199
ord_001173,cust_00156,delivered,2024-06-28 20:24:12,4548
ord_001174,cust_00389,delivered,2023-09-27 10:32:10,5657
ord_001175,cust_00351,canceled,2023-04-16 23:01:47,2597
ord_001176,cust_00207,delivered,2023-07-04 03:39:32,20907
ord_001177,cust_00351,delivered,2023-04-03 22:34:54,2763
ord_001178,cust_00469,delivered,2023-12-08 09:39:14,8560
ord_001179,cust_00354,delivered,2023-08-20 13:43:20,3542
ord_001180,cust_00078,canceled,2023-07-09 20:13:16,11198
ord_001181,cust_00064,processing,2023-05-29 07:33:36,1529
ord_001182,cust_00314,delivered,2023-02-26 01:46:15,989
ord_001183,cust_00323,delivered,2023-07-16 23:58:17,15498
ord_001184,cust_00112,delivered,2023-11-09 17:31:11,1198
ord_001185,cust_00377,delivered,2024-02-24 04:55:06,629
ord_001186,cust_00048,shipped,2024-04-11 00:58:38,978
ord_001187,cust_00137,canceled,2023-01-04 12:42:42,18947
ord_001188,cust_00397,delivered,2024-03-21 12:28:10,559
ord_001189,cust_00096,processing,2023-08-14 19:44:13,10518
ord_001190,cust_00115,delivered,2023-10-19 05:28:26,1798
ord_001191,cust_00392,processing,2023-11-19 11:42:12,45572
ord_001192,cust_00222,delivered,2023-03-25 06:54:26,2999
ord_001193,cust_00076,canceled,2023-06-17 11:14:06,2697
ord_001194,cust_00227,shipped,2023-12-09 14:49:14,8347
ord_001195,cust_00310,delivered,2024-01-09 10:12:22,7699
ord_001196,cust_00044,canceled,2023-07-03 13:24:18,19767
ord_001197,cust_00026,delivered,2023-03-02 21:31:41,4488
ord_001198,cust_00448,processing,2023-10-30 19:31:57,15337
ord_001199,cust_00309,canceled,2023-10-13 02:41:24,1912
ord_001200,cust_00266,delivered,2023-09-22 00:41:39,3999
ord_001201,cust_00001,delivered,2024-02-07 17:35:27,17099
ord_001202,cust_00384,delivered,2023-10-06 12:16:00,1899
ord_001203,cust_00038,canceled,2024-04-10 18:38:39,1329
ord_001204,cust_00032,canceled,2023-05-18 04:18:46,13298
ord_001205,cust_00339,shipped,2023-04-07 01:54:27,14657
ord_001206,cust_00393,delivered,2023-10-26 19:23:06,3849
ord_001207,cust_00189,delivered,2023-04-18 20:48:28,18375
ord_001208,cust_00409,delivered,2023-05-24 09:22:43,899
ord_001209,cust_00060,canceled,2023-06-10 00:07:39,9198
ord_001210,cust_00183,canceled,2023-02-13 22:20:32,23373
ord_001211,cust_00048,delivered,2023-05-06 11:45:07,28678
ord_001212,cust_00322,delivered,2024-01-22 02:52:14,449
ord_001213,cust_00438,delivered,2023-11-02 09:45:38,1999
ord_001214,cust_00183,delivered,2023-11-07 22:27:51,6692
ord_001215,cust_00015,shipped,2023-08-16 01:43:37,4124
ord_001216,cust_00357,processing,2023-07-02 23:22:18,6185
ord_001217,cust_00433,processing,2023-05-28 10:41:16,374
ord_001218,cust_00154,shipped,2023-10-06 20:53:17,9082
ord_001219,cust_00048,delivered,2023-05-24 10:25:53,48496
ord_001220,cust_00380,delivered,2023-10-30 02:36:56,21821
ord_001221,cust_00423,processing,2023-07-24 17:29:29,854
ord_001222,cust_00318,canceled,2023-11-12 20:17:44,4407
ord_001223,cust_00068,delivered,2023-12-13 16:25:27,16502
ord_001224,cust_00350,processing,2023-11-08 00:59:39,3149
ord_001225,cust_00188,delivered,2023-11-02 22:44:50,52608
ord_001226,cust_00034,delivered,2023-01-03 18:07:46,769
ord_001227,cust_00152,delivered,2024-04-29 04:46:11,719
ord_001228,cust_00187,delivered,2024-04-12 20:36:07,958
ord_001229,cust_00306,canceled,2024-03-25 13:39:59,5949
ord_001230,cust_00161,delivered,2024-03-22 22:18:37,3037
ord_001231,cust_00406,delivered,2023-05-18 02:52:26,1598
ord_001232,cust_00018,delivered,2023-12-25 11:37:18,2337
ord_001233,cust_00030,delivered,2024-04-24 04:00:36,6299
ord_001234,cust_00426,canceled,2023-03-10 12:52:02,2198
ord_001235,cust_00326,delivered,2024-01-13 19:35:23,1438
ord_001236,cust_00145,delivered,2024-03-02 18:25:59,14449
ord_001237,cust_00167,shipped,2023-03-05 07:33:26,8423
ord_001238,cust_00199,delivered,2023-09-10 10:09:48,4097
ord_001239,cust_00029,delivered,2023-07-17 00:55:47,5655
ord_001240,cust_00315,delivered,2024-03-27 13:27:32,8297
ord_001241,cust_00313,delivered,2023-01-13 12:44:21,934
ord_001242,cust_00350,delivered,2023-10-15 13:11:03,854
ord_001243,cust_00402,delivered,2023-08-28 05:02:47,13918
ord_001244,cust_00407,delivered,2023-04-18 18:34:34,13903
ord_001245,cust_00309,delivered,2023-07-19 05:15:45,9198
ord_001246,cust_00138,delivered,2024-02-20 19:15:30,2749
ord_001247,cust_00332,processing,2023-12-30 05:49:32,3267
ord_001248,cust_00440,delivered,2023-03-08 03:02:37,27999
ord_001249,cust_00205,shipped,2023-01-03 10:49:39,1598
ord_001250,cust_00348,delivered,2023-07-23 17:22:51,3399
ord_001251,cust_00402,delivered,2023-04-29 04:13:32,5263
ord_001252,cust_00111,delivered,2023-10-10 03:41:52,13599
ord_001253,cust_00354,shipped,2024-04-03 14:23:47,199
ord_001254,cust_00356,delivered,2023-08-25 04:03:27,1049
ord_001255,cust_00284,delivered,2023-12-25 15:01:41,2124
ord_001256,cust_00097,delivered,2023-10-27 02:39:10,6797
ord_001257,cust_00173,delivered,2024-06-10 07:43:50,2024
ord_001258,cust_00149,delivered,2023-03-19 19:24:53,24478
ord_001259,cust_00207,delivered,2023-01-19 18:35:04,3836
ord_001260,cust_00139,delivered,2024-01-08 23:58:57,1259
ord_001261,cust_00498,delivered,2023-03-30 23:52:01,9099
ord_001262,cust_00346,delivered,2024-01-21 04:28:21,1359
ord_001263,cust_00259,delivered,2023-09-24 01:32:30,9999
ord_001264,cust_00255,shipped,2024-04-09 01:03:25,2597
ord_001265,cust_00413,delivered,2023-07-10 20:59:53,3713
ord_001266,cust_00282,delivered,2024-01-17 10:34:27,2437
ord_001267,cust_00494,delivered,2023-12-03 12:40:12,2924
ord_001268,cust_00464,shipped,2023-04-14 18:16:49,12960
ord_001269,cust_00463,delivered,2023-12-09 15:07:36,8724
ord_001270,cust_00085,delivered,2023-09-08 12:26:36,36794
ord_001271,cust_00209,delivered,2024-06-05 11:30:32,21136
ord_001272,cust_00155,delivered,2023-12-09 08:13:43,2888
ord_001273,cust_00007,shipped,2023-04-09 12:39:06,3925
ord_001274,cust_00106,delivered,2024-04-04 05:06:12,824
ord_001275,cust_00061,delivered,2024-05-24 03:29:08,11329
ord_001276,cust_00156,canceled,2023-05-20 09:28:54,18298
ord_001277,cust_00180,shipped,2023-11-22 04:45:49,62998
ord_001278,cust_00082,delivered,2024-05-08 10:10:59,1098
ord_001279,cust_00419,delivered,2023-02-11 21:35:19,38275
ord_001280,cust_00198,shipped,2023-08-31 16:48:35,2124
ord_001281,cust_00171,delivered,2023-06-18 00:20:37,1653
ord_001282,cust_00098,delivered,2024-05-27 20:47:43,3249
ord_001283,cust_00381,delivered,2023-03-15 08:48:36,36965
ord_001284,cust_00489,processing,2023-02-17 07:10:12,539
ord_001285,cust_00221,delivered,2024-05-15 17:59:24,9122
ord_001286,cust_00053,canceled,2023-01-08 01:06:08,28798
ord_001287,cust_00146,shipped,2024-01-07 06:45:15,5998
ord_001288,cust_00291,delivered,2024-01-28 18:24:18,254
ord_001289,cust_00263,delivered,2024-04-05 17:27:56,46240
ord_001290,cust_00195,delivered,2023-04-23 00:32:04,1199
ord_001291,cust_00282,delivered,2023-06-01 12:22:27,2124
ord_001292,cust_00073,delivered,2024-03-21 04:06:30,38699
ord_001293,cust_00028,canceled,2023-11-28 08:52:05,39972
ord_001294,cust_00136,canceled,2023-06-08 13:23:56,6063
ord_001295,cust_00358,delivered,2024-06-17 05:28:19,8673
ord_001296,cust_00406,delivered,2023-03-14 14:36:57,12799
ord_001297,cust_00306,delivered,2023-12-27 09:02:11,1898
ord_001298,cust_00087,delivered,2023-12-10 10:06:32,664
ord_001299,cust_00137,delivered,2024-02-25 22:17:26,15199
ord_001300,cust_00285,delivered,2024-06-09 17:54:07,1518
ord_001301,cust_00257,delivered,2023-11-12 09:29:44,18812
ord_001302,cust_00336,delivered,2024-06-25 14:53:59,1599
ord_001303,cust_00350,canceled,2024-05-20 03:34:58,2249
ord_001304,cust_00472,delivered,2023-12-24 18:10:32,11597
ord_001305,cust_00420,shipped,2024-04-02 12:14:02,1048
ord_001306,cust_00020,delivered,2023-07-24 12:21:01,2399
ord_001307,cust_00114,delivered,2023-10-17 20:31:44,10957
ord_001308,cust_00155,delivered,2024-05-20 04:58:23,974
ord_001309,cust_00219,delivered,2023-06-18 15:02:43,5312
ord_001310,cust_00373,delivered,2024-03-14 09:43:02,5174
ord_001311,cust_00419,delivered,2024-01-10 19:19:16,11398
ord_001312,cust_00311,canceled,2023-09-22 19:20:32,8975
ord_001313,cust_00205,processing,2023-11-09 22:54:31,14249
ord_001314,cust_00221,delivered,2023-11-10 15:19:32,1999
ord_001315,cust_00473,shipped,2023-11-18 19:52:28,7557
ord_001316,cust_00142,shipped,2024-05-29 02:53:11,6097
ord_001317,cust_00169,delivered,2024-04-15 16:12:47,13573
ord_001318,cust_00435,processing,2023-02-12 18:31:08,824
ord_001319,cust_00207,delivered,2023-12-14 20:02:02,7547
ord_001320,cust_00474,delivered,2023-11-03 20:24:14,1738
ord_001321,cust_00336,delivered,2024-06-08 21:55:55,22672
ord_001322,cust_00463,delivered,2023-11-11 20:20:41,16149
ord_001323,cust_00282,delivered,2023-07-04 22:13:42,3747
ord_001324,cust_00133,delivered,2023-06-17 06:13:01,3324
ord_001325,cust_00253,delivered,2023-02-08 11:30:36,17448
ord_001326,cust_00056,processing,2023-04-17 06:37:26,1439
ord_001327,cust_00372,delivered,2023-05-24 14:48:52,3187
ord_001328,cust_00355,processing,2023-06-17 08:47:57,18899
ord_001329,cust_00213,canceled,2023-07-18 00:29:55,1019
ord_001330,cust_00106,processing,2023-06-18 12:29:47,1749
ord_001331,cust_00230,delivered,2024-02-14 19:49:49,4948
ord_001332,cust_00061,delivered,2023-08-17 19:42:33,2398
ord_001333,cust_00472,delivered,2023-08-13 21:21:42,539
ord_001334,cust_00424,delivered,2023-02-17 19:47:54,4036
ord_001335,cust_00463,canceled,2023-07-24 15:22:07,854
ord_001336,cust_00178,canceled,2023-12-27 17:01:53,14538
ord_001337,cust_00385,delivered,2024-02-20 14:51:24,19498
ord_001338,cust_00448,delivered,2023-05-24 09:22:19,1424
ord_001339,cust_00177,canceled,2024-06-27 02:18:35,40485
ord_001340,cust_00065,canceled,2023-07-14 15:30:09,23996
ord_001341,cust_00299,delivered,2023-09-29 06:09:06,3636
ord_001342,cust_00090,delivered,2023-12-23 19:54:13,2038
ord_001343,cust_00093,delivered,2023-12-18 17:57:24,539
ord_001344,cust_00096,shipped,2023-10-30 04:39:32,16499
ord_001345,cust_00432,processing,2023-04-20 05:42:14,3558
ord_001346,cust_00373,canceled,2023-08-12 03:17:45,5498
ord_001347,cust_00065,delivered,2023-07-10 05:32:30,9561
ord_001348,cust_00331,delivered,2024-04-28 04:24:39,2718
ord_001349,cust_00011,shipped,2024-01-29 09:05:47,934
ord_001350,cust_00407,processing,2023-08-12 09:09:15,1079
ord_001351,cust_00366,shipped,2023-08-12 13:19:40,1438
ord_001352,cust_00192,delivered,2024-02-20 20:52:03,7234
ord_001353,cust_00467,delivered,2023-06-05 18:18:13,3599
ord_001354,cust_00434,delivered,2023-10-04 05:01:13,16206
ord_001355,cust_00160,shipped,2023-01-18 03:04:28,31868
ord_001356,cust_00048,delivered,2023-05-03 11:10:46,599
ord_001357,cust_00418,delivered,2023-12-05 00:29:45,7847
ord_001358,cust_00226,canceled,2024-04-16 00:05:30,4058
ord_001359,cust_00444,delivered,2023-10-24 08:17:15,5174
ord_001360,cust_00082,delivered,2023-06-01 11:14:05,1048
ord_001361,cust_00090,shipped,2023-04-05 07:35:49,3486
ord_001362,cust_00035,shipped,2023-03-24 22:38:58,11756
ord_001363,cust_00021,shipped,2024-04-14 22:53:18,5397
ord_001364,cust_00401,delivered,2023-03-23 22:59:24,27998
ord_001365,cust_00321,delivered,2024-05-02 10:15:00,2998
ord_001366,cust_00209,processing,2023-02-15 10:00:19,824
ord_001367,cust_00353,shipped,2023-07-30 19:41:53,8945
ord_001368,cust_00448,delivered,2024-04-08 01:09:41,2897
ord_001369,cust_00192,canceled,2023-03-22 23:02:49,7019
ord_001370,cust_00321,delivered,2023-11-15 10:11:54,269
ord_001371,cust_00375,delivered,2023-02-25 15:02:40,1498
ord_001372,cust_00403,shipped,2023-12-10 21:44:59,35997
ord_001373,cust_00402,canceled,2023-08-11 19:56:52,2198
ord_001374,cust_00386,delivered,2024-01-10 07:08:12,699
ord_001375,cust_00019,delivered,2024-01-08 19:45:58,2238
ord_001376,cust_00020,delivered,2023-05-19 02:20:41,3680
ord_001377,cust_00263,processing,2024-04-26 04:05:19,58416
ord_001378,cust_00140,delivered,2023-05-14 10:34:40,10347
ord_001379,cust_00211,canceled,2023-01-31 16:16:45,3198
ord_001380,cust_00173,processing,2023-04-20 21:18:49,12560
ord_001381,cust_00325,delivered,2024-04-17 17:22:04,1963
ord_001382,cust_00452,delivered,2023-01-24 06:22:16,6951
ord_001383,cust_00119,delivered,2024-02-27 22:03:25,3858
ord_001384,cust_00166,shipped,2024-06-03 11:53:35,2718
ord_001385,cust_00299,shipped,2023-10-03 05:29:23,20617
ord_001386,cust_00052,delivered,2023-08-18 11:36:21,4267
ord_001387,cust_00484,canceled,2023-05-16 13:33:27,699
ord_001388,cust_00199,delivered,2023-07-15 01:11:57,27198
ord_001389,cust_00072,delivered,2024-06-08 17:35:00,3918
ord_001390,cust_00412,canceled,2023-05-11 06:05:51,4022
ord_001391,cust_00202,delivered,2024-06-15 00:03:58,6648
ord_001392,cust_00080,shipped,2023-07-09 07:53:42,539
ord_001393,cust_00009,shipped,2024-02-06 07:38:19,1348
ord_001394,cust_00367,delivered,2024-06-12 13:45:10,9599
ord_001395,cust_00004,canceled,2024-04-03 07:07:48,1519
ord_001396,cust_00139,delivered,2024-01-18 05:59:59,559
ord_001397,cust_00253,delivered,2023-10-17 18:42:52,899
ord_001398,cust_00017,delivered,2023-11-27 09:46:56,3037
ord_001399,cust_00024,delivered,2024-05-15 16:04:57,599
ord_001400,cust_00475,delivered,2023-11-04 09:27:36,824
ord_001401,cust_00481,shipped,2024-05-27 16:14:02,10499
ord_001402,cust_00136,shipped,2023-01-08 21:11:05,73632
ord_001403,cust_00196,delivered,2024-02-11 00:55:41,2762
ord_001404,cust_00153,processing,2023-12-28 06:31:43,14796
ord_001405,cust_00182,processing,2023-04-22 02:28:08,978
ord_001406,cust_00098,shipped,2023-03-17 15:43:19,824
ord_001407,cust_00214,delivered,2024-03-10 15:01:32,41197
ord_001408,cust_00076,delivered,2024-06-01 19:08:13,21347
ord_001409,cust_00389,delivered,2023-09-17 18:36:36,9499
ord_001410,cust_00090,delivered,2023-09-06 20:32:37,6869
ord_001411,cust_00460,canceled,2023-05-24 00:11:55,11899
ord_001412,cust_00262,delivered,2023-11-20 03:04:47,639
ord_001413,cust_00360,delivered,2023-11-20 03:59:33,1104
ord_001414,cust_00483,delivered,2023-09-15 07:53:34,1168
ord_001415,cust_00240,shipped,2023-12-29 01:40:54,2799
ord_001416,cust_00032,delivered,2023-12-08 18:07:53,4238
ord_001417,cust_00170,delivered,2023-04-15 08:39:32,5076
ord_001418,cust_00175,processing,2023-09-05 03:33:09,319
ord_001419,cust_00018,delivered,2023-10-21 19:57:55,21156
ord_001420,cust_00272,canceled,2023-05-16 07:58:51,30447
ord_001421,cust_00299,canceled,2023-07-30 18:57:19,1519
ord_001422,cust_00144,shipped,2023-11-27 17:45:10,12374
ord_001423,cust_00111,delivered,2023-08-24 14:58:53,764
ord_001424,cust_00451,delivered,2023-02-12 22:44:47,23173
ord_001425,cust_00072,delivered,2023-01-02 12:32:18,21998
ord_001426,cust_00072,delivered,2023-12-28 12:41:25,12823
ord_001427,cust_00435,delivered,2024-06-11 06:30:25,3082
ord_001428,cust_00499,delivered,2023-05-07 00:01:03,13947
ord_001429,cust_00388,delivered,2023-04-20 13:51:54,2568
ord_001430,cust_00100,delivered,2023-03-25 17:24:23,1079
ord_001431,cust_00424,shipped,2023-10-10 10:08:13,1599
ord_001432,cust_00378,processing,2023-09-29 10:12:03,10498
ord_001433,cust_00064,processing,2023-04-29 17:50:07,14808
ord_001434,cust_00471,shipped,2024-06-16 02:20:25,6717
ord_001435,cust_00015,shipped,2024-03-22 14:52:48,5446
ord_001436,cust_00246,delivered,2024-01-02 00:21:12,11011
ord_001437,cust_00242,delivered,2023-12-30 01:50:07,559
ord_001438,cust_00326,delivered,2024-03-20 08:13:51,759
ord_001439,cust_00060,delivered,2023-09-18 05:54:39,10857
ord_001440,cust_00391,delivered,2023-02-22 22:56:34,1119
ord_001441,cust_00151,canceled,2023-09-15 02:21:14,4011
ord_001442,cust_00458,canceled,2023-11-21 11:09:31,8048
ord_001443,cust_00242,processing,2024-01-13 01:29:37,539
ord_001444,cust_00161,shipped,2023-08-24 03:34:11,1499
ord_001445,cust_00408,shipped,2023-04-15 02:58:29,28638
ord_001446,cust_00163,delivered,2024-06-07 02:18:51,1924
ord_001447,cust_00160,shipped,2024-01-17 06:12:35,2797
ord_001448,cust_00193,delivered,2024-01-07 16:46:57,3648
ord_001449,cust_00495,delivered,2024-06-20 05:30:46,15598
ord_001450,cust_00056,processing,2023-04-11 18:49:22,719
ord_001451,cust_00442,delivered,2023-01-14 01:20:40,1599
ord_001452,cust_00078,shipped,2024-03-07 20:46:55,4037
ord_001453,cust_00308,processing,2023-11-08 11:43:27,17999
ord_001454,cust_00496,delivered,2023-04-24 04:48:10,3249
ord_001455,cust_00219,processing,2023-05-07 09:54:53,1758
ord_001456,cust_00346,processing,2024-05-31 05:35:07,9599
ord_001457,cust_00324,shipped,2024-03-21 23:18:12,1039
ord_001458,cust_00226,shipped,2023-11-01 12:08:00,3058
ord_001459,cust_00292,shipped,2023-08-24 18:24:57,64644
ord_001460,cust_00498,delivered,2024-03-10 05:24:24,1967
ord_001461,cust_00403,processing,2023-01-24 05:24:17,4447
ord_001462,cust_00315,canceled,2023-04-05 14:20:13,8598
ord_001463,cust_00285,delivered,2023-01-04 06:12:38,1499
ord_001464,cust_00422,delivered,2023-09-05 08:24:40,1199
ord_001465,cust_00214,shipped,2023-06-17 19:15:18,21998
ord_001466,cust_00414,canceled,2023-07-29 17:21:21,3093
ord_001467,cust_00491,canceled,2024-02-10 13:46:32,5625
ord_001468,cust_00302,processing,2024-06-18 02:02:12,4037
ord_001469,cust_00171,canceled,2023-09-07 07:11:36,3817
ord_001470,cust_00211,shipped,2024-04-24 14:54:57,5398
ord_001471,cust_00486,processing,2023-08-29 21:46:12,3577
ord_001472,cust_00085,canceled,2023-08-07 15:56:41,758
ord_001473,cust_00393,delivered,2023-06-26 03:16:00,1329
ord_001474,cust_00438,processing,2024-06-26 12:50:37,7875
ord_001475,cust_00101,shipped,2023-03-17 05:49:21,1049
ord_001476,cust_00198,delivered,2024-05-12 15:23:15,12611
ord_001477,cust_00313,delivered,2024-03-06 05:20:16,1399
ord_001478,cust_00005,delivered,2024-05-06 07:47:58,18023
ord_001479,cust_00081,delivered,2024-05-01 21:49:21,10449
ord_001480,cust_00308,delivered,2023-04-12 14:33:15,6374
ord_001481,cust_00448,delivered,2024-01-04 22:25:54,1574
ord_001482,cust_00456,canceled,2023-11-22 01:33:40,5911
ord_001483,cust_00389,processing,2023-07-25 13:57:53,12306
ord_001484,cust_00373,shipped,2023-03-30 18:53:26,1788
ord_001485,cust_00065,delivered,2024-03-05 19:15:42,489
ord_001486,cust_00217,delivered,2023-12-23 22:53:20,1234
ord_001487,cust_00129,delivered,2023-02-05 10:14:52,1947
ord_001488,cust_00214,delivered,2023-12-28 15:40:49,1749
ord_001489,cust_00487,delivered,2023-03-25 05:34:11,474
ord_001490,cust_00125,delivered,2024-06-21 17:08:59,11748
ord_001491,cust_00437,delivered,2024-04-24 23:54:19,2599
ord_001492,cust_00305,canceled,2023-03-19 03:22:52,7836
ord_001493,cust_00171,shipped,2024-05-15 12:40:45,38797
ord_001494,cust_00013,delivered,2023-04-21 05:59:37,3998
ord_001495,cust_00496,delivered,2024-06-13 11:56:44,12202
ord_001496,cust_00356,delivered,2023-07-01 01:56:40,23578
ord_001497,cust_00243,canceled,2024-06-27 12:30:22,9821
ord_001498,cust_00019,processing,2023-04-09 17:15:38,30922
ord_001499,cust_00494,delivered,2024-06-06 11:17:34,5247
ord_001500,cust_00343,canceled,2024-03-20 13:27:07,5637
ord_001501,cust_00027,shipped,2023-11-06 22:13:45,2258
ord_001502,cust_00230,delivered,2023-10-06 07:21:10,13448
ord_001503,cust_00247,canceled,2023-07-20 14:54:24,5822
ord_001504,cust_00089,delivered,2023-11-24 00:31:09,18722
ord_001505,cust_00370,processing,2023-02-19 18:31:23,13103
ord_001506,cust_00151,delivered,2023-10-04 04:49:47,2008
ord_001507,cust_00360,delivered,2023-09-04 19:14:32,1169
ord_001508,cust_00415,shipped,2023-12-23 17:51:38,1049
ord_001509,cust_00494,processing,2024-04-11 11:32:15,13048
ord_001510,cust_00396,processing,2024-01-01 00:56:02,1199
ord_001511,cust_00393,delivered,2023-02-24 00:11:26,9599
ord_001512,cust_00274,delivered,2024-01-03 18:48:31,1798
ord_001513,cust_00099,delivered,2023-06-11 01:53:42,8165
ord_001514,cust_00259,processing,2023-01-21 02:31:24,9337
ord_001515,cust_00478,delivered,2024-04-02 04:26:57,11698
ord_001516,cust_00142,delivered,2023-04-02 04:22:42,4838
ord_001517,cust_00122,delivered,2023-10-03 11:19:56,2248
ord_001518,cust_00080,canceled,2023-10-25 23:16:34,1499
ord_001519,cust_00109,shipped,2023-03-12 16:06:15,10618
ord_001520,cust_00237,delivered,2023-06-27 22:15:22,958
ord_001521,cust_00007,canceled,2024-03-08 22:52:37,44323
ord_001522,cust_00415,delivered,2023-07-06 12:26:10,3799
ord_001523,cust_00183,shipped,2023-10-07 09:05:58,19498
ord_001524,cust_00443,shipped,2023-12-21 01:46:35,13837
ord_001525,cust_00485,delivered,2023-05-09 17:10:08,5249
ord_001526,cust_00471,delivered,2023-02-09 08:56:17,1399
ord_001527,cust_00023,delivered,2023-08-11 12:35:07,1912
ord_001528,cust_00148,delivered,2023-06-10 11:07:25,13937
ord_001529,cust_00026,delivered,2023-07-05 06:24:30,13438
ord_001530,cust_00103,delivered,2023-08-02 16:31:51,12006
ord_001531,cust_00423,delivered,2023-09-20 22:56:35,2533
ord_001532,cust_00237,delivered,2023-06-28 18:52:51,17248
ord_001533,cust_00443,canceled,2023-09-26 05:41:39,539
ord_001534,cust_00069,delivered,2023-02-02 09:52:35,3247
ord_001535,cust_00447,delivered,2023-01-07 20:42:38,1924
ord_001536,cust_00247,delivered,2024-05-23 10:10:46,13599
ord_001537,cust_00098,delivered,2024-02-28 08:12:37,33036
ord_001538,cust_00206,delivered,2023-12-18 00:19:35,18222
ord_001539,cust_00457,delivered,2023-08-10 14:24:08,37798
ord_001540,cust_00348,shipped,2024-03-01 16:42:39,1189
ord_001541,cust_00482,delivered,2024-01-11 15:22:27,5696
ord_001542,cust_00359,delivered,2023-06-04 07:34:31,35998
ord_001543,cust_00276,delivered,2023-07-06 09:01:24,3999
ord_001544,cust_00439,delivered,2024-03-14 11:05:31,449
ord_001545,cust_00254,delivered,2023-08-05 08:11:38,7072
ord_001546,cust_00165,delivered,2023-02-19 06:00:52,6824
ord_001547,cust_00359,delivered,2023-02-26 20:18:20,5141
ord_001548,cust_00381,shipped,2023-01-12 10:12:14,2398
ord_001549,cust_00152,processing,2024-06-26 12:55:25,6073
ord_001550,cust_00198,delivered,2024-01-16 17:31:33,9137
ord_001551,cust_00303,delivered,2023-04-26 15:53:49,8037
ord_001552,cust_00079,processing,2023-01-08 01:55:53,17648
ord_001553,cust_00453,delivered,2023-08-10 10:41:56,3297
ord_001554,cust_00461,canceled,2023-10-21 20:36:24,15598
ord_001555,cust_00439,canceled,2023-08-04 19:21:34,4049
ord_001556,cust_00258,canceled,2024-04-27 18:19:06,3407
ord_001557,cust_00286,delivered,2023-10-24 04:10:15,38072
ord_001558,cust_00024,canceled,2023-02-04 12:21:59,34917
ord_001559,cust_00091,delivered,2023-10-25 10:25:38,7542
ord_001560,cust_00081,processing,2023-03-28 00:27:18,629
ord_001561,cust_00174,processing,2023-11-12 07:31:49,7371
ord_001562,cust_00268,canceled,2023-12-17 13:24:05,8638
ord_001563,cust_00486,processing,2024-03-18 02:24:15,638
ord_001564,cust_00082,delivered,2023-10-06 17:02:18,20845
ord_001565,cust_00459,delivered,2024-02-16 09:14:06,4199
ord_001566,cust_00333,canceled,2023-02-11 09:30:06,1258
ord_001567,cust_00251,delivered,2024-06-22 04:59:58,6223
ord_001568,cust_00021,processing,2023-03-14 15:52:32,9171
ord_001569,cust_00479,processing,2024-04-30 16:58:30,20399
ord_001570,cust_00481,shipped,2023-01-15 12:34:29,9262
ord_001571,cust_00331,shipped,2023-06-27 23:39:15,1359
ord_001572,cust_00299,canceled,2023-12-16 07:44:46,30197
ord_001573,cust_00439,delivered,2023-10-24 15:48:14,7124
ord_001574,cust_00126,processing,2024-06-19 03:36:29,2624
ord_001575,cust_00444,canceled,2023-10-20 14:01:02,299
ord_001576,cust_00096,delivered,2024-01-21 08:52:05,11999
ord_001577,cust_00179,delivered,2023-02-22 04:38:42,1618
ord_001578,cust_00331,delivered,2023-08-05 10:51:31,2998
ord_001579,cust_00131,delivered,2023-01-29 05:09:02,2198
ord_001580,cust_00100,processing,2023-01-03 00:06:19,4274
ord_001581,cust_00365,canceled,2023-08-02 10:46:45,4599
ord_001582,cust_00030,delivered,2023-06-05 13:08:37,62998
ord_001583,cust_00382,delivered,2023-03-11 01:03:42,11098
ord_001584,cust_00060,delivered,2023-09-22 13:58:34,31235
ord_001585,cust_00094,delivered,2023-11-16 10:05:09,379
ord_001586,cust_00052,shipped,2024-01-10 18:53:51,3598
ord_001587,cust_00248,shipped,2024-01-09 20:12:35,7037
ord_001588,cust_00114,delivered,2023-05-18 23:40:55,8624
ord_001589,cust_00221,delivered,2023-01-08 08:03:15,2978
ord_001590,cust_00167,delivered,2023-05-27 12:41:26,8548
ord_001591,cust_00199,shipped,2024-06-11 13:58:42,4599
ord_001592,cust_00224,delivered,2024-05-29 15:00:30,12897
ord_001593,cust_00448,delivered,2024-02-04 20:21:37,3677
ord_001594,cust_00475,shipped,2023-07-13 05:33:42,1928
ord_001595,cust_00332,processing,2023-03-14 17:51:31,37808
ord_001596,cust_00321,delivered,2023-02-07 15:53:30,2945
ord_001597,cust_00441,shipped,2023-12-25 16:19:28,3999
ord_001598,cust_00458,shipped,2023-09-05 19:29:30,2749
ord_001599,cust_00321,delivered,2023-06-17 02:00:38,13311
ord_001600,cust_00279,shipped,2023-06-16 12:43:46,1518
ord_001601,cust_00433,delivered,2023-01-07 11:39:35,3472
ord_001602,cust_00262,delivered,2023-01-27 13:55:52,9996
ord_001603,cust_00488,delivered,2023-06-20 05:16:32,18013
ord_001604,cust_00010,processing,2023-02-21 04:54:38,1439
ord_001605,cust_00212,delivered,2023-02-01 06:33:57,1999
ord_001606,cust_00362,delivered,2023-08-30 06:59:52,6498
ord_001607,cust_00021,canceled,2023-12-14 13:21:26,8096
ord_001608,cust_00132,processing,2023-11-05 00:46:06,17947
ord_001609,cust_00421,delivered,2023-06-10 22:48:08,4147
ord_001610,cust_00123,delivered,2023-11-17 23:07:13,5999
ord_001611,cust_00181,delivered,2024-04-22 22:03:52,9947
ord_001612,cust_00256,delivered,2023-11-20 02:43:10,1079
ord_001613,cust_00186,delivered,2023-05-25 19:57:57,4248
ord_001614,cust_00124,canceled,2023-09-09 06:30:23,2749
ord_001615,cust_00384,shipped,2024-02-29 07:37:36,12967
ord_001616,cust_00081,delivered,2023-06-26 02:18:09,594
ord_001617,cust_00203,shipped,2023-10-27 17:39:24,5999
ord_001618,cust_00352,delivered,2023-03-29 03:34:08,599
ord_001619,cust_00464,canceled,2024-05-31 07:52:37,26597
ord_001620,cust_00457,delivered,2023-07-09 16:56:22,9198
ord_001621,cust_00448,processing,2023-01-19 04:55:29,6640
ord_001622,cust_00320,processing,2024-04-21 15:37:29,9388
ord_001623,cust_00452,processing,2023-05-22 11:43:01,1763
ord_001624,cust_00080,canceled,2023-03-08 22:41:53,849
ord_001625,cust_00439,processing,2023-05-28 09:24:43,3902
ord_001626,cust_00421,delivered,2023-09-07 19:22:24,1648
ord_001627,cust_00497,delivered,2024-02-07 09:10:59,27873
ord_001628,cust_00155,shipped,2024-06-14 08:58:56,8249
ord_001629,cust_00374,canceled,2023-06-23 09:13:40,13516
ord_001630,cust_00422,delivered,2023-01-29 01:34:40,1529
ord_001631,cust_00301,processing,2024-02-06 21:10:56,13121
ord_001632,cust_00464,delivered,2023-08-29 05:50:35,3148
ord_001633,cust_00383,canceled,2024-06-24 18:20:24,719
ord_001634,cust_00030,delivered,2024-03-22 13:48:05,51536
ord_001635,cust_00185,canceled,2023-06-13 00:05:57,7460
ord_001636,cust_00307,canceled,2024-03-13 05:49:56,5846
ord_001637,cust_00379,delivered,2023-08-19 11:40:48,1088
ord_001638,cust_00098,delivered,2023-09-28 06:22:39,1399
ord_001639,cust_00472,delivered,2023-07-16 01:24:36,1169
ord_001640,cust_00193,shipped,2023-07-14 16:33:25,2024
ord_001641,cust_00342,delivered,2024-05-12 01:00:32,36821
ord_001642,cust_00154,delivered,2023-05-19 23:38:37,13398
ord_001643,cust_00167,delivered,2024-03-26 04:07:33,40447
ord_001644,cust_00239,delivered,2024-05-18 08:49:56,2749
ord_001645,cust_00282,delivered,2024-06-09 13:41:48,12448
ord_001646,cust_00089,shipped,2023-03-04 19:53:37,1912
ord_001647,cust_00391,delivered,2024-04-07 15:45:05,2886
ord_001648,cust_00135,delivered,2023-05-18 07:28:09,427
ord_001649,cust_00070,processing,2023-09-06 22:51:27,3036
ord_001650,cust_00005,delivered,2024-06-09 11:17:30,19998
ord_001651,cust_00175,delivered,2023-09-07 04:46:17,769
ord_001652,cust_00202,delivered,2023-04-24 19:38:52,1948
ord_001653,cust_00285,canceled,2023-08-14 16:30:49,2999
ord_001654,cust_00270,processing,2023-02-10 03:48:15,4948
ord_001655,cust_00035,delivered,2024-04-21 03:21:50,21672
ord_001656,cust_00430,shipped,2024-05-28 02:11:39,4274
ord_001657,cust_00337,delivered,2023-05-29 10:53:20,679
ord_001658,cust_00430,processing,2023-06-28 17:51:50,599
ord_001659,cust_00298,delivered,2024-04-05 14:21:16,509
ord_001660,cust_00198,delivered,2023-04-15 04:52:50,664
ord_001661,cust_00173,delivered,2023-11-18 22:06:53,10671
ord_001662,cust_00376,processing,2023-03-12 01:18:36,719
ord_001663,cust_00085,delivered,2024-03-19 19:30:02,13573
ord_001664,cust_00069,delivered,2024-02-15 10:23:44,1858
ord_001665,cust_00364,delivered,2023-07-13 21:52:55,2226
ord_001666,cust_00099,processing,2024-02-05 12:22:30,2752
ord_001667,cust_00003,delivered,2023-12-13 21:26:07,28598
ord_001668,cust_00129,processing,2023-01-09 17:17:45,1758
ord_001669,cust_00425,shipped,2023-11-28 05:18:14,349
ord_001670,cust_00144,delivered,2024-05-24 15:33:41,1259
ord_001671,cust_00205,processing,2024-04-17 10:36:53,22448
ord_001672,cust_00233,delivered,2023-11-17 15:30:46,17596
ord_001673,cust_00437,shipped,2023-02-04 15:41:46,3798
ord_001674,cust_00060,delivered,2024-05-28 05:28:30,21596
ord_001675,cust_00404,delivered,2024-05-18 05:26:10,11876
ord_001676,cust_00281,processing,2023-04-11 18:21:48,1517
ord_001677,cust_00454,delivered,2024-03-08 20:02:03,1699
ord_001678,cust_00120,delivered,2023-02-20 09:00:59,7923
ord_001679,cust_00247,delivered,2024-02-25 01:51:29,305297
ord_001680,cust_00194,shipped,2023-03-20 04:18:10,3236
ord_001681,cust_00112,delivered,2023-05-16 06:54:28,38699
ord_001682,cust_00170,canceled,2023-03-21 06:23:28,1687
ord_001683,cust_00063,delivered,2023-06-09 12:26:39,8627
ord_001684,cust_00345,delivered,2023-09-10 15:17:32,8315
ord_001685,cust_00471,shipped,2023-06-15 15:16:57,18060
ord_001686,cust_00099,delivered,2024-06-08 10:12:59,3937
ord_001687,cust_00319,delivered,2023-06-26 03:56:50,2038
ord_001688,cust_00053,canceled,2024-03-24 13:57:04,3046
ord_001689,cust_00423,processing,2024-06-15 20:35:15,949
ord_001690,cust_00323,processing,2023-05-16 00:26:31,1424
ord_001691,cust_00094,processing,2024-06-26 22:34:16,2157
ord_001692,cust_00209,processing,2023-12-15 09:50:22,10047
ord_001693,cust_00469,shipped,2023-02-28 15:20:39,2098
ord_001694,cust_00316,delivered,2023-03-17 05:10:50,1648
ord_001695,cust_00481,delivered,2024-06-03 12:42:11,4499
ord_001696,cust_00147,processing,2024-03-20 12:55:58,1999
ord_001697,cust_00315,canceled,2024-05-04 09:28:53,2398
ord_001698,cust_00081,shipped,2023-10-01 06:05:38,599
ord_001699,cust_00188,delivered,2024-04-03 22:43:25,31496
ord_001700,cust_00110,shipped,2024-04-26 15:12:00,639
ord_001701,cust_00356,delivered,2023-07-25 23:42:12,2890
ord_001702,cust_00091,processing,2024-04-17 21:21:53,3537
ord_001703,cust_00396,shipped,2024-01-16 07:10:21,449
ord_001704,cust_00312,delivered,2023-12-04 02:40:45,11015
ord_001705,cust_00050,processing,2024-04-04 04:43:12,1044
ord_001706,cust_00385,canceled,2023-09-24 11:37:12,10473
ord_001707,cust_00116,delivered,2023-06-24 19:04:16,1444
ord_001708,cust_00351,delivered,2024-03-05 07:30:45,3118
ord_001709,cust_00041,delivered,2024-03-23 21:29:34,3473
ord_001710,cust_00264,delivered,2024-02-26 13:11:22,1518
ord_001711,cust_00430,delivered,2023-06-19 12:17:49,7897
ord_001712,cust_00182,delivered,2023-04-04 11:16:23,664
ord_001713,cust_00283,shipped,2023-08-29 00:36:29,3122
ord_001714,cust_00399,processing,2024-04-11 11:28:41,9516
ord_001715,cust_00310,delivered,2023-09-09 15:21:50,7817
ord_001716,cust_00266,processing,2023-04-27 15:57:28,18498
ord_001717,cust_00045,delivered,2023-10-23 19:53:39,9761
ord_001718,cust_00068,delivered,2023-07-29 04:15:27,2998
ord_001719,cust_00137,canceled,2023-02-03 12:06:39,2996
ord_001720,cust_00152,canceled,2023-08-03 11:22:43,5073
ord_001721,cust_00163,delivered,2024-05-22 01:11:27,1118
ord_001722,cust_00270,delivered,2023-12-12 06:51:07,2097
ord_001723,cust_00049,delivered,2024-01-01 17:05:11,7036
ord_001724,cust_00032,shipped,2023-07-09 11:27:52,2457
ord_001725,cust_00036,delivered,2023-09-12 02:26:32,599
ord_001726,cust_00244,delivered,2024-04-15 21:50:57,1519
ord_001727,cust_00106,delivered,2024-06-26 00:37:29,32398
ord_001728,cust_00318,delivered,2023-03-15 09:53:36,629
ord_001729,cust_00301,delivered,2023-10-30 06:08:30,5889
ord_001730,cust_00479,delivered,2024-06-09 03:21:30,1439
ord_001731,cust_00496,shipped,2024-06-23 15:18:48,5672
ord_001732,cust_00135,delivered,2024-06-07 03:11:14,1139
ord_001733,cust_00205,canceled,2024-03-21 08:48:38,10257
ord_001734,cust_00371,delivered,2023-03-01 08:05:30,2877
ord_001735,cust_00274,delivered,2023-07-07 02:22:08,2999
ord_001736,cust_00133,shipped,2023-04-16 11:53:16,2249
ord_001737,cust_00244,delivered,2024-04-01 05:22:55,4673
ord_001738,cust_00201,delivered,2023-11-26 20:42:20,1118
ord_001739,cust_00461,canceled,2023-09-06 16:58:39,4599
ord_001740,cust_00266,delivered,2023-06-18 15:24:03,6544
ord_001741,cust_00093,delivered,2024-02-14 05:53:47,9561
ord_001742,cust_00430,processing,2023-12-05 10:29:21,809
ord_001743,cust_00392,processing,2023-12-29 18:34:37,9896
ord_001744,cust_00441,delivered,2023-07-15 21:32:59,11997
ord_001745,cust_00024,delivered,2023-02-07 08:50:13,12999
ord_001746,cust_00258,processing,2023-03-27 19:13:28,4312
ord_001747,cust_00397,delivered,2024-02-24 20:32:47,2198
ord_001748,cust_00093,shipped,2023-04-03 12:07:12,7697
ord_001749,cust_00176,delivered,2024-04-11 09:17:35,9546
ord_001750,cust_00399,delivered,2023-02-07 19:05:27,49760
ord_001751,cust_00269,shipped,2023-10-17 22:40:59,1044
ord_001752,cust_00093,delivered,2024-05-25 21:43:30,2924
ord_001753,cust_00308,delivered,2023-07-07 22:49:26,1568
ord_001754,cust_00048,processing,2023-06-12 10:55:26,9098
ord_001755,cust_00465,delivered,2023-08-09 00:09:15,11016
ord_001756,cust_00226,delivered,2023-11-23 08:06:26,974
ord_001757,cust_00082,delivered,2024-06-09 09:08:54,6698
ord_001758,cust_00239,delivered,2023-05-02 05:06:27,854
ord_001759,cust_00110,processing,2023-07-10 19:15:12,2548
ord_001760,cust_00023,delivered,2023-03-07 02:15:40,9798
ord_001761,cust_00368,canceled,2023-11-12 09:15:05,14922
ord_001762,cust_00233,delivered,2023-03-13 16:38:06,3163
ord_001763,cust_00473,delivered,2023-03-23 09:38:24,5110
ord_001764,cust_00434,shipped,2023-03-26 02:43:13,2437
ord_001765,cust_00222,shipped,2023-11-16 13:47:31,4949
ord_001766,cust_00303,shipped,2023-08-06 13:16:44,879
ord_001767,cust_00086,delivered,2024-06-06 19:44:59,21968
ord_001768,cust_00291,delivered,2023-11-13 01:33:39,4517
ord_001769,cust_00185,shipped,2023-02-25 17:19:13,2088
ord_001770,cust_00182,processing,2023-01-24 03:43:23,2249
ord_001771,cust_00297,delivered,2024-05-13 08:35:39,8511
ord_001772,cust_00362,delivered,2023-10-02 06:41:02,12698
ord_001773,cust_00323,canceled,2024-03-25 14:41:44,1998
ord_001774,cust_00286,delivered,2023-01-26 20:37:13,2762
ord_001775,cust_00359,processing,2024-06-15 00:08:09,31499
ord_001776,cust_00045,canceled,2023-10-28 08:47:54,1078
ord_001777,cust_00355,shipped,2024-06-18 00:10:57,13437
ord_001778,cust_00030,delivered,2023-12-02 09:35:03,1709
ord_001779,cust_00346,canceled,2023-07-06 00:26:00,3368
ord_001780,cust_00127,delivered,2024-04-25 17:39:45,11322
ord_001781,cust_00349,processing,2023-11-06 08:39:37,26099
ord_001782,cust_00288,delivered,2023-12-13 12:51:48,4037
ord_001783,cust_00247,delivered,2024-05-01 20:45:20,4833
ord_001784,cust_00461,processing,2024-05-21 02:39:36,67998
ord_001785,cust_00033,canceled,2023-08-11 23:19:26,798
ord_001786,cust_00311,delivered,2024-04-14 23:42:18,3312
ord_001787,cust_00404,processing,2023-09-17 17:16:04,8522
ord_001788,cust_00204,delivered,2023-03-27 03:10:36,2398
ord_001789,cust_00368,delivered,2023-05-11 04:34:03,2999
ord_001790,cust_00497,delivered,2023-06-03 16:28:59,3038
ord_001791,cust_00313,delivered,2023-12-29 00:21:18,6299
ord_001792,cust_00058,canceled,2023-10-12 16:38:02,5749
ord_001793,cust_00400,delivered,2023-04-04 04:52:07,3398
ord_001794,cust_00188,delivered,2023-12-26 12:43:02,11999
ord_001795,cust_00114,delivered,2023-11-09 11:23:44,6511
ord_001796,cust_00084,delivered,2023-10-26 14:56:03,824
ord_001797,cust_00152,canceled,2024-06-08 22:05:23,81598
ord_001798,cust_00266,delivered,2024-06-25 22:01:06,25451
ord_001799,cust_00206,delivered,2023-01-09 16:18:16,1749
ord_001800,cust_00111,delivered,2023-01-04 03:20:00,319
ord_001801,cust_00011,delivered,2023-01-01 04:36:26,974
ord_001802,cust_00294,shipped,2023-11-24 13:08:26,9262
ord_001803,cust_00004,shipped,2023-03-31 22:39:07,2599
ord_001804,cust_00057,delivered,2023-07-16 10:51:45,32198
ord_001805,cust_00196,shipped,2023-06-14 22:49:07,599
ord_001806,cust_00177,delivered,2023-09-01 13:12:21,1398
ord_001807,cust_00221,delivered,2023-11-10 20:19:49,1359
ord_001808,cust_00298,delivered,2023-04-18 08:39:23,1687
ord_001809,cust_00263,delivered,2023-07-13 08:20:58,9603
ord_001810,cust_00113,shipped,2024-01-19 13:35:23,8398
ord_001811,cust_00454,shipped,2024-03-13 03:08:04,1799
ord_001812,cust_00238,delivered,2024-01-17 20:28:28,30522
ord_001813,cust_00383,delivered,2024-02-22 20:16:19,21972
ord_001814,cust_00185,processing,2023-12-20 07:45:06,2124
ord_001815,cust_00346,delivered,2024-01-16 01:33:50,18998
ord_001816,cust_00003,shipped,2023-08-15 19:26:38,11548
ord_001817,cust_00262,canceled,2024-02-23 00:02:53,10723
ord_001818,cust_00242,processing,2023-04-13 19:55:43,2437
ord_001819,cust_00092,processing,2024-01-09 11:13:10,20998
ord_001820,cust_00080,delivered,2024-05-10 15:19:18,808
ord_001821,cust_00423,delivered,2023-07-15 09:18:34,7998
ord_001822,cust_00495,delivered,2024-02-28 16:29:37,4599
ord_001823,cust_00441,processing,2023-04-20 06:34:16,18196
ord_001824,cust_00260,delivered,2024-02-25 22:57:58,10023
ord_001825,cust_00497,shipped,2024-06-12 00:26:56,5460
ord_001826,cust_00021,delivered,2023-11-13 14:06:53,1828
ord_001827,cust_00300,delivered,2024-03-19 01:01:09,7737
ord_001828,cust_00124,delivered,2023-06-14 20:03:44,8399
ord_001829,cust_00483,canceled,2024-06-05 05:45:05,12374
ord_001830,cust_00305,processing,2023-10-17 05:33:22,2398
ord_001831,cust_00334,delivered,2023-05-21 16:41:45,13967
ord_001832,cust_00265,processing,2024-01-19 20:09:41,6199
ord_001833,cust_00401,delivered,2023-12-08 06:56:14,18616
ord_001834,cust_00005,delivered,2024-05-30 04:54:14,2157
ord_001835,cust_00216,delivered,2023-11-10 18:19:11,11410
ord_001836,cust_00189,delivered,2023-09-28 13:23:00,3249
ord_001837,cust_00211,delivered,2023-09-17 16:00:42,948
ord_001838,cust_00081,delivered,2023-12-14 20:51:45,629
ord_001839,cust_00473,canceled,2024-04-14 04:24:56,20897
ord_001840,cust_00439,delivered,2023-01-22 11:01:53,1199
ord_001841,cust_00324,canceled,2023-09-15 11:43:37,14999
ord_001842,cust_00468,delivered,2023-05-01 09:26:16,37271
ord_001843,cust_00474,delivered,2023-05-12 23:19:41,13599
ord_001844,cust_00296,shipped,2023-02-03 13:13:59,4790
ord_001845,cust_00219,canceled,2023-08-21 05:32:37,5837
ord_001846,cust_00201,delivered,2023-12-28 09:46:56,25796
ord_001847,cust_00494,canceled,2023-03-16 16:25:08,3562
ord_001848,cust_00100,shipped,2023-01-03 01:48:00,2249
ord_001849,cust_00496,delivered,2024-04-13 13:50:13,1599
ord_001850,cust_00369,delivered,2023-11-24 21:11:42,3667
ord_001851,cust_00035,delivered,2023-02-27 22:48:10,17597
ord_001852,cust_00099,delivered,2024-04-08 11:56:12,12438
ord_001853,cust_00120,canceled,2023-03-21 07:03:20,1199
ord_001854,cust_00148,canceled,2024-02-21 08:02:19,3374
ord_001855,cust_00358,delivered,2024-05-12 05:16:15,13999
ord_001856,cust_00331,processing,2023-12-13 11:44:05,14249
ord_001857,cust_00339,delivered,2024-02-26 06:56:39,3172
ord_001858,cust_00152,delivered,2024-05-10 13:33:19,10398
ord_001859,cust_00222,delivered,2024-06-02 05:11:39,2374
ord_001860,cust_00402,shipped,2023-05-30 23:52:33,639
ord_001861,cust_00180,delivered,2023-07-19 04:58:14,13648
ord_001862,cust_00471,delivered,2023-03-12 07:20:04,1148
ord_001863,cust_00398,canceled,2023-08-24 05:11:32,4007
ord_001864,cust_00297,processing,2024-04-09 11:10:27,6299
ord_001865,cust_00220,delivered,2024-03-18 14:42:42,1199
ord_001866,cust_00203,delivered,2024-05-21 19:47:59,17896
ord_001867,cust_00092,delivered,2024-03-08 09:38:14,18198
ord_001868,cust_00291,delivered,2023-05-30 01:20:58,1758
ord_001869,cust_00151,delivered,2023-09-06 22:54:19,798
ord_001870,cust_00360,delivered,2023-02-02 04:35:33,27198
ord_001871,cust_00370,delivered,2023-09-24 01:28:56,23696
ord_001872,cust_00155,delivered,2023-01-08 03:17:57,1044
ord_001873,cust_00324,canceled,2023-05-26 13:25:59,16548
ord_001874,cust_00485,processing,2023-01-26 20:14:00,1798
ord_001875,cust_00003,delivered,2023-12-24 19:23:35,2398
ord_001876,cust_00217,shipped,2023-03-05 07:25:38,13885
ord_001877,cust_00406,delivered,2023-12-06 12:56:18,1912
ord_001878,cust_00444,processing,2023-04-12 05:37:38,759
ord_001879,cust_00493,canceled,2023-10-22 17:10:59,1519
ord_001880,cust_00479,processing,2023-10-24 09:56:48,6435
ord_001881,cust_00170,delivered,2023-12-15 12:31:26,1948
ord_001882,cust_00110,delivered,2023-01-14 17:13:17,1199
ord_001883,cust_00230,delivered,2024-01-22 03:34:11,2088
ord_001884,cust_00012,canceled,2023-05-01 08:22:16,2158
ord_001885,cust_00399,delivered,2023-12-01 21:32:50,80947
ord_001886,cust_00204,shipped,2023-04-10 13:16:50,1574
ord_001887,cust_00298,processing,2023-07-04 05:24:03,2183
ord_001888,cust_00007,processing,2023-10-13 05:34:27,679
ord_001889,cust_00035,processing,2024-01-04 16:09:32,15498
ord_001890,cust_00192,delivered,2024-04-24 05:23:12,10611
ord_001891,cust_00217,delivered,2023-07-28 17:34:08,7199
ord_001892,cust_00069,delivered,2023-11-12 00:54:23,799
ord_001893,cust_00027,delivered,2023-09-12 13:20:16,4887
ord_001894,cust_00372,delivered,2023-08-21 15:29:44,2348
ord_001895,cust_00386,processing,2023-12-16 02:40:14,427
ord_001896,cust_00042,shipped,2024-04-10 03:11:13,6421
ord_001897,cust_00189,delivered,2023-10-14 02:33:35,24757
ord_001898,cust_00180,delivered,2023-11-06 23:48:27,6848
ord_001899,cust_00459,shipped,2023-03-18 01:50:27,30247
ord_001900,cust_00182,delivered,2024-05-12 15:24:13,8853
ord_001901,cust_00184,delivered,2023-10-23 23:42:38,4660
ord_001902,cust_00433,processing,2024-05-12 09:03:41,4274
ord_001903,cust_00345,canceled,2023-12-18 22:46:57,1279
ord_001904,cust_00368,delivered,2023-11-19 22:59:37,3105
ord_001905,cust_00265,canceled,2023-02-16 11:56:38,1329
ord_001906,cust_00295,shipped,2024-06-22 09:38:00,4593
ord_001907,cust_00386,delivered,2024-06-14 20:54:51,18946
ord_001908,cust_00151,shipped,2024-05-30 02:49:08,1663
ord_001909,cust_00161,delivered,2023-01-20 23:24:46,1199
ord_001910,cust_00475,delivered,2023-02-24 10:43:57,824
ord_001911,cust_00249,delivered,2024-01-14 19:44:12,509
ord_001912,cust_00156,delivered,2023-12-08 22:11:49,3643
ord_001913,cust_00476,processing,2023-05-02 17:04:17,2249
ord_001914,cust_00202,delivered,2024-05-23 21:23:08,9998
ord_001915,cust_00011,delivered,2024-01-31 05:38:19,4218
ord_001916,cust_00124,processing,2023-08-25 20:31:09,1139
ord_001917,cust_00320,shipped,2023-12-21 01:03:32,5832
ord_001918,cust_00330,delivered,2023-01-07 03:35:26,3993
ord_001919,cust_00304,delivered,2023-04-07 17:00:23,759
ord_001920,cust_00456,canceled,2024-04-22 00:44:57,23598
ord_001921,cust_00246,shipped,2023-09-21 05:54:52,1599
ord_001922,cust_00118,canceled,2023-12-05 15:26:55,9823
ord_001923,cust_00311,delivered,2023-05-17 11:43:12,2661
ord_001924,cust_00339,canceled,2023-11-06 09:24:49,31346
ord_001925,cust_00500,delivered,2023-11-20 18:37:23,1518
ord_001926,cust_00433,delivered,2023-05-09 09:33:13,15698
ord_001927,cust_00131,delivered,2023-03-12 18:21:51,2777
ord_001928,cust_00338,delivered,2023-01-15 07:57:16,4887
ord_001929,cust_00013,delivered,2023-08-31 12:46:09,5725
ord_001930,cust_00326,delivered,2024-06-11 13:26:40,3824
ord_001931,cust_00431,delivered,2023-05-18 00:51:23,1878
ord_001932,cust_00494,delivered,2024-04-01 14:22:57,2658
ord_001933,cust_00068,processing,2024-05-06 18:08:24,7317
ord_001934,cust_00111,delivered,2023-05-31 14:32:33,24936
ord_001935,cust_00213,delivered,2024-03-05 16:07:42,1868
ord_001936,cust_00436,delivered,2024-02-18 10:07:44,2558
ord_001937,cust_00414,delivered,2024-02-18 15:11:54,8999
ord_001938,cust_00498,delivered,2023-07-19 00:55:02,2762
ord_001939,cust_00356,shipped,2023-10-15 10:13:04,2612
ord_001940,cust_00250,delivered,2023-10-19 00:02:44,2358
ord_001941,cust_00225,delivered,2023-06-09 20:47:40,1598
ord_001942,cust_00375,processing,2024-02-28 03:05:30,4847
ord_001943,cust_00036,shipped,2024-05-12 07:50:43,10111
ord_001944,cust_00029,delivered,2024-05-17 10:58:53,2347
ord_001945,cust_00130,delivered,2024-01-20 20:24:28,3824
ord_001946,cust_00417,delivered,2023-05-18 12:53:14,14047
ord_001947,cust_00078,delivered,2023-11-07 04:10:44,16053
ord_001948,cust_00066,processing,2024-01-06 19:19:21,47521
ord_001949,cust_00375,processing,2024-02-02 04:36:28,21398
ord_001950,cust_00214,delivered,2023-08-27 11:52:00,6298
ord_001951,cust_00372,delivered,2023-01-03 06:39:58,1049
ord_001952,cust_00452,canceled,2024-05-30 23:31:56,14185
ord_001953,cust_00444,delivered,2023-06-06 07:16:51,1399
ord_001954,cust_00246,delivered,2024-06-03 05:38:40,18198
ord_001955,cust_00327,delivered,2024-01-10 13:59:00,3749
ord_001956,cust_00261,delivered,2023-02-17 10:35:53,20998
ord_001957,cust_00428,delivered,2023-10-08 04:35:52,2798
ord_001958,cust_00089,delivered,2023-09-21 17:18:52,23398
ord_001959,cust_00356,processing,2024-04-04 08:16:46,8562
ord_001960,cust_00297,shipped,2024-01-04 14:48:00,11818
ord_001961,cust_00400,delivered,2024-04-09 06:02:55,30398
ord_001962,cust_00231,processing,2023-02-09 22:05:38,2903
ord_001963,cust_00164,delivered,2024-04-09 11:05:15,14249
ord_001964,cust_00036,delivered,2023-05-17 15:41:02,19572
ord_001965,cust_00093,delivered,2023-04-16 19:58:50,7797
ord_001966,cust_00264,delivered,2023-11-10 10:35:01,1039
ord_001967,cust_00126,processing,2024-03-16 17:09:29,719
ord_001968,cust_00141,delivered,2023-08-20 16:21:31,3198
ord_001969,cust_00087,delivered,2023-10-20 18:09:49,879
ord_001970,cust_00130,delivered,2023-02-09 09:11:35,2398
ord_001971,cust_00039,delivered,2023-09-23 06:00:51,3799
ord_001972,cust_00406,canceled,2024-02-28 12:09:53,269
ord_001973,cust_00235,delivered,2023-05-08 14:25:01,19423
ord_001974,cust_00439,delivered,2023-04-03 10:59:52,16149
ord_001975,cust_00399,delivered,2023-01-03 02:36:27,4316
ord_001976,cust_00045,shipped,2023-05-10 03:14:50,7445
ord_001977,cust_00263,delivered,2024-02-21 22:31:21,13599
ord_001978,cust_00031,shipped,2023-09-15 19:28:52,6367
ord_001979,cust_00417,shipped,2023-12-07 00:03:20,4248
ord_001980,cust_00408,shipped,2023-08-02 11:44:28,2474
ord_001981,cust_00015,delivered,2023-09-03 09:01:51,9484
ord_001982,cust_00331,delivered,2024-05-15 02:52:52,1198
ord_001983,cust_00324,delivered,2023-11-24 07:45:42,20797
ord_001984,cust_00368,processing,2023-08-31 01:19:20,7598
ord_001985,cust_00041,delivered,2024-02-22 18:00:30,8249
ord_001986,cust_00402,delivered,2024-01-09 23:12:30,719
ord_001987,cust_00018,canceled,2023-12-02 19:54:33,3886
ord_001988,cust_00291,delivered,2023-05-04 06:44:59,7923
ord_001989,cust_00285,delivered,2023-03-05 07:15:07,2548
ord_001990,cust_00455,delivered,2023-03-09 23:37:50,10223
ord_001991,cust_00267,delivered,2024-03-06 12:04:49,17247
ord_001992,cust_00166,processing,2024-04-19 13:43:54,1519
ord_001993,cust_00180,processing,2024-05-17 04:24:27,509
ord_001994,cust_00073,delivered,2024-05-27 18:44:46,3897
ord_001995,cust_00330,delivered,2023-04-08 06:07:29,7124
ord_001996,cust_00354,shipped,2023-09-12 13:39:32,1519
ord_001997,cust_00019,delivered,2023-08-08 03:33:56,1687
ord_001998,cust_00304,delivered,2023-09-02 17:36:36,22499
ord_001999,cust_00010,delivered,2023-07-19 15:27:19,419
ord_002000,cust_00186,processing,2024-06-10 11:47:34,798
ord_002001,cust_00240,processing,2024-05-21 16:43:40,2298
ord_002002,cust_00036,delivered,2023-12-23 09:45:28,2762
ord_002003,cust_00250,delivered,2023-06-03 01:25:08,7137
ord_002004,cust_00331,shipped,2023-12-29 06:12:56,6948
ord_002005,cust_00479,canceled,2023-07-29 19:38:40,26396
ord_002006,cust_00120,delivered,2023-11-24 20:06:07,4999
ord_002007,cust_00489,canceled,2024-01-13 10:50:26,979
ord_002008,cust_00434,canceled,2023-02-12 13:30:54,20423
ord_002009,cust_00017,delivered,2024-02-14 15:20:12,1104
ord_002010,cust_00320,delivered,2024-06-22 02:00:34,3749
ord_002011,cust_00081,canceled,2024-03-15 00:59:56,2249
ord_002012,cust_00084,processing,2023-06-13 15:27:23,9786
ord_002013,cust_00467,processing,2023-03-21 16:46:05,1278
ord_002014,cust_00189,delivered,2023-09-28 06:13:16,29223
ord_002015,cust_00370,shipped,2023-07-24 17:40:10,2898
ord_002016,cust_00380,delivered,2024-06-07 13:57:07,509
ord_002017,cust_00058,delivered,2023-09-03 23:34:17,2124
ord_002018,cust_00254,shipped,2023-10-25 17:10:19,26777
ord_002019,cust_00040,delivered,2023-10-13 23:03:29,7799
ord_002020,cust_00137,delivered,2023-05-05 17:06:36,3956
ord_002021,cust_00372,delivered,2023-02-07 10:19:21,719
ord_002022,cust_00374,delivered,2023-10-14 12:18:43,854
ord_002023,cust_00351,shipped,2024-01-15 09:33:37,3998
ord_002024,cust_00026,delivered,2023-05-24 12:11:20,9349
ord_002025,cust_00191,delivered,2023-04-07 12:08:48,41248
ord_002026,cust_00123,processing,2024-02-10 02:35:42,3324
ord_002027,cust_00175,processing,2024-06-05 09:10:12,5848
ord_002028,cust_00369,delivered,2024-03-13 16:36:20,18446
ord_002029,cust_00115,shipped,2024-03-10 01:18:30,12846
ord_002030,cust_00285,delivered,2023-05-25 11:26:59,9349
ord_002031,cust_00236,shipped,2023-10-22 20:47:34,31322
ord_002032,cust_00180,canceled,2023-09-21 07:47:28,15047
ord_002033,cust_00302,canceled,2024-03-02 18:45:16,2437
ord_002034,cust_00218,delivered,2023-07-01 16:56:15,5173
ord_002035,cust_00118,delivered,2023-01-03 21:21:42,11899
ord_002036,cust_00237,processing,2024-05-30 11:29:31,1139
ord_002037,cust_00450,delivered,2023-08-10 04:00:19,3523
ord_002038,cust_00137,delivered,2024-06-17 10:17:42,16099
ord_002039,cust_00045,processing,2023-05-08 01:33:13,2999
ord_002040,cust_00249,shipped,2023-10-05 01:08:38,19509
ord_002041,cust_00155,shipped,2024-06-23 00:56:05,3817
ord_002042,cust_00107,delivered,2024-01-30 08:33:20,2437
ord_002043,cust_00098,processing,2023-11-10 19:30:47,13861
ord_002044,cust_00395,delivered,2024-02-15 12:01:06,72798
ord_002045,cust_00055,processing,2023-10-20 13:24:40,43198
ord_002046,cust_00166,delivered,2023-06-12 16:11:33,1078
ord_002047,cust_00051,delivered,2023-10-01 19:32:31,4312
ord_002048,cust_00445,canceled,2023-04-04 01:11:27,6906
ord_002049,cust_00264,delivered,2023-06-24 01:16:42,1693
ord_002050,cust_00325,delivered,2023-11-24 21:47:05,2157
ord_002051,cust_00083,delivered,2024-01-23 06:31:27,449
ord_002052,cust_00361,delivered,2024-01-09 11:36:20,2449
ord_002053,cust_00403,delivered,2023-04-29 13:55:53,5174
ord_002054,cust_00448,delivered,2023-09-06 14:32:05,1993
ord_002055,cust_00271,delivered,2023-06-22 10:12:01,974
ord_002056,cust_00414,processing,2023-01-30 22:41:33,35570
ord_002057,cust_00391,delivered,2024-03-27 10:05:44,1793
ord_002058,cust_00093,processing,2024-02-25 07:02:54,16371
ord_002059,cust_00044,shipped,2023-05-22 10:28:55,6036
ord_002060,cust_00142,shipped,2023-01-14 00:37:47,8502
ord_002061,cust_00451,delivered,2023-08-14 21:56:34,13256
ord_002062,cust_00413,shipped,2024-06-11 08:19:16,5092
ord_002063,cust_00026,delivered,2023-07-04 02:52:20,854
ord_002064,cust_00497,delivered,2023-06-06 09:16:50,719
ord_002065,cust_00259,canceled,2024-01-07 18:36:30,4258
ord_002066,cust_00287,shipped,2023-03-30 01:02:04,10496
ord_002067,cust_00353,canceled,2024-03-01 23:51:21,1078
ord_002068,cust_00063,delivered,2023-06-13 11:25:19,2948
ord_002069,cust_00462,delivered,2024-02-03 10:39:39,2249
ord_002070,cust_00193,processing,2024-01-17 07:10:13,4636
ord_002071,cust_00316,canceled,2024-03-28 11:24:59,1698
ord_002072,cust_00244,delivered,2024-04-24 09:52:22,2474
ord_002073,cust_00203,canceled,2023-05-04 06:27:19,18112
ord_002074,cust_00184,delivered,2023-07-03 06:11:49,12373
ord_002075,cust_00355,canceled,2023-03-10 19:24:41,25117
ord_002076,cust_00464,shipped,2024-06-07 05:23:33,2124
ord_002077,cust_00477,delivered,2023-09-17 05:55:17,6374
ord_002078,cust_00342,canceled,2023-09-11 02:32:59,1099
ord_002079,cust_00446,processing,2024-02-13 18:10:43,82271
ord_002080,cust_00045,delivered,2023-09-08 07:29:10,2999
ord_002081,cust_00368,shipped,2024-04-05 22:02:43,6987
ord_002082,cust_00279,delivered,2023-10-26 03:31:06,88216
ord_002083,cust_00244,shipped,2023-07-09 23:37:47,4274
ord_002084,cust_00307,delivered,2023-02-16 23:40:44,20898
ord_002085,cust_00380,processing,2024-06-21 18:16:35,12448
ord_002086,cust_00106,shipped,2023-03-07 16:59:34,9035
ord_002087,cust_00237,delivered,2023-01-24 04:41:00,10874
ord_002088,cust_00434,delivered,2024-03-25 02:25:45,9386
ord_002089,cust_00300,processing,2024-02-29 21:17:05,12148
ord_002090,cust_00489,delivered,2023-12-25 04:23:01,2749
ord_002091,cust_00244,shipped,2023-07-03 08:10:29,1329
ord_002092,cust_00145,delivered,2023-11-03 04:44:33,2938
ord_002093,cust_00245,delivered,2023-01-29 06:01:37,83976
ord_002094,cust_00226,shipped,2023-06-03 11:46:13,13847
ord_002095,cust_00318,delivered,2024-05-18 20:08:01,2799
ord_002096,cust_00292,delivered,2024-06-03 16:21:29,23999
ord_002097,cust_00159,processing,2024-04-16 07:20:57,449
ord_002098,cust_00424,delivered,2023-09-14 20:19:03,7958
ord_002099,cust_00018,delivered,2024-06-25 11:48:05,4462
ord_002100,cust_00137,delivered,2023-10-20 10:56:54,45713
ord_002101,cust_00221,delivered,2024-02-03 16:39:53,262
ord_002102,cust_00299,delivered,2023-02-22 05:17:37,17099
ord_002103,cust_00152,delivered,2023-05-05 17:12:55,1599
ord_002104,cust_00389,delivered,2023-08-07 18:47:05,27261
ord_002105,cust_00365,delivered,2023-01-15 03:03:14,11436
ord_002106,cust_00069,processing,2023-07-20 19:20:18,1019
ord_002107,cust_00015,shipped,2023-03-05 16:22:18,20398
ord_002108,cust_00093,canceled,2023-02-26 02:03:04,4362
ord_002109,cust_00263,delivered,2023-01-14 10:18:03,8549
ord_002110,cust_00222,delivered,2023-07-04 20:42:10,1198
ord_002111,cust_00084,shipped,2024-04-21 17:59:27,145736
ord_002112,cust_00253,canceled,2024-03-22 20:04:00,9612
ord_002113,cust_00020,delivered,2024-06-01 14:17:29,18699
ord_002114,cust_00070,delivered,2023-06-29 04:51:17,1079
ord_002115,cust_00008,delivered,2024-06-17 05:08:01,2437
ord_002116,cust_00080,processing,2023-11-26 08:40:23,3749
ord_002117,cust_00439,shipped,2023-06-30 21:23:24,19085
ord_002118,cust_00388,processing,2023-07-27 09:20:29,2398
ord_002119,cust_00198,shipped,2023-02-19 12:56:32,3872
ord_002120,cust_00189,delivered,2024-05-16 14:17:00,4097
ord_002121,cust_00371,delivered,2023-03-20 18:20:17,1227
ord_002122,cust_00464,processing,2023-11-27 11:09:29,5624
ord_002123,cust_00455,shipped,2024-04-30 03:01:58,3357
ord_002124,cust_00197,shipped,2024-05-06 05:35:36,7199
ord_002125,cust_00267,shipped,2024-01-07 18:24:52,4599
ord_002126,cust_00427,delivered,2023-12-17 08:30:42,1958
ord_002127,cust_00329,delivered,2024-06-14 19:35:12,5711
ord_002128,cust_00457,delivered,2023-01-30 19:35:04,14910
ord_002129,cust_00237,delivered,2023-02-12 00:57:33,35196
ord_002130,cust_00204,canceled,2024-02-04 15:18:12,2437
ord_002131,cust_00191,canceled,2023-06-12 01:07:02,5797
ord_002132,cust_00074,delivered,2023-11-21 02:05:35,22962
ord_002133,cust_00068,canceled,2023-05-01 13:49:34,2249
ord_002134,cust_00243,delivered,2024-02-19 10:29:05,15587
ord_002135,cust_00339,delivered,2023-07-17 17:11:55,3016
ord_002136,cust_00117,canceled,2023-11-17 19:39:06,2108
ord_002137,cust_00378,canceled,2023-03-05 19:25:41,2238
ord_002138,cust_00136,delivered,2023-06-12 06:06:25,7998
ord_002139,cust_00232,delivered,2024-03-10 08:10:10,2274
ord_002140,cust_00098,delivered,2023-06-28 14:15:29,4748
ord_002141,cust_00442,delivered,2023-10-16 06:23:22,1799
ord_002142,cust_00044,canceled,2023-03-08 18:19:33,3766
ord_002143,cust_00361,delivered,2024-06-19 11:22:01,5076
ord_002144,cust_00217,shipped,2024-05-14 13:30:41,38498
ord_002145,cust_00363,delivered,2023-09-15 22:03:35,2249
ord_002146,cust_00139,delivered,2023-10-03 14:15:29,1398
ord_002147,cust_00353,delivered,2024-03-21 23:09:42,7827
ord_002148,cust_00123,shipped,2023-06-19 07:10:01,3499
ord_002149,cust_00338,canceled,2023-06-11 16:36:51,4498
ord_002150,cust_00215,canceled,2024-03-01 20:00:34,7999
ord_002151,cust_00341,processing,2023-12-23 03:52:57,2249
ord_002152,cust_00384,delivered,2024-02-08 10:09:39,4598
ord_002153,cust_00402,delivered,2023-06-10 20:45:58,17999
ord_002154,cust_00062,canceled,2024-01-15 23:30:40,3399
ord_002155,cust_00243,delivered,2023-01-26 00:04:43,11260
ord_002156,cust_00108,shipped,2023-05-21 02:23:23,1199
ord_002157,cust_00139,delivered,2024-04-08 00:30:19,17098
ord_002158,cust_00045,delivered,2023-05-12 00:29:15,3374
ord_002159,cust_00192,delivered,2023-10-07 18:05:34,1424
ord_002160,cust_00149,delivered,2023-04-10 10:37:31,19222
ord_002161,cust_00195,delivered,2023-11-19 03:47:57,7310
ord_002162,cust_00205,canceled,2024-06-20 00:05:15,1118
ord_002163,cust_00458,shipped,2023-11-20 13:54:01,21897
ord_002164,cust_00241,delivered,2023-05-15 17:15:35,7348
ord_002165,cust_00451,shipped,2024-06-11 21:43:00,1104
ord_002166,cust_00498,delivered,2023-08-03 15:32:59,2799
ord_002167,cust_00417,delivered,2023-08-01 08:02:06,359
ord_002168,cust_00010,delivered,2024-01-11 09:04:46,2062
ord_002169,cust_00243,shipped,2023-03-03 18:18:53,2208
ord_002170,cust_00343,shipped,2023-01-24 11:38:38,719
ord_002171,cust_00310,delivered,2023-02-27 10:24:07,524
ord_002172,cust_00145,shipped,2023-10-01 16:38:19,7316
ord_002173,cust_00395,canceled,2024-06-27 23:01:33,16917
ord_002174,cust_00111,delivered,2023-10-22 10:30:09,1438
ord_002175,cust_00190,delivered,2023-06-29 15:35:00,9216
ord_002176,cust_00077,delivered,2024-05-02 22:41:13,10799
ord_002177,cust_00482,shipped,2023-11-06 16:09:46,5224
ord_002178,cust_00023,processing,2024-05-19 13:13:17,30023
ord_002179,cust_00358,processing,2023-10-14 00:54:00,12072
ord_002180,cust_00243,delivered,2023-07-28 15:03:11,27999
ord_002181,cust_00265,delivered,2023-08-15 02:26:03,719
ord_002182,cust_00122,delivered,2023-07-29 18:04:17,35815
ord_002183,cust_00287,delivered,2024-05-28 11:31:43,1438
ord_002184,cust_00098,delivered,2023-08-14 23:57:15,2249
ord_002185,cust_00498,delivered,2023-01-26 07:47:40,2698
ord_002186,cust_00028,shipped,2023-11-27 08:21:12,6824
ord_002187,cust_00120,delivered,2023-09-23 22:46:35,749
ord_002188,cust_00249,shipped,2024-02-27 08:13:47,769
ord_002189,cust_00227,delivered,2023-11-17 02:58:54,16149
ord_002190,cust_00341,delivered,2024-06-19 20:39:14,7473
ord_002191,cust_00111,shipped,2024-05-23 10:00:58,899
ord_002192,cust_00479,processing,2024-06-25 15:37:08,3955
ord_002193,cust_00101,delivered,2024-04-17 21:20:05,19173
ord_002194,cust_00172,delivered,2023-10-21 18:39:55,11049
ord_002195,cust_00120,delivered,2024-04-29 10:11:19,4821
ord_002196,cust_00288,delivered,2024-01-13 18:45:03,2399
ord_002197,cust_00194,processing,2023-04-05 17:14:56,2558
ord_002198,cust_00075,delivered,2023-08-10 10:42:20,28997
ord_002199,cust_00160,delivered,2023-12-09 10:27:59,24695
ord_002200,cust_00454,delivered,2023-02-26 05:38:24,8896
ord_002201,cust_00354,canceled,2023-11-27 14:28:06,4077
ord_002202,cust_00290,delivered,2023-10-05 00:24:59,1958
ord_002203,cust_00069,delivered,2023-07-07 06:17:21,27998
ord_002204,cust_00270,canceled,2024-01-30 10:27:19,6399
ord_002205,cust_00487,delivered,2023-08-07 11:53:44,15199
ord_002206,cust_00496,delivered,2023-03-01 19:44:21,314
ord_002207,cust_00080,processing,2024-01-03 08:37:44,35198
ord_002208,cust_00004,delivered,2023-05-14 10:17:39,2437
ord_002209,cust_00082,delivered,2023-09-13 18:29:14,3998
ord_002210,cust_00313,delivered,2023-07-02 08:18:32,10499
ord_002211,cust_00081,delivered,2024-06-06 16:30:16,3324
ord_002212,cust_00327,processing,2024-06-09 03:03:33,11548
ord_002213,cust_00378,delivered,2023-08-03 08:07:41,3687
ord_002214,cust_00003,canceled,2023-11-04 16:46:43,9748
ord_002215,cust_00071,delivered,2023-12-22 15:28:06,11999
ord_002216,cust_00067,delivered,2023-09-21 14:50:23,3807
ord_002217,cust_00230,delivered,2023-08-15 14:53:11,3399
ord_002218,cust_00289,shipped,2024-04-15 22:28:11,4871
ord_002219,cust_00196,delivered,2023-09-12 12:31:12,9057
ord_002220,cust_00381,canceled,2023-04-02 00:34:45,19711
ord_002221,cust_00024,processing,2024-05-30 23:52:32,2337
ord_002222,cust_00286,shipped,2023-12-12 03:34:47,5080
ord_002223,cust_00178,canceled,2023-07-17 00:19:58,5961
ord_002224,cust_00130,processing,2023-06-04 12:39:46,9496
ord_002225,cust_00170,canceled,2023-05-31 07:04:54,18148
ord_002226,cust_00291,canceled,2024-01-28 21:04:37,14560
ord_002227,cust_00061,delivered,2023-07-02 06:38:57,12599
ord_002228,cust_00401,delivered,2024-02-05 14:50:14,4986
ord_002229,cust_00438,delivered,2024-02-03 12:24:04,4674
ord_002230,cust_00427,canceled,2023-01-11 07:55:05,40197
ord_002231,cust_00241,delivered,2024-06-26 11:07:29,3599
ord_002232,cust_00489,delivered,2023-08-23 23:42:53,2599
ord_002233,cust_00390,shipped,2024-06-10 09:03:07,6599
ord_002234,cust_00074,delivered,2023-12-17 02:36:41,3672
ord_002235,cust_00102,delivered,2023-11-13 12:18:03,699
ord_002236,cust_00347,delivered,2023-02-23 09:20:51,57398
ord_002237,cust_00417,delivered,2024-06-28 22:16:03,539
ord_002238,cust_00473,shipped,2023-07-14 20:21:44,2124
ord_002239,cust_00005,processing,2024-03-31 18:22:22,20548
ord_002240,cust_00384,canceled,2023-06-28 06:06:16,1044
ord_002241,cust_00344,delivered,2023-04-13 05:32:46,3148
ord_002242,cust_00240,processing,2023-08-07 08:43:00,27198
ord_002243,cust_00089,delivered,2024-06-08 07:55:42,679
ord_002244,cust_00261,shipped,2023-12-30 08:09:33,26691
ord_002245,cust_00422,delivered,2023-09-04 11:51:25,1049
ord_002246,cust_00143,canceled,2024-03-03 14:18:14,25347
ord_002247,cust_00495,canceled,2023-11-30 00:50:04,2976
ord_002248,cust_00081,canceled,2024-01-15 02:24:08,2367
ord_002249,cust_00018,delivered,2023-08-10 05:43:15,9498
ord_002250,cust_00357,delivered,2024-03-03 17:45:21,1198
ord_002251,cust_00427,canceled,2023-02-28 11:03:11,20898
ord_002252,cust_00122,delivered,2023-11-15 10:54:57,824
ord_002253,cust_00118,shipped,2023-09-26 07:28:39,1049
ord_002254,cust_00220,delivered,2024-04-25 03:17:15,1199
ord_002255,cust_00342,delivered,2024-05-21 08:30:29,6548
ord_002256,cust_00199,processing,2024-02-23 13:27:25,8624
ord_002257,cust_00002,delivered,2024-05-03 16:30:17,3536
ord_002258,cust_00367,delivered,2024-02-26 20:53:36,764
ord_002259,cust_00464,canceled,2023-08-13 02:16:40,1169
ord_002260,cust_00173,delivered,2024-04-25 07:50:50,8999
ord_002261,cust_00039,delivered,2023-10-09 13:27:09,5772
ord_002262,cust_00446,delivered,2023-11-05 12:53:48,8897
ord_002263,cust_00158,processing,2023-09-25 17:25:29,10488
ord_002264,cust_00482,processing,2023-04-04 09:29:25,43341
ord_002265,cust_00230,canceled,2023-05-17 12:42:11,28559
ord_002266,cust_00453,delivered,2023-03-17 17:15:19,639
ord_002267,cust_00021,delivered,2023-03-02 12:15:24,2137
ord_002268,cust_00260,processing,2024-02-20 17:00:55,5648
ord_002269,cust_00147,delivered,2023-05-16 01:02:48,1104
ord_002270,cust_00057,canceled,2023-11-15 01:08:46,14273
ord_002271,cust_00019,delivered,2023-01-25 02:43:56,5772
ord_002272,cust_00030,delivered,2023-10-14 17:13:34,4848
ord_002273,cust_00022,processing,2023-09-09 08:20:54,2024
ord_002274,cust_00367,delivered,2023-03-04 04:47:03,14648
ord_002275,cust_00198,processing,2024-02-10 20:13:37,299
ord_002276,cust_00249,shipped,2024-03-22 21:10:13,3136
ord_002277,cust_00370,shipped,2023-12-03 11:24:38,23647
ord_002278,cust_00262,processing,2023-04-28 01:59:06,6627
ord_002279,cust_00257,shipped,2023-06-05 15:05:48,36436
ord_002280,cust_00398,processing,2024-02-16 20:49:30,3011
ord_002281,cust_00310,canceled,2023-06-15 02:46:06,599
ord_002282,cust_00168,processing,2023-06-07 15:58:20,5798
ord_002283,cust_00357,shipped,2023-03-07 03:42:55,3957
ord_002284,cust_00500,delivered,2024-01-18 09:38:44,2762
ord_002285,cust_00298,delivered,2023-01-02 12:47:03,7301
ord_002286,cust_00498,delivered,2023-04-21 02:19:34,838
ord_002287,cust_00018,delivered,2024-06-18 03:17:16,7124
ord_002288,cust_00358,processing,2024-01-03 17:31:16,6077
ord_002289,cust_00016,canceled,2023-02-06 03:51:25,5226
ord_002290,cust_00037,delivered,2024-05-25 03:54:22,759
ord_002291,cust_00130,delivered,2023-03-12 22:47:39,15897
ord_002292,cust_00145,shipped,2023-07-31 13:37:41,8248
ord_002293,cust_00192,delivered,2023-06-24 09:08:01,3736
ord_002294,cust_00338,delivered,2023-12-05 12:50:23,2316
ord_002295,cust_00250,delivered,2024-01-04 02:32:19,73456
ord_002296,cust_00231,canceled,2023-11-10 14:37:18,2243
ord_002297,cust_00070,processing,2024-06-28 04:22:03,1329
ord_002298,cust_00163,canceled,2023-01-17 12:35:36,15237
ord_002299,cust_00329,canceled,2023-07-07 23:48:23,10199
ord_002300,cust_00291,delivered,2024-06-29 13:36:12,9447
ord_002301,cust_00114,processing,2023-09-07 08:11:02,4386
ord_002302,cust_00157,delivered,2023-04-05 14:50:39,4398
ord_002303,cust_00335,delivered,2023-06-15 23:13:55,629
ord_002304,cust_00035,delivered,2024-04-23 15:00:07,4410
ord_002305,cust_00131,shipped,2024-03-08 18:42:21,1293
ord_002306,cust_00485,delivered,2023-09-06 23:31:13,1728
ord_002307,cust_00249,shipped,2023-01-30 02:23:59,62047
ord_002308,cust_00092,delivered,2024-03-19 14:39:17,7597
ord_002309,cust_00319,delivered,2024-04-26 06:47:54,1274
ord_002310,cust_00185,shipped,2024-02-21 18:03:11,5049
ord_002311,cust_00273,delivered,2023-06-06 13:54:48,2999
ord_002312,cust_00426,delivered,2024-01-26 01:45:22,1119
ord_002313,cust_00360,shipped,2023-08-15 05:18:44,2798
ord_002314,cust_00097,delivered,2023-11-10 02:49:50,1798
ord_002315,cust_00405,delivered,2023-03-02 22:04:43,10999
ord_002316,cust_00344,delivered,2023-02-25 15:44:16,17223
ord_002317,cust_00466,processing,2023-07-07 13:18:09,11399
ord_002318,cust_00108,delivered,2023-09-21 23:56:38,2599
ord_002319,cust_00014,shipped,2023-10-15 04:35:43,37646
ord_002320,cust_00349,shipped,2023-11-02 16:51:40,1259
ord_002321,cust_00401,delivered,2023-12-03 00:18:57,8197
ord_002322,cust_00276,delivered,2024-02-24 18:38:19,11049
ord_002323,cust_00405,delivered,2024-02-10 09:08:15,3906
ord_002324,cust_00180,canceled,2023-06-02 21:56:45,53998
ord_002325,cust_00325,delivered,2023-03-17 18:10:38,17999
ord_002326,cust_00454,canceled,2023-08-01 09:17:48,4336
ord_002327,cust_00028,shipped,2023-09-22 18:35:53,2938
ord_002328,cust_00306,delivered,2023-03-12 23:57:37,10698
ord_002329,cust_00377,delivered,2023-01-01 06:31:11,36486
ord_002330,cust_00111,delivered,2023-02-08 05:01:19,1923
ord_002331,cust_00476,processing,2023-10-16 15:32:04,7748
ord_002332,cust_00184,delivered,2023-04-11 08:32:03,20461
ord_002333,cust_00438,delivered,2023-03-29 06:28:20,1399
ord_002334,cust_00378,delivered,2023-07-16 19:32:34,3373
ord_002335,cust_00023,canceled,2024-03-22 05:28:16,8249
ord_002336,cust_00210,shipped,2023-12-11 00:00:18,1938
ord_002337,cust_00485,delivered,2024-05-12 01:50:48,1999
ord_002338,cust_00248,delivered,2024-06-04 12:38:17,2698
ord_002339,cust_00456,canceled,2023-03-09 17:30:00,1259
ord_002340,cust_00015,canceled,2023-10-24 14:20:38,4599
ord_002341,cust_00265,canceled,2024-01-03 20:54:39,3737
ord_002342,cust_00113,processing,2023-06-29 08:06:06,3236
ord_002343,cust_00341,delivered,2023-12-10 15:52:56,6345
ord_002344,cust_00013,processing,2023-12-27 17:54:47,1398
ord_002345,cust_00412,processing,2024-05-14 00:59:27,4986
ord_002346,cust_00304,canceled,2024-04-08 21:23:53,759
ord_002347,cust_00269,delivered,2023-07-07 16:34:00,2249
ord_002348,cust_00434,processing,2023-08-16 15:40:56,599
ord_002349,cust_00500,delivered,2024-03-03 09:01:36,11655
ord_002350,cust_00150,delivered,2024-05-01 19:19:22,25497
ord_002351,cust_00495,delivered,2024-04-09 14:01:28,1833
ord_002352,cust_00282,canceled,2024-01-14 01:32:25,824
ord_002353,cust_00040,delivered,2023-01-09 08:21:55,4736
ord_002354,cust_00149,shipped,2023-06-12 03:41:12,1112
ord_002355,cust_00343,delivered,2023-10-12 18:06:28,13999
ord_002356,cust_00163,delivered,2024-02-06 10:14:39,23399
ord_002357,cust_00142,delivered,2023-05-14 11:02:31,7124
ord_002358,cust_00162,canceled,2023-01-22 05:26:38,4599
ord_002359,cust_00363,delivered,2024-02-16 18:58:00,1528
ord_002360,cust_00324,delivered,2024-04-09 11:18:37,12623
ord_002361,cust_00322,shipped,2024-01-14 16:51:47,19198
ord_002362,cust_00255,shipped,2024-03-01 00:23:53,9749
ord_002363,cust_00214,delivered,2023-12-28 13:17:26,27136
ord_002364,cust_00124,delivered,2023-07-30 18:40:31,5615
ord_002365,cust_00221,delivered,2023-08-16 10:55:03,11935
ord_002366,cust_00423,canceled,2023-06-24 20:27:48,4705
ord_002367,cust_00007,canceled,2023-06-27 14:42:42,1279
ord_002368,cust_00062,delivered,2023-11-30 00:35:56,559
ord_002369,cust_00383,delivered,2023-06-12 00:44:56,21838
ord_002370,cust_00492,delivered,2023-12-30 13:23:30,15173
ord_002371,cust_00486,delivered,2023-11-18 18:31:26,15497
ord_002372,cust_00041,processing,2023-06-13 13:38:10,6446
ord_002373,cust_00029,processing,2023-12-26 09:16:16,2124
ord_002374,cust_00443,canceled,2023-07-03 15:33:08,524
ord_002375,cust_00107,delivered,2024-06-12 10:36:25,2787
ord_002376,cust_00064,delivered,2023-08-18 01:48:34,32826
ord_002377,cust_00194,delivered,2024-02-07 02:06:10,2597
ord_002378,cust_00376,delivered,2023-05-07 22:34:50,16598
ord_002379,cust_00443,delivered,2023-03-15 19:55:40,11242
ord_002380,cust_00430,shipped,2023-07-16 14:51:49,2624
ord_002381,cust_00454,canceled,2024-03-04 22:51:39,14399
ord_002382,cust_00430,delivered,2023-09-07 02:52:32,899
ord_002383,cust_00158,delivered,2023-02-04 19:25:23,9072
ord_002384,cust_00217,canceled,2023-12-11 09:03:53,1599
ord_002385,cust_00259,delivered,2023-11-28 07:13:10,6299
ord_002386,cust_00300,delivered,2023-04-26 00:45:14,1613
ord_002387,cust_00473,delivered,2023-12-08 11:11:56,3374
ord_002388,cust_00251,processing,2023-09-29 18:39:38,1079
ord_002389,cust_00474,delivered,2023-05-24 04:25:26,13037
ord_002390,cust_00331,delivered,2024-02-24 07:55:55,3072
ord_002391,cust_00356,canceled,2023-07-24 02:56:40,719
ord_002392,cust_00456,delivered,2023-03-02 00:18:26,16047
ord_002393,cust_00087,delivered,2023-07-05 00:15:07,25537
ord_002394,cust_00044,canceled,2023-03-21 03:38:15,7271
ord_002395,cust_00480,canceled,2024-02-02 03:30:00,8159
ord_002396,cust_00242,processing,2023-03-18 20:16:10,14147
ord_002397,cust_00217,delivered,2024-06-20 17:26:03,27597
ord_002398,cust_00049,delivered,2023-04-05 14:04:49,14996
ord_002399,cust_00282,delivered,2024-04-01 10:32:50,5998
ord_002400,cust_00476,processing,2024-01-23 00:19:07,36596
ord_002401,cust_00063,canceled,2024-06-04 11:57:55,3293
ord_002402,cust_00038,delivered,2023-10-09 03:35:06,11198
ord_002403,cust_00330,delivered,2023-08-15 12:12:57,559
ord_002404,cust_00437,delivered,2024-02-16 17:55:11,13631
ord_002405,cust_00445,delivered,2023-04-10 00:27:17,1918
ord_002406,cust_00483,delivered,2024-01-18 16:15:01,2543
ord_002407,cust_00477,processing,2024-01-07 06:01:19,1599
ord_002408,cust_00492,processing,2024-06-10 03:00:08,9348
ord_002409,cust_00259,delivered,2024-05-03 13:29:57,599
ord_002410,cust_00016,delivered,2024-03-15 17:19:22,5037
ord_002411,cust_00246,canceled,2024-04-29 23:36:07,15673
ord_002412,cust_00006,canceled,2023-10-31 21:01:34,14347
ord_002413,cust_00130,delivered,2023-06-30 06:32:56,699
ord_002414,cust_00111,delivered,2023-01-30 09:41:29,11047
ord_002415,cust_00221,delivered,2023-05-02 00:02:29,9024
ord_002416,cust_00205,delivered,2024-03-29 19:04:16,4673
ord_002417,cust_00028,canceled,2024-04-03 10:09:49,474
ord_002418,cust_00450,canceled,2024-06-01 12:21:28,80597
ord_002419,cust_00023,shipped,2024-03-05 21:02:27,2699
ord_002420,cust_00037,delivered,2023-05-11 10:05:26,2698
ord_002421,cust_00428,processing,2024-04-19 08:09:20,17858
ord_002422,cust_00296,canceled,2023-09-06 09:36:13,1049
ord_002423,cust_00449,delivered,2024-02-17 17:01:43,699
ord_002424,cust_00175,delivered,2024-06-07 05:42:40,599
ord_002425,cust_00071,delivered,2023-07-12 16:25:44,9037
ord_002426,cust_00038,delivered,2023-03-23 00:19:07,1439
ord_002427,cust_00453,canceled,2023-04-17 19:31:11,4402
ord_002428,cust_00339,delivered,2024-03-09 02:21:47,279299
ord_002429,cust_00048,delivered,2024-05-07 18:10:15,6915
ord_002430,cust_00327,processing,2024-06-22 06:29:35,2972
ord_002431,cust_00352,delivered,2023-08-08 19:44:00,1099
ord_002432,cust_00231,delivered,2024-06-06 02:31:51,14923
ord_002433,cust_00008,delivered,2023-06-14 22:06:26,21068
ord_002434,cust_00020,shipped,2024-03-19 03:43:03,1358
ord_002435,cust_00126,shipped,2023-07-21 05:04:24,10848
ord_002436,cust_00054,delivered,2023-11-17 07:37:25,1948
ord_002437,cust_00049,canceled,2023-10-28 13:22:31,9748
ord_002438,cust_00257,processing,2024-02-12 14:21:29,4082
ord_002439,cust_00149,delivered,2024-05-19 14:04:59,23997
ord_002440,cust_00161,delivered,2024-05-25 01:33:53,2757
ord_002441,cust_00454,delivered,2024-04-07 21:38:25,3374
ord_002442,cust_00162,delivered,2023-11-09 13:53:16,11998
ord_002443,cust_00030,shipped,2023-03-31 03:30:41,2268
ord_002444,cust_00037,canceled,2024-06-23 10:36:49,2838
ord_002445,cust_00414,delivered,2023-03-02 10:57:12,145890
ord_002446,cust_00123,canceled,2023-03-01 21:42:57,43947
ord_002447,cust_00194,shipped,2023-04-13 08:42:28,1359
ord_002448,cust_00409,delivered,2024-06-21 23:31:51,2668
ord_002449,cust_00107,delivered,2023-01-04 21:01:12,4723
ord_002450,cust_00417,delivered,2023-10-09 20:01:14,3799
ord_002451,cust_00155,delivered,2023-10-27 01:00:50,3362
ord_002452,cust_00144,canceled,2024-03-26 04:34:18,18998
ord_002453,cust_00065,delivered,2023-05-31 08:16:27,839
ord_002454,cust_00334,shipped,2023-04-17 02:51:12,12978
ord_002455,cust_00321,delivered,2023-11-05 16:50:33,2449
ord_002456,cust_00118,delivered,2023-02-09 20:56:50,24987
ord_002457,cust_00417,delivered,2023-04-23 03:16:57,2826
ord_002458,cust_00400,delivered,2023-06-08 21:20:53,1703
ord_002459,cust_00071,delivered,2024-03-05 23:16:29,4312
ord_002460,cust_00336,shipped,2023-08-20 14:17:59,4485
ord_002461,cust_00379,delivered,2024-06-17 21:04:34,11999
ord_002462,cust_00370,shipped,2024-04-29 03:18:40,28497
ord_002463,cust_00401,delivered,2023-05-11 02:48:42,23521
ord_002464,cust_00185,delivered,2024-05-24 11:24:16,39456
ord_002465,cust_00102,shipped,2023-06-19 21:22:11,1599
ord_002466,cust_00174,delivered,2024-02-24 07:49:58,18847
ord_002467,cust_00247,delivered,2024-06-07 13:54:50,849
ord_002468,cust_00188,shipped,2024-06-13 05:44:54,9599
ord_002469,cust_00156,processing,2023-11-08 06:50:59,1329
ord_002470,cust_00269,canceled,2023-07-08 00:50:21,22021
ord_002471,cust_00061,delivered,2023-09-12 20:03:08,599
ord_002472,cust_00264,shipped,2024-04-17 18:15:16,19301
ord_002473,cust_00359,delivered,2023-06-23 18:54:46,12496
ord_002474,cust_00473,delivered,2024-02-02 02:29:31,629
ord_002475,cust_00390,delivered,2024-03-24 15:16:09,9764
ord_002476,cust_00432,delivered,2023-10-15 00:57:16,2518
ord_002477,cust_00389,delivered,2023-08-11 03:42:53,989
ord_002478,cust_00191,processing,2023-06-05 04:50:56,3998
ord_002479,cust_00167,shipped,2023-08-11 21:58:22,7855
ord_002480,cust_00098,delivered,2023-08-10 02:51:06,2406
ord_002481,cust_00240,delivered,2023-06-29 08:18:17,1788
ord_002482,cust_00147,delivered,2023-03-09 05:43:34,4222
ord_002483,cust_00446,delivered,2023-02-18 17:01:31,2099
ord_002484,cust_00457,delivered,2023-04-26 01:40:54,17573
ord_002485,cust_00222,processing,2024-05-01 00:54:57,7399
ord_002486,cust_00242,processing,2023-06-25 18:01:40,679
ord_002487,cust_00260,shipped,2023-07-26 20:45:37,4477
ord_002488,cust_00244,delivered,2024-05-30 02:08:53,10449
ord_002489,cust_00261,delivered,2023-06-18 03:36:39,11202
ord_002490,cust_00260,canceled,2024-04-16 14:31:11,6299
ord_002491,cust_00253,shipped,2024-05-27 10:49:34,599
ord_002492,cust_00076,delivered,2023-05-02 21:07:21,3749
ord_002493,cust_00394,shipped,2023-03-12 01:10:06,1998
ord_002494,cust_00419,delivered,2023-10-06 01:22:15,18747
ord_002495,cust_00248,shipped,2023-05-08 13:20:12,1461
ord_002496,cust_00213,shipped,2023-02-05 10:56:03,4977
ord_002497,cust_00118,canceled,2023-05-15 07:53:55,1019
ord_002498,cust_00239,delivered,2023-04-22 15:02:25,1078
ord_002499,cust_00405,processing,2024-04-04 12:25:20,28796
ord_002500,cust_00461,canceled,2023-06-30 03:42:26,2957
ord_002501,cust_00469,canceled,2023-06-24 17:41:48,2658
ord_002502,cust_00487,delivered,2024-03-26 15:25:35,16581
ord_002503,cust_00021,processing,2023-07-28 06:12:54,799
ord_002504,cust_00177,shipped,2023-03-15 04:03:08,6824
ord_002505,cust_00411,delivered,2023-02-27 23:50:08,3942
ord_002506,cust_00155,canceled,2023-10-14 01:51:46,4599
ord_002507,cust_00364,delivered,2024-06-02 15:08:09,2122
ord_002508,cust_00095,canceled,2023-07-04 02:44:21,3157
ord_002509,cust_00474,delivered,2023-04-19 14:31:45,46746
ord_002510,cust_00398,canceled,2023-01-18 22:24:05,7622
ord_002511,cust_00158,processing,2023-03-11 13:36:21,1499
ord_002512,cust_00106,delivered,2023-08-04 12:01:12,10487
ord_002513,cust_00167,delivered,2023-09-18 08:02:03,2890
ord_002514,cust_00242,delivered,2024-05-25 07:13:58,23937
ord_002515,cust_00324,delivered,2023-11-16 09:50:04,4448
ord_002516,cust_00442,delivered,2023-12-16 19:38:05,12982
ord_002517,cust_00307,processing,2024-01-09 17:14:55,4262
ord_002518,cust_00321,canceled,2024-04-29 20:44:43,31905
ord_002519,cust_00336,processing,2024-02-02 21:03:24,2846
ord_002520,cust_00210,processing,2023-10-22 22:31:52,759
ord_002521,cust_00367,delivered,2023-09-30 18:22:18,4238
ord_002522,cust_00296,processing,2023-03-24 19:33:28,14226
ord_002523,cust_00148,delivered,2023-05-20 00:14:37,599
ord_002524,cust_00209,delivered,2023-01-18 15:28:24,7776
ord_002525,cust_00087,delivered,2023-07-16 19:01:21,824
ord_002526,cust_00202,delivered,2023-04-22 23:05:34,3702
ord_002527,cust_00072,processing,2023-01-19 00:44:06,26399
ord_002528,cust_00303,canceled,2024-01-27 03:36:55,879
ord_002529,cust_00488,delivered,2023-08-03 16:57:47,4433
ord_002530,cust_00258,processing,2023-04-24 21:25:15,10499
ord_002531,cust_00482,canceled,2023-02-01 07:17:25,48946
ord_002532,cust_00301,delivered,2023-08-27 16:13:50,4727
ord_002533,cust_00293,delivered,2023-06-14 00:28:38,2940
ord_002534,cust_00035,shipped,2023-12-28 20:28:24,27999
ord_002535,cust_00040,shipped,2024-05-18 16:14:38,699
ord_002536,cust_00195,delivered,2023-04-04 14:36:14,2697
ord_002537,cust_00023,processing,2024-02-16 13:59:34,769
ord_002538,cust_00296,delivered,2024-03-11 00:15:33,2098
ord_002539,cust_00468,delivered,2023-02-15 11:48:45,18919
ord_002540,cust_00302,processing,2023-01-03 19:59:14,749
ord_002541,cust_00207,delivered,2023-04-15 11:17:51,12999
ord_002542,cust_00021,delivered,2024-01-07 07:07:41,1368
ord_002543,cust_00077,delivered,2023-09-22 02:26:03,3374
ord_002544,cust_00047,delivered,2023-01-12 07:06:00,3682
ord_002545,cust_00109,delivered,2024-03-23 20:18:49,4674
ord_002546,cust_00391,delivered,2023-04-03 16:31:51,4498
ord_002547,cust_00425,delivered,2023-04-17 23:14:47,8624
ord_002548,cust_00026,shipped,2024-06-03 19:55:39,5212
ord_002549,cust_00468,delivered,2023-01-17 08:00:21,2599
ord_002550,cust_00197,processing,2024-01-10 19:48:20,1439
ord_002551,cust_00127,shipped,2023-09-13 03:06:32,1699
ord_002552,cust_00062,shipped,2023-12-16 15:02:42,1119
ord_002553,cust_00490,shipped,2024-04-22 09:20:20,3399
ord_002554,cust_00120,canceled,2023-05-26 22:56:27,51097
ord_002555,cust_00236,delivered,2023-11-14 01:10:56,45707
ord_002556,cust_00282,delivered,2024-02-11 16:19:57,5268
ord_002557,cust_00361,delivered,2023-06-10 09:49:24,2062
ord_002558,cust_00358,delivered,2023-07-29 12:15:50,27999
ord_002559,cust_00206,delivered,2024-01-03 02:31:19,2699
ord_002560,cust_00074,canceled,2023-12-14 20:24:55,6073
ord_002561,cust_00142,delivered,2024-04-08 01:57:09,2248
ord_002562,cust_00232,delivered,2023-09-11 12:22:04,1563
ord_002563,cust_00456,processing,2024-05-23 16:31:46,10997
ord_002564,cust_00496,processing,2023-04-09 00:52:57,489
ord_002565,cust_00303,shipped,2023-12-05 23:30:07,7012
ord_002566,cust_00028,shipped,2023-03-22 13:07:33,3249
ord_002567,cust_00242,canceled,2023-05-23 10:28:56,509
ord_002568,cust_00385,delivered,2023-01-31 21:04:34,3062
ord_002569,cust_00200,delivered,2023-04-08 07:08:06,3436
ord_002570,cust_00441,canceled,2024-05-02 11:08:01,5174
ord_002571,cust_00455,canceled,2023-03-09 06:14:14,699
ord_002572,cust_00474,shipped,2023-04-11 04:25:17,1519
ord_002573,cust_00049,delivered,2023-08-17 22:21:03,4406
ord_002574,cust_00300,delivered,2024-03-13 01:26:15,30398
ord_002575,cust_00204,delivered,2023-09-06 22:06:26,24317
ord_002576,cust_00197,delivered,2023-09-09 06:39:55,7398
ord_002577,cust_00270,delivered,2023-05-31 19:45:01,899
ord_002578,cust_00028,delivered,2024-06-18 06:25:06,2306
ord_002579,cust_00453,processing,2023-01-11 23:50:26,2398
ord_002580,cust_00164,delivered,2023-02-27 03:25:23,17372
ord_002581,cust_00286,shipped,2023-10-14 13:55:34,3249
ord_002582,cust_00252,delivered,2024-04-15 06:08:31,899
ord_002583,cust_00159,delivered,2024-02-13 12:16:11,8472
ord_002584,cust_00401,delivered,2023-03-20 06:12:05,1118
ord_002585,cust_00194,processing,2023-01-07 19:37:03,2173
ord_002586,cust_00328,shipped,2023-02-26 10:40:10,4768
ord_002587,cust_00425,canceled,2023-09-03 19:51:36,10861
ord_002588,cust_00381,shipped,2023-03-16 12:54:49,4907
ord_002589,cust_00222,processing,2024-02-19 23:48:28,1188
ord_002590,cust_00028,processing,2023-11-17 19:30:23,3257
ord_002591,cust_00299,canceled,2023-09-15 01:53:20,3036
ord_002592,cust_00154,shipped,2023-06-02 00:36:42,10048
ord_002593,cust_00314,delivered,2023-10-23 20:23:24,509
ord_002594,cust_00195,delivered,2024-03-30 03:17:00,3571
ord_002595,cust_00060,delivered,2023-04-29 15:10:00,5011
ord_002596,cust_00462,canceled,2023-04-15 11:56:39,1398
ord_002597,cust_00168,canceled,2023-10-14 01:00:58,1398
ord_002598,cust_00375,delivered,2024-04-17 22:32:32,5073
ord_002599,cust_00419,delivered,2023-02-18 03:07:26,4248
ord_002600,cust_00175,canceled,2023-01-22 07:45:38,598
ord_002601,cust_00111,processing,2023-10-05 02:31:11,4497
ord_002602,cust_00472,delivered,2023-10-04 22:28:04,63757
ord_002603,cust_00096,canceled,2023-06-28 11:57:34,2624
ord_002604,cust_00273,delivered,2023-01-11 23:10:16,879
ord_002605,cust_00398,delivered,2024-01-21 19:08:00,12999
ord_002606,cust_00040,delivered,2024-05-06 12:13:25,1199
ord_002607,cust_00085,delivered,2024-01-26 20:26:07,1713
ord_002608,cust_00420,delivered,2024-04-25 18:09:05,19855
ord_002609,cust_00169,delivered,2023-04-03 18:00:40,2253
ord_002610,cust_00398,shipped,2023-09-24 07:38:33,8249
ord_002611,cust_00133,delivered,2024-02-10 06:49:32,22865
ord_002612,cust_00393,processing,2023-11-29 07:14:18,7498
ord_002613,cust_00171,processing,2023-08-30 22:43:27,2624
ord_002614,cust_00385,delivered,2023-03-21 09:03:04,10535
ord_002615,cust_00394,delivered,2023-02-06 20:43:56,4385
ord_002616,cust_00284,delivered,2024-06-20 08:57:23,4874
ord_002617,cust_00096,delivered,2024-03-29 21:39:12,1398
ord_002618,cust_00135,delivered,2024-05-10 02:44:21,34748
ord_002619,cust_00022,delivered,2024-05-25 11:11:16,3596
ord_002620,cust_00477,delivered,2023-09-15 15:28:54,4599
ord_002621,cust_00248,delivered,2023-07-25 00:54:18,2108
ord_002622,cust_00213,shipped,2024-01-21 12:53:23,1699
ord_002623,cust_00463,shipped,2023-08-23 23:51:26,1199
ord_002624,cust_00291,delivered,2023-02-07 07:48:43,3207
ord_002625,cust_00449,canceled,2023-05-10 08:58:02,4006
ord_002626,cust_00003,delivered,2024-04-18 05:21:09,31871
ord_002627,cust_00050,processing,2023-06-09 03:32:25,594
ord_002628,cust_00242,shipped,2024-04-23 07:24:01,8807
ord_002629,cust_00278,shipped,2024-03-11 09:40:28,8882
ord_002630,cust_00475,delivered,2024-03-20 15:21:50,629
ord_002631,cust_00447,delivered,2023-08-10 15:48:57,19799
ord_002632,cust_00230,delivered,2023-04-05 06:29:52,16195
ord_002633,cust_00443,canceled,2023-09-04 01:37:33,5107
ord_002634,cust_00165,delivered,2023-06-19 08:02:43,10757
ord_002635,cust_00461,delivered,2024-01-04 04:00:47,11338
ord_002636,cust_00490,canceled,2024-01-15 08:11:26,15598
ord_002637,cust_00354,delivered,2024-02-27 05:39:18,489
ord_002638,cust_00262,shipped,2023-04-14 21:38:23,5330
ord_002639,cust_00377,canceled,2023-11-11 20:59:13,3612
ord_002640,cust_00286,delivered,2024-01-20 13:29:14,427
ord_002641,cust_00254,delivered,2023-07-06 20:12:53,1019
ord_002642,cust_00001,canceled,2023-08-14 00:04:31,1049
ord_002643,cust_00005,shipped,2024-06-13 09:30:04,6147
ord_002644,cust_00358,shipped,2024-01-05 14:42:40,21249
ord_002645,cust_00169,delivered,2024-04-11 07:08:52,489
ord_002646,cust_00277,delivered,2024-05-21 15:08:52,53998
ord_002647,cust_00374,delivered,2024-03-14 08:16:03,839
ord_002648,cust_00240,delivered,2023-08-21 12:25:53,8020
ord_002649,cust_00063,delivered,2023-01-02 18:54:10,1359
ord_002650,cust_00238,delivered,2024-01-23 13:27:11,2228
ord_002651,cust_00016,shipped,2024-01-30 09:55:28,978
ord_002652,cust_00334,canceled,2023-07-12 16:26:34,759
ord_002653,cust_00240,delivered,2023-09-26 23:35:27,3397
ord_002654,cust_00132,shipped,2023-06-18 01:53:17,949
ord_002655,cust_00144,delivered,2023-10-08 07:52:52,1199
ord_002656,cust_00198,delivered,2023-09-02 02:53:23,2938
ord_002657,cust_00449,shipped,2023-10-02 12:07:59,1912
ord_002658,cust_00217,delivered,2023-04-17 20:08:57,4299
ord_002659,cust_00171,delivered,2023-09-14 19:07:40,51116
ord_002660,cust_00351,delivered,2023-11-21 02:46:10,1799
ord_002661,cust_00239,delivered,2023-12-25 15:05:57,2437
ord_002662,cust_00500,delivered,2023-07-26 07:45:39,2037
ord_002663,cust_00479,delivered,2024-02-14 13:26:22,3447
ord_002664,cust_00121,delivered,2023-01-26 14:54:01,899
ord_002665,cust_00022,delivered,2024-03-16 07:40:29,16473
ord_002666,cust_00131,canceled,2024-04-14 10:22:51,664
ord_002667,cust_00398,delivered,2024-04-18 14:15:28,3249
ord_002668,cust_00495,delivered,2024-03-24 13:49:51,6356
ord_002669,cust_00042,canceled,2023-12-02 03:13:32,2348
ord_002670,cust_00463,delivered,2024-01-02 22:50:14,6456
ord_002671,cust_00442,delivered,2023-12-07 09:09:41,15173
ord_002672,cust_00032,processing,2023-09-26 02:30:45,10598
ord_002673,cust_00246,shipped,2023-09-08 01:14:53,2886
ord_002674,cust_00459,delivered,2024-01-09 22:15:25,5048
ord_002675,cust_00081,processing,2023-01-02 17:12:18,3637
ord_002676,cust_00215,canceled,2023-04-10 21:42:23,77398
ord_002677,cust_00104,delivered,2024-05-28 08:37:32,6197
ord_002678,cust_00369,processing,2024-04-19 16:10:15,3723
ord_002679,cust_00304,delivered,2023-10-14 14:00:07,8816
ord_002680,cust_00184,delivered,2024-01-23 02:22:57,4037
ord_002681,cust_00398,delivered,2023-11-22 01:07:39,3999
ord_002682,cust_00470,processing,2023-10-22 15:04:17,1701
ord_002683,cust_00435,canceled,2023-04-18 09:36:12,1079
ord_002684,cust_00163,shipped,2023-10-06 12:37:56,11292
ord_002685,cust_00354,delivered,2023-07-14 01:59:47,4874
ord_002686,cust_00436,processing,2024-06-16 05:52:00,2621
ord_002687,cust_00101,delivered,2024-04-26 07:51:29,29398
ord_002688,cust_00252,delivered,2024-04-10 16:33:00,1978
ord_002689,cust_00016,delivered,2023-07-17 20:23:27,949
ord_002690,cust_00148,delivered,2023-10-28 02:39:33,18836
ord_002691,cust_00126,delivered,2023-09-15 18:30:36,17599
ord_002692,cust_00180,canceled,2023-06-27 17:11:23,23748
ord_002693,cust_00363,delivered,2023-05-21 20:38:33,1413
ord_002694,cust_00287,delivered,2023-07-14 11:05:28,2977
ord_002695,cust_00155,delivered,2023-01-26 13:51:40,9834
ord_002696,cust_00320,delivered,2023-03-25 22:21:35,11023
ord_002697,cust_00463,shipped,2023-02-26 14:55:47,4157
ord_002698,cust_00391,processing,2023-07-11 10:09:41,14399
ord_002699,cust_00241,canceled,2023-12-17 15:35:43,1723
ord_002700,cust_00009,processing,2023-01-19 19:13:04,1019
ord_002701,cust_00115,shipped,2023-07-24 03:42:40,2238
ord_002702,cust_00075,shipped,2023-01-03 07:19:30,3324
ord_002703,cust_00024,delivered,2023-11-24 12:17:41,16773
ord_002704,cust_00212,processing,2023-04-14 09:34:00,3058
ord_002705,cust_00318,delivered,2023-08-16 22:26:47,5055
ord_002706,cust_00298,canceled,2023-10-15 17:54:04,16486
ord_002707,cust_00354,delivered,2023-07-04 10:45:46,379
ord_002708,cust_00477,delivered,2023-01-22 22:56:05,4877
ord_002709,cust_00209,delivered,2023-09-09 23:26:28,2972
ord_002710,cust_00471,delivered,2023-12-08 09:59:46,15817
ord_002711,cust_00380,delivered,2023-12-02 06:47:02,5157
ord_002712,cust_00244,shipped,2024-03-05 23:19:04,24196
ord_002713,cust_00223,delivered,2023-09-06 03:47:28,1599
ord_002714,cust_00360,shipped,2023-05-17 17:30:36,1439
ord_002715,cust_00399,canceled,2023-09-01 22:38:45,3599
ord_002716,cust_00124,shipped,2023-02-18 14:31:33,2758
ord_002717,cust_00438,delivered,2023-12-08 11:51:37,2799
ord_002718,cust_00155,shipped,2023-02-03 15:40:06,4498
ord_002719,cust_00466,processing,2023-01-11 19:04:52,13238
ord_002720,cust_00261,canceled,2023-07-01 07:16:25,29202
ord_002721,cust_00043,canceled,2024-06-27 10:56:19,2823
ord_002722,cust_00406,delivered,2023-02-06 20:24:53,7173
ord_002723,cust_00009,delivered,2024-05-14 17:54:23,4477
ord_002724,cust_00262,delivered,2023-12-30 09:04:44,1028
ord_002725,cust_00372,delivered,2023-07-24 23:33:57,14398
ord_002726,cust_00317,canceled,2023-03-03 03:14:21,37097
ord_002727,cust_00475,shipped,2023-09-05 12:38:30,25127
ord_002728,cust_00193,canceled,2024-05-07 14:07:35,6516
ord_002729,cust_00122,delivered,2023-10-24 09:52:25,5237
ord_002730,cust_00322,delivered,2023-05-12 07:50:44,6324
ord_002731,cust_00015,delivered,2024-01-02 02:45:33,8549
ord_002732,cust_00218,canceled,2023-05-14 02:05:18,13599
ord_002733,cust_00262,delivered,2024-01-03 13:04:29,12972
ord_002734,cust_00216,shipped,2023-03-08 22:35:47,6374
ord_002735,cust_00031,delivered,2024-04-16 21:27:32,15147
ord_002736,cust_00302,delivered,2023-02-09 00:41:56,799
ord_002737,cust_00397,delivered,2023-01-12 00:42:42,4462
ord_002738,cust_00298,processing,2023-09-11 13:50:33,7568
ord_002739,cust_00089,delivered,2024-03-18 01:53:24,1349
ord_002740,cust_00398,delivered,2023-02-20 05:01:43,11598
ord_002741,cust_00430,shipped,2024-02-24 04:33:31,30398
ord_002742,cust_00415,processing,2023-06-10 23:08:02,32998
ord_002743,cust_00186,shipped,2024-06-29 09:30:13,29801
ord_002744,cust_00479,delivered,2024-01-28 00:43:46,3101
ord_002745,cust_00302,delivered,2023-01-18 11:19:46,3238
ord_002746,cust_00209,delivered,2024-01-02 16:47:44,24848
ord_002747,cust_00392,delivered,2023-08-08 03:56:46,4253
ord_002748,cust_00314,delivered,2023-03-04 23:27:14,5454
ord_002749,cust_00016,delivered,2024-01-19 04:21:58,1599
ord_002750,cust_00279,delivered,2023-10-04 00:58:28,2374
ord_002751,cust_00208,delivered,2023-12-26 10:21:27,18899
ord_002752,cust_00407,delivered,2023-02-22 09:21:42,6815
ord_002753,cust_00040,delivered,2024-06-03 17:32:12,3698
ord_002754,cust_00014,delivered,2023-07-23 03:34:39,11032
ord_002755,cust_00115,delivered,2024-01-29 07:57:14,2399
ord_002756,cust_00051,delivered,2023-06-02 04:15:48,1438
ord_002757,cust_00404,shipped,2023-10-03 08:44:22,10297
ord_002758,cust_00107,delivered,2023-12-13 18:51:13,3401
ord_002759,cust_00118,processing,2023-03-04 11:53:11,10199
ord_002760,cust_00016,canceled,2024-02-28 01:57:58,2478
ord_002761,cust_00219,shipped,2023-12-23 15:19:51,1039
ord_002762,cust_00031,delivered,2024-02-16 21:51:25,1169
ord_002763,cust_00266,shipped,2023-04-22 00:18:10,22371
ord_002764,cust_00008,delivered,2024-05-16 09:49:35,25847
ord_002765,cust_00480,delivered,2024-03-26 14:27:07,38311
ord_002766,cust_00257,delivered,2023-06-27 14:55:21,47842
ord_002767,cust_00433,delivered,2024-02-25 05:03:24,1198
ord_002768,cust_00075,processing,2023-01-26 15:03:53,2158
ord_002769,cust_00191,canceled,2024-03-20 09:59:52,3086
ord_002770,cust_00128,delivered,2024-01-15 05:54:57,32787
ord_002771,cust_00300,delivered,2023-11-02 06:06:06,2488
ord_002772,cust_00183,delivered,2023-11-10 14:50:13,9422
ord_002773,cust_00377,processing,2023-09-15 03:36:56,2249
ord_002774,cust_00478,delivered,2024-01-12 16:59:05,62998
ord_002775,cust_00104,shipped,2024-06-13 21:39:16,48535
ord_002776,cust_00347,shipped,2023-03-17 18:34:19,21246
ord_002777,cust_00188,shipped,2023-01-09 16:45:18,9262
ord_002778,cust_00356,delivered,2023-06-12 08:44:05,73695
ord_002779,cust_00428,shipped,2024-04-13 11:17:18,12785
ord_002780,cust_00207,processing,2023-07-29 18:46:19,10123
ord_002781,cust_00041,delivered,2023-07-16 11:31:01,3925
ord_002782,cust_00047,shipped,2023-07-30 11:15:13,1013
ord_002783,cust_00018,delivered,2023-03-21 13:26:03,759
ord_002784,cust_00361,shipped,2024-04-26 15:27:47,28971
ord_002785,cust_00452,delivered,2024-02-13 18:52:23,2612
ord_002786,cust_00080,delivered,2023-08-05 03:37:45,13423
ord_002787,cust_00129,processing,2023-02-23 22:10:43,2997
ord_002788,cust_00185,delivered,2023-01-01 08:31:50,5086
ord_002789,cust_00007,delivered,2024-05-31 09:48:00,2118
ord_002790,cust_00478,delivered,2023-06-26 03:04:45,14728
ord_002791,cust_00225,shipped,2023-03-28 19:10:27,35249
ord_002792,cust_00215,delivered,2023-01-17 02:16:14,809
ord_002793,cust_00050,delivered,2023-04-05 04:24:28,6886
ord_002794,cust_00167,canceled,2023-07-09 00:56:08,4874
ord_002795,cust_00151,processing,2023-02-12 16:22:12,1528
ord_002796,cust_00019,processing,2024-02-05 13:02:16,46186
ord_002797,cust_00075,delivered,2024-03-21 23:08:42,14399
ord_002798,cust_00088,canceled,2023-12-01 01:47:33,948
ord_002799,cust_00071,delivered,2023-05-31 09:51:41,3277
ord_002800,cust_00262,canceled,2023-02-27 13:52:22,13648
ord_002801,cust_00196,canceled,2023-12-13 22:44:25,2799
ord_002802,cust_00213,delivered,2024-02-29 09:54:39,7347
ord_002803,cust_00335,canceled,2023-09-28 21:48:29,2757
ord_002804,cust_00165,processing,2023-10-21 02:20:21,1598
ord_002805,cust_00301,shipped,2024-03-04 22:28:58,5262
ord_002806,cust_00209,shipped,2024-01-06 13:59:23,639
ord_002807,cust_00302,delivered,2024-04-26 11:50:27,4274
ord_002808,cust_00193,processing,2024-05-20 20:02:32,11999
ord_002809,cust_00054,processing,2023-02-28 03:57:04,2398
ord_002810,cust_00175,delivered,2023-10-18 14:19:30,989
ord_002811,cust_00360,delivered,2024-04-17 01:01:46,299
ord_002812,cust_00054,delivered,2024-01-04 21:32:26,18848
ord_002813,cust_00049,processing,2023-05-03 08:17:21,3033
ord_002814,cust_00437,processing,2023-05-01 05:13:37,11485
ord_002815,cust_00403,delivered,2023-10-21 17:08:17,799
ord_002816,cust_00105,processing,2024-06-28 18:25:08,32987
ord_002817,cust_00028,delivered,2023-01-16 09:44:29,2457
ord_002818,cust_00338,delivered,2023-05-26 17:19:32,22127
ord_002819,cust_00060,delivered,2024-02-18 18:53:30,4957
ord_002820,cust_00059,delivered,2023-10-12 15:47:35,16597
ord_002821,cust_00222,canceled,2023-08-17 18:32:48,11049
ord_002822,cust_00096,canceled,2023-10-22 22:29:10,1078
ord_002823,cust_00173,delivered,2023-07-16 01:02:08,524
ord_002824,cust_00215,delivered,2024-01-09 10:38:52,28348
ord_002825,cust_00134,delivered,2023-02-08 16:39:38,5285
ord_002826,cust_00072,delivered,2023-01-20 03:26:41,2973
ord_002827,cust_00141,processing,2023-03-09 14:41:04,15576
ord_002828,cust_00141,delivered,2023-09-20 00:13:12,2958
ord_002829,cust_00193,delivered,2024-01-24 22:36:23,9797
ord_002830,cust_00395,processing,2023-08-09 14:43:28,989
ord_002831,cust_00069,canceled,2023-04-15 22:25:55,1358
ord_002832,cust_00186,delivered,2023-07-20 03:52:51,2621
ord_002833,cust_00477,processing,2023-04-20 09:34:03,1874
ord_002834,cust_00207,delivered,2023-10-18 09:21:41,799
ord_002835,cust_00203,delivered,2023-03-14 15:17:32,1799
ord_002836,cust_00180,canceled,2024-05-04 22:35:41,1438
ord_002837,cust_00337,delivered,2023-03-10 19:36:50,848
ord_002838,cust_00440,delivered,2024-04-02 17:56:29,899
ord_002839,cust_00442,processing,2023-11-19 07:48:04,4151
ord_002840,cust_00364,delivered,2023-01-06 03:59:01,4067
ord_002841,cust_00402,delivered,2024-05-28 13:19:14,90310
ord_002842,cust_00500,shipped,2023-07-31 11:35:25,509
ord_002843,cust_00316,processing,2024-03-28 07:12:46,4051
ord_002844,cust_00149,canceled,2023-08-15 15:53:13,629
ord_002845,cust_00380,delivered,2023-06-25 02:27:46,1349
ord_002846,cust_00287,processing,2023-11-11 10:17:18,4356
ord_002847,cust_00096,processing,2024-06-17 07:07:23,6438
ord_002848,cust_00202,delivered,2024-05-07 13:28:27,23399
ord_002849,cust_00031,delivered,2023-05-04 09:01:33,16498
ord_002850,cust_00076,delivered,2023-08-13 07:29:12,899
ord_002851,cust_00226,delivered,2024-04-20 15:49:57,21045
ord_002852,cust_00374,delivered,2024-03-13 13:01:03,561796
ord_002853,cust_00249,delivered,2023-06-23 00:34:51,8549
ord_002854,cust_00364,canceled,2023-02-17 13:11:04,3646
ord_002855,cust_00104,delivered,2023-09-24 00:16:21,15335
ord_002856,cust_00451,shipped,2023-11-06 22:19:43,4599
ord_002857,cust_00397,processing,2023-08-05 09:11:29,11957
ord_002858,cust_00261,canceled,2024-03-03 16:46:32,6299
ord_002859,cust_00055,shipped,2024-04-04 21:45:19,1119
ord_002860,cust_00293,delivered,2023-09-08 20:41:18,58501
ord_002861,cust_00083,processing,2024-06-25 07:42:32,899
ord_002862,cust_00182,processing,2023-08-24 01:22:43,1258
ord_002863,cust_00271,processing,2024-03-28 15:43:19,24022
ord_002864,cust_00220,canceled,2024-02-23 00:50:18,4767
ord_002865,cust_00491,delivered,2023-04-20 21:54:47,2177
ord_002866,cust_00122,canceled,2024-01-30 15:51:12,679
ord_002867,cust_00024,delivered,2023-08-25 13:07:31,8262
ord_002868,cust_00475,delivered,2023-02-25 18:48:08,4560
ord_002869,cust_00024,delivered,2024-04-24 21:52:23,6558
ord_002870,cust_00413,delivered,2024-02-26 11:23:19,22399
ord_002871,cust_00169,delivered,2023-04-07 02:53:29,1104
ord_002872,cust_00032,delivered,2024-05-08 12:42:15,10999
ord_002873,cust_00254,canceled,2023-09-02 12:10:30,4937
ord_002874,cust_00054,processing,2024-05-18 13:25:50,5197
ord_002875,cust_00225,canceled,2023-03-14 18:19:18,8806
ord_002876,cust_00219,canceled,2023-09-01 22:12:28,21998
ord_002877,cust_00463,delivered,2023-12-15 22:47:46,799
ord_002878,cust_00120,processing,2023-03-06 11:38:36,7622
ord_002879,cust_00331,processing,2024-06-04 19:39:34,19746
ord_002880,cust_00058,processing,2023-03-21 15:43:31,5863
ord_002881,cust_00037,delivered,2024-05-31 09:25:11,1912
ord_002882,cust_00013,delivered,2023-07-27 03:44:11,559
ord_002883,cust_00117,delivered,2023-05-28 23:56:26,15248
ord_002884,cust_00482,processing,2023-03-29 06:20:31,3973
ord_002885,cust_00389,processing,2023-01-18 05:37:22,1119
ord_002886,cust_00455,delivered,2023-12-25 13:40:50,1677
ord_002887,cust_00326,delivered,2024-05-14 08:55:43,15738
ord_002888,cust_00358,delivered,2023-11-30 13:25:53,979
ord_002889,cust_00201,delivered,2024-06-02 10:35:37,1119
ord_002890,cust_00049,delivered,2023-07-22 02:24:12,4836
ord_002891,cust_00404,delivered,2023-03-19 02:28:21,21502
ord_002892,cust_00230,delivered,2024-06-21 22:38:32,9998
ord_002893,cust_00250,delivered,2023-06-21 17:07:37,5398
ord_002894,cust_00252,processing,2023-03-30 18:08:07,5972
ord_002895,cust_00415,shipped,2024-04-15 20:49:38,7998
ord_002896,cust_00334,delivered,2024-04-14 23:48:15,1119
ord_002897,cust_00305,delivered,2024-03-02 01:39:54,4186
ord_002898,cust_00340,delivered,2024-03-28 10:11:56,1598
ord_002899,cust_00222,shipped,2024-03-18 08:22:24,3999
ord_002900,cust_00072,delivered,2023-03-09 02:32:46,22148
ord_002901,cust_00254,delivered,2023-01-13 00:43:11,12363
ord_002902,cust_00428,processing,2023-05-26 14:18:24,19599
ord_002903,cust_00368,delivered,2024-01-10 20:15:49,6999
ord_002904,cust_00320,delivered,2024-02-26 16:38:28,7199
ord_002905,cust_00029,canceled,2023-10-29 23:46:29,3599
ord_002906,cust_00248,processing,2024-02-27 12:52:50,6946
ord_002907,cust_00073,shipped,2023-08-20 13:19:15,1519
ord_002908,cust_00479,delivered,2023-08-15 07:53:52,1439
ord_002909,cust_00134,processing,2023-07-21 17:38:10,19872
ord_002910,cust_00369,delivered,2023-01-10 17:16:16,17999
ord_002911,cust_00298,delivered,2024-03-10 23:54:16,1599
ord_002912,cust_00030,delivered,2024-04-11 03:25:09,10538
ord_002913,cust_00153,delivered,2023-11-25 07:49:58,13599
ord_002914,cust_00360,canceled,2023-09-15 18:09:53,31915
ord_002915,cust_00439,canceled,2023-03-27 15:39:00,7424
ord_002916,cust_00466,canceled,2024-05-11 13:41:12,8543
ord_002917,cust_00242,delivered,2023-03-13 18:33:57,22721
ord_002918,cust_00274,processing,2023-05-02 02:13:43,449
ord_002919,cust_00231,delivered,2023-07-26 00:19:04,1868
ord_002920,cust_00079,shipped,2023-07-31 22:10:53,6812
ord_002921,cust_00293,delivered,2023-02-12 08:51:33,11721
ord_002922,cust_00461,processing,2024-03-23 14:55:05,10298
ord_002923,cust_00287,delivered,2023-05-23 12:43:19,254
ord_002924,cust_00380,delivered,2023-02-05 16:59:19,1632
ord_002925,cust_00271,processing,2023-06-02 11:07:26,23123
ord_002926,cust_00216,shipped,2023-07-29 01:33:14,15994
ord_002927,cust_00362,shipped,2023-09-30 03:40:33,5077
ord_002928,cust_00077,delivered,2024-01-06 00:27:33,20016
ord_002929,cust_00205,processing,2024-05-16 21:57:21,1999
ord_002930,cust_00150,processing,2023-11-05 05:26:03,1848
ord_002931,cust_00252,delivered,2023-02-22 04:42:13,55761
ord_002932,cust_00380,shipped,2023-07-21 23:46:44,15199
ord_002933,cust_00362,delivered,2023-06-02 05:47:02,2403
ord_002934,cust_00331,canceled,2024-06-18 09:13:09,37767
ord_002935,cust_00298,delivered,2023-08-09 08:23:57,73016
ord_002936,cust_00220,processing,2023-04-11 08:59:04,8146
ord_002937,cust_00140,delivered,2023-05-17 22:14:13,539
ord_002938,cust_00332,canceled,2024-01-16 15:19:59,18999
ord_002939,cust_00291,canceled,2023-02-12 14:36:34,5585
ord_002940,cust_00234,delivered,2023-10-15 01:35:37,36472
ord_002941,cust_00060,delivered,2024-01-21 08:12:52,74322
ord_002942,cust_00363,delivered,2024-05-05 06:37:52,1599
ord_002943,cust_00219,delivered,2024-03-26 13:40:39,5098
ord_002944,cust_00049,canceled,2023-12-06 10:46:49,2699
ord_002945,cust_00109,delivered,2024-04-22 03:30:12,2403
ord_002946,cust_00329,shipped,2023-06-13 04:21:53,10799
ord_002947,cust_00202,delivered,2023-03-26 16:20:01,2799
ord_002948,cust_00473,delivered,2024-02-10 13:37:03,4852
ord_002949,cust_00393,processing,2023-02-19 07:26:16,55447
ord_002950,cust_00157,delivered,2024-04-05 08:30:28,759
ord_002951,cust_00469,delivered,2023-10-13 17:17:33,4274
ord_002952,cust_00372,shipped,2024-04-20 15:55:51,978
ord_002953,cust_00062,delivered,2023-07-21 03:31:51,29717
ord_002954,cust_00065,delivered,2023-09-05 18:07:25,2124
ord_002955,cust_00065,shipped,2024-06-12 19:54:15,7938
ord_002956,cust_00001,delivered,2023-06-17 11:28:39,1999
ord_002957,cust_00388,delivered,2023-04-10 09:26:43,5998
ord_002958,cust_00250,delivered,2023-09-06 07:42:43,5197
ord_002959,cust_00045,shipped,2023-07-12 16:10:04,13398
ord_002960,cust_00234,shipped,2024-03-06 17:05:41,6187
ord_002961,cust_00147,canceled,2024-04-20 22:45:58,22048
ord_002962,cust_00281,canceled,2023-01-20 18:23:34,1439
ord_002963,cust_00311,delivered,2024-05-31 23:55:43,12867
ord_002964,cust_00374,delivered,2023-09-27 23:22:02,989
ord_002965,cust_00268,delivered,2024-03-04 12:54:44,10764
ord_002966,cust_00330,processing,2023-07-10 21:31:31,22399
ord_002967,cust_00352,shipped,2024-06-14 18:01:13,3721
ord_002968,cust_00317,delivered,2023-11-10 21:05:48,1328
ord_002969,cust_00083,delivered,2023-08-11 05:02:23,4311
ord_002970,cust_00364,processing,2023-06-03 22:14:54,2832
ord_002971,cust_00376,delivered,2024-04-19 07:22:26,9774
ord_002972,cust_00103,delivered,2023-05-23 07:22:44,13599
ord_002973,cust_00155,processing,2023-01-31 08:58:02,26999
ord_002974,cust_00413,canceled,2023-08-03 06:28:58,22499
ord_002975,cust_00430,delivered,2024-02-19 18:04:00,1874
ord_002976,cust_00011,canceled,2024-06-20 14:06:08,5424
ord_002977,cust_00199,canceled,2023-10-25 01:35:59,4661
ord_002978,cust_00344,delivered,2024-06-17 21:34:39,1868
ord_002979,cust_00056,delivered,2023-06-13 11:16:32,1499
ord_002980,cust_00328,shipped,2023-01-14 19:07:44,2437
ord_002981,cust_00082,processing,2023-11-14 03:49:12,3931
ord_002982,cust_00268,processing,2024-04-20 22:02:31,14198
ord_002983,cust_00150,processing,2023-10-14 21:31:30,1999
ord_002984,cust_00069,shipped,2023-09-26 06:45:44,1199
ord_002985,cust_00173,delivered,2024-03-28 00:50:40,5424
ord_002986,cust_00365,processing,2023-09-06 00:31:35,4422
ord_002987,cust_00034,shipped,2023-04-25 23:26:39,979
ord_002988,cust_00259,delivered,2023-01-14 02:49:39,1599
ord_002989,cust_00468,delivered,2023-03-18 11:03:23,1198
ord_002990,cust_00310,shipped,2023-08-02 21:18:17,769
ord_002991,cust_00120,processing,2024-02-28 03:59:38,2355
ord_002992,cust_00288,canceled,2024-06-25 11:00:21,4448
ord_002993,cust_00125,delivered,2024-05-18 20:16:06,2638
ord_002994,cust_00263,canceled,2023-03-18 18:13:10,7837
ord_002995,cust_00374,canceled,2023-02-08 21:35:12,16273
ord_002996,cust_00060,delivered,2023-08-27 07:25:55,4312
ord_002997,cust_00344,processing,2023-04-01 15:51:07,8297
ord_002998,cust_00341,delivered,2024-05-13 22:20:02,1599
ord_002999,cust_00068,processing,2023-08-03 20:57:43,52798
ord_003000,cust_00016,delivered,2023-01-02 04:57:37,19436
ord_003001,cust_00336,delivered,2023-06-10 23:08:09,31551
ord_003002,cust_00352,canceled,2023-11-07 18:08:39,3998
ord_003003,cust_00421,delivered,2024-02-26 22:55:33,1998
ord_003004,cust_00126,processing,2023-05-22 23:21:30,1039
ord_003005,cust_00149,delivered,2024-05-09 06:26:42,489
ord_003006,cust_00149,shipped,2023-11-01 10:29:07,37487
ord_003007,cust_00438,processing,2023-07-29 12:04:39,3766
ord_003008,cust_00404,delivered,2023-01-19 12:33:42,1259
ord_003009,cust_00377,shipped,2024-06-19 08:25:17,17249
ord_003010,cust_00106,delivered,2023-12-13 05:00:02,1439
ord_003011,cust_00465,processing,2023-01-26 09:21:56,1119
ord_003012,cust_00470,delivered,2023-06-25 19:51:13,1188
ord_003013,cust_00107,processing,2024-05-01 04:36:42,3773
ord_003014,cust_00433,delivered,2023-12-01 13:24:19,68897
ord_003015,cust_00218,processing,2024-04-25 10:14:34,15096
ord_003016,cust_00224,delivered,2024-02-22 16:19:26,3392
ord_003017,cust_00184,delivered,2024-01-09 20:15:36,1709
ord_003018,cust_00273,canceled,2024-06-01 06:39:58,1748
ord_003019,cust_00278,delivered,2023-12-11 19:19:23,1799
ord_003020,cust_00084,delivered,2024-01-24 14:06:41,5571
ord_003021,cust_00427,delivered,2023-05-19 11:20:14,47120
ord_003022,cust_00075,delivered,2024-05-25 18:40:19,854
ord_003023,cust_00324,delivered,2023-06-22 16:22:41,33897
ord_003024,cust_00143,shipped,2023-12-11 07:04:24,1998
ord_003025,cust_00101,shipped,2024-02-07 16:53:02,33999
ord_003026,cust_00018,delivered,2023-12-06 22:17:49,6812
ord_003027,cust_00180,canceled,2024-04-12 07:42:42,9386
ord_003028,cust_00003,delivered,2024-02-01 12:49:18,1288
ord_003029,cust_00036,delivered,2023-07-13 15:49:24,9526
ord_003030,cust_00098,delivered,2023-10-26 17:10:50,1148
ord_003031,cust_00046,delivered,2023-11-07 15:02:52,1799
ord_003032,cust_00446,delivered,2023-03-14 15:49:04,1279
ord_003033,cust_00441,delivered,2024-03-20 22:03:42,1868
ord_003034,cust_00206,delivered,2023-05-22 15:28:14,7096
ord_003035,cust_00495,canceled,2023-04-22 16:15:24,3087
ord_003036,cust_00175,delivered,2023-04-17 15:53:29,1439
ord_003037,cust_00442,canceled,2023-05-16 10:14:33,918
ord_003038,cust_00005,canceled,2023-04-07 04:22:13,21555
ord_003039,cust_00157,delivered,2023-06-19 05:15:25,1439
ord_003040,cust_00401,delivered,2023-05-31 23:55:39,26398
ord_003041,cust_00472,delivered,2023-04-29 11:36:46,16357
ord_003042,cust_00116,delivered,2023-08-11 23:37:52,7025
ord_003043,cust_00357,delivered,2023-01-08 19:08:56,4010
ord_003044,cust_00109,delivered,2023-03-29 02:41:09,3087
ord_003045,cust_00126,delivered,2023-04-17 18:08:07,349
ord_003046,cust_00455,canceled,2024-02-07 14:18:37,1709
ord_003047,cust_00195,delivered,2024-04-12 04:13:04,2749
ord_003048,cust_00327,canceled,2024-03-26 09:10:15,1799
ord_003049,cust_00231,canceled,2023-04-27 11:47:08,8052
ord_003050,cust_00490,delivered,2024-02-20 07:12:48,1827
ord_003051,cust_00384,delivered,2023-09-06 23:22:41,21249
ord_003052,cust_00204,shipped,2023-04-27 19:08:32,899
ord_003053,cust_00462,processing,2023-04-05 11:42:43,9123
ord_003054,cust_00281,shipped,2023-09-28 23:34:13,2166
ord_003055,cust_00167,delivered,2023-05-01 17:18:49,14249
ord_003056,cust_00497,processing,2023-05-11 06:53:34,10996
ord_003057,cust_00104,delivered,2024-01-05 09:43:44,6721
ord_003058,cust_00075,delivered,2023-12-06 12:11:51,7124
ord_003059,cust_00353,delivered,2024-04-18 10:14:46,3399
ord_003060,cust_00451,delivered,2023-07-12 12:00:16,4874
ord_003061,cust_00494,processing,2024-04-28 22:38:01,4498
ord_003062,cust_00491,processing,2023-03-08 12:57:21,599
ord_003063,cust_00012,delivered,2023-09-06 08:23:19,3008
ord_003064,cust_00354,delivered,2024-05-24 14:39:03,3148
ord_003065,cust_00483,delivered,2023-10-22 00:40:50,22397
ord_003066,cust_00265,shipped,2024-01-29 15:43:02,599
ord_003067,cust_00087,processing,2023-06-28 15:19:45,4566
ord_003068,cust_00162,delivered,2023-07-25 14:36:05,4749
ord_003069,cust_00084,delivered,2023-10-22 09:07:36,8998
ord_003070,cust_00141,delivered,2023-12-31 10:10:44,46798
ord_003071,cust_00454,delivered,2023-09-30 02:28:02,9523
ord_003072,cust_00234,processing,2023-04-17 14:38:53,5038
ord_003073,cust_00200,shipped,2023-12-05 22:16:14,13499
ord_003074,cust_00391,shipped,2024-06-05 00:03:53,3601
ord_003075,cust_00253,canceled,2023-06-16 19:48:26,899
ord_003076,cust_00360,shipped,2024-06-27 06:24:18,279778
ord_003077,cust_00058,delivered,2023-03-07 18:21:04,19757
ord_003078,cust_00212,delivered,2023-12-05 20:13:18,1798
ord_003079,cust_00233,delivered,2024-06-21 13:34:49,8624
ord_003080,cust_00365,delivered,2024-05-25 21:34:26,1924
ord_003081,cust_00420,delivered,2024-06-02 22:28:13,1038
ord_003082,cust_00099,delivered,2024-04-27 18:25:25,1567
ord_003083,cust_00181,shipped,2023-09-12 05:18:57,1758
ord_003084,cust_00409,delivered,2024-02-19 01:46:02,764
ord_003085,cust_00314,shipped,2023-04-18 22:44:50,1868
ord_003086,cust_00258,delivered,2023-04-07 09:53:18,1358
ord_003087,cust_00225,processing,2024-05-17 22:18:39,26534
ord_003088,cust_00154,canceled,2023-08-26 03:39:25,11300
ord_003089,cust_00273,delivered,2024-05-28 14:58:02,2758
ord_003090,cust_00347,delivered,2023-10-25 15:13:34,1199
ord_003091,cust_00492,delivered,2024-02-27 05:34:44,6187
ord_003092,cust_00223,delivered,2023-12-27 20:53:00,3197
ord_003093,cust_00039,delivered,2023-07-09 01:58:20,2812
ord_003094,cust_00233,canceled,2023-09-14 13:11:30,2124
ord_003095,cust_00096,delivered,2023-11-23 03:11:41,7698
ord_003096,cust_00105,delivered,2024-04-18 11:52:51,8999
ord_003097,cust_00309,delivered,2023-06-17 16:45:03,13499
ord_003098,cust_00021,canceled,2023-03-10 14:09:42,3038
ord_003099,cust_00167,canceled,2023-04-16 14:00:37,6209
ord_003100,cust_00106,delivered,2023-08-17 13:23:03,10799
ord_003101,cust_00004,processing,2023-01-17 00:52:00,2437
ord_003102,cust_00239,delivered,2023-01-19 21:01:20,1079
ord_003103,cust_00081,delivered,2023-01-26 00:22:32,1699
ord_003104,cust_00262,delivered,2023-10-12 14:08:37,22398
ord_003105,cust_00380,delivered,2023-06-13 05:52:11,824
ord_003106,cust_00023,delivered,2024-01-12 23:52:57,6717
ord_003107,cust_00480,delivered,2023-02-17 05:45:36,22498
ord_003108,cust_00292,canceled,2023-11-14 10:43:03,1599
ord_003109,cust_00022,canceled,2024-06-21 13:01:40,1318
ord_003110,cust_00165,delivered,2024-01-02 00:41:32,14597
ord_003111,cust_00136,canceled,2024-04-18 05:53:40,2812
ord_003112,cust_00173,shipped,2023-12-11 11:35:22,1399
ord_003113,cust_00355,canceled,2023-06-03 23:06:37,7747
ord_003114,cust_00379,delivered,2024-04-10 14:16:40,4124
ord_003115,cust_00244,processing,2023-07-10 06:20:34,3422
ord_003116,cust_00235,processing,2023-03-01 06:27:46,374
ord_003117,cust_00185,delivered,2024-05-17 05:59:59,14723
ord_003118,cust_00128,delivered,2024-03-03 16:02:09,7837
ord_003119,cust_00208,delivered,2023-09-13 01:32:29,6633
ord_003120,cust_00080,delivered,2024-06-04 21:58:07,2999
ord_003121,cust_00034,delivered,2023-01-18 13:43:22,32497
ord_003122,cust_00429,delivered,2023-05-14 01:35:59,679
ord_003123,cust_00306,shipped,2023-09-14 19:04:09,5461
ord_003124,cust_00431,shipped,2024-01-29 10:20:16,799
ord_003125,cust_00206,shipped,2023-03-25 20:10:45,14746
ord_003126,cust_00332,delivered,2023-03-05 20:18:27,3799
ord_003127,cust_00473,delivered,2023-11-05 07:24:33,1418
ord_003128,cust_00408,processing,2023-02-08 21:34:22,404
ord_003129,cust_00443,delivered,2023-08-05 18:57:28,44897
ord_003130,cust_00446,delivered,2023-08-11 09:50:18,1837
ord_003131,cust_00458,processing,2023-07-17 21:33:13,5198
ord_003132,cust_00490,delivered,2023-02-22 23:28:30,2158
ord_003133,cust_00471,canceled,2023-09-16 03:12:46,7451
ord_003134,cust_00058,delivered,2023-03-19 08:39:50,7498
ord_003135,cust_00036,delivered,2024-02-16 01:33:06,1099
ord_003136,cust_00097,canceled,2023-06-09 12:28:31,18699
ord_003137,cust_00077,delivered,2023-01-28 12:27:58,7301
ord_003138,cust_00141,delivered,2023-05-23 05:53:37,2913
ord_003139,cust_00100,processing,2023-10-29 16:24:44,48596
ord_003140,cust_00273,canceled,2023-04-25 04:53:15,3930
ord_003141,cust_00296,delivered,2023-08-17 18:09:31,3456
ord_003142,cust_00299,processing,2023-01-18 03:12:29,2603
ord_003143,cust_00405,delivered,2024-01-23 08:07:16,5066
ord_003144,cust_00178,delivered,2023-10-12 19:48:32,4312
ord_003145,cust_00324,canceled,2023-10-02 05:05:51,349
ord_003146,cust_00343,delivered,2024-06-14 05:59:34,11598
ord_003147,cust_00057,canceled,2023-07-05 09:59:56,6211
ord_003148,cust_00373,processing,2023-09-03 19:31:19,1598
ord_003149,cust_00007,delivered,2023-02-14 17:33:25,4597
ord_003150,cust_00232,delivered,2023-05-27 17:44:11,20296
ord_003151,cust_00346,canceled,2024-01-17 02:20:18,10199
ord_003152,cust_00006,delivered,2023-12-25 12:41:03,999
ord_003153,cust_00378,delivered,2024-03-07 01:35:01,1399
ord_003154,cust_00349,delivered,2023-06-05 09:21:33,3057
ord_003155,cust_00363,delivered,2023-01-27 07:14:38,629
ord_003156,cust_00034,shipped,2023-06-17 01:19:31,14699
ord_003157,cust_00193,delivered,2024-06-07 12:10:21,6126
ord_003158,cust_00414,shipped,2023-04-13 07:20:52,2878
ord_003159,cust_00093,delivered,2023-04-10 11:43:15,599
ord_003160,cust_00171,canceled,2024-04-29 19:55:57,2249
ord_003161,cust_00339,delivered,2023-05-20 07:21:34,1438
ord_003162,cust_00050,canceled,2023-07-19 04:12:15,15598
ord_003163,cust_00130,processing,2024-02-02 21:04:40,3696
ord_003164,cust_00127,shipped,2024-01-01 01:55:07,17160
ord_003165,cust_00340,delivered,2023-08-06 05:31:01,7548
ord_003166,cust_00068,delivered,2023-05-15 02:20:16,3374
ord_003167,cust_00468,canceled,2023-03-07 18:06:25,989
ord_003168,cust_00035,delivered,2024-01-29 13:03:23,2437
ord_003169,cust_00433,delivered,2023-10-12 11:58:09,15368
ord_003170,cust_00348,delivered,2023-08-08 00:17:34,4462
ord_003171,cust_00128,delivered,2023-10-07 16:28:49,5373
ord_003172,cust_00209,canceled,2024-05-24 01:56:38,1329
ord_003173,cust_00419,canceled,2023-12-16 22:02:32,3374
ord_003174,cust_00125,shipped,2024-01-27 18:32:30,14048
ord_003175,cust_00201,delivered,2023-07-13 16:18:41,17672
ord_003176,cust_00266,delivered,2023-08-27 16:34:03,8548
ord_003177,cust_00144,canceled,2023-04-07 03:52:53,6999
ord_003178,cust_00418,delivered,2023-09-16 04:05:28,1783
ord_003179,cust_00430,delivered,2023-03-26 04:18:55,7016
ord_003180,cust_00464,shipped,2023-09-23 18:34:54,5311
ord_003181,cust_00448,shipped,2023-07-06 23:57:21,1863
ord_003182,cust_00193,shipped,2023-11-27 08:47:22,2517
ord_003183,cust_00431,canceled,2024-05-05 19:13:29,4948
ord_003184,cust_00252,delivered,2023-06-30 02:42:52,1328
ord_003185,cust_00235,shipped,2023-01-29 23:16:21,1424
ord_003186,cust_00457,processing,2024-04-02 04:41:32,1199
ord_003187,cust_00380,shipped,2023-01-11 22:32:17,943
ord_003188,cust_00293,delivered,2023-09-10 14:12:58,6892
ord_003189,cust_00128,processing,2024-06-04 19:49:18,7199
ord_003190,cust_00323,delivered,2024-03-26 00:23:10,28538
ord_003191,cust_00479,delivered,2023-06-11 01:51:15,949
ord_003192,cust_00354,delivered,2023-03-17 17:50:58,2798
ord_003193,cust_00130,shipped,2023-05-27 20:57:27,799
ord_003194,cust_00291,canceled,2023-08-20 06:35:35,5281
ord_003195,cust_00041,delivered,2024-03-23 12:43:53,5074
ord_003196,cust_00311,delivered,2024-01-10 20:57:20,3598
ord_003197,cust_00393,delivered,2023-03-11 07:42:50,4372
ord_003198,cust_00326,delivered,2023-08-20 09:21:23,11547
ord_003199,cust_00201,delivered,2023-02-27 18:36:25,599
ord_003200,cust_00088,shipped,2024-05-14 18:23:25,2938
ord_003201,cust_00159,delivered,2023-03-12 04:55:19,1999
ord_003202,cust_00065,shipped,2023-12-30 03:11:33,1019
ord_003203,cust_00258,delivered,2023-08-27 02:03:38,13948
ord_003204,cust_00436,delivered,2023-04-28 14:15:55,2437
ord_003205,cust_00490,shipped,2024-01-11 20:33:07,9657
ord_003206,cust_00114,delivered,2023-03-24 15:28:16,749
ord_003207,cust_00291,delivered,2023-08-29 17:51:42,21886
ord_003208,cust_00241,processing,2023-05-17 15:48:30,9136
ord_003209,cust_00204,delivered,2023-02-02 19:13:42,6499
ord_003210,cust_00096,delivered,2024-06-26 11:55:16,16712
ord_003211,cust_00446,shipped,2024-04-17 21:15:44,1439
ord_003212,cust_00103,delivered,2024-06-06 00:08:13,1749
ord_003213,cust_00459,delivered,2023-02-03 13:03:17,11574
ord_003214,cust_00292,delivered,2023-12-19 11:20:00,8998
ord_003215,cust_00090,canceled,2024-05-02 11:05:25,23998
ord_003216,cust_00251,delivered,2023-02-02 07:32:58,2963
ord_003217,cust_00377,delivered,2023-07-20 01:11:11,11999
ord_003218,cust_00474,delivered,2023-01-08 04:16:58,1874
ord_003219,cust_00432,delivered,2023-06-17 06:08:18,799
ord_003220,cust_00162,delivered,2023-02-02 10:39:53,17020
ord_003221,cust_00046,delivered,2024-04-26 11:17:25,5175
ord_003222,cust_00463,canceled,2024-03-17 23:29:44,1687
ord_003223,cust_00428,processing,2023-06-17 17:00:23,2249
ord_003224,cust_00129,delivered,2023-09-20 05:37:50,20998
ord_003225,cust_00441,delivered,2024-02-03 22:44:20,1749
ord_003226,cust_00348,shipped,2023-10-25 05:35:03,23998
ord_003227,cust_00279,shipped,2023-02-25 06:59:47,3197
ord_003228,cust_00080,canceled,2023-08-06 14:52:49,7798
ord_003229,cust_00456,canceled,2023-04-19 19:20:10,18998
ord_003230,cust_00191,delivered,2023-01-29 09:16:24,46036
ord_003231,cust_00250,processing,2023-09-03 16:45:23,5858
ord_003232,cust_00282,delivered,2023-10-26 20:17:11,5498
ord_003233,cust_00132,delivered,2023-04-13 15:56:54,3162
ord_003234,cust_00061,delivered,2024-04-23 18:06:51,12810
ord_003235,cust_00390,delivered,2024-05-21 18:53:17,719
ord_003236,cust_00019,delivered,2023-10-23 11:21:24,20928
ord_003237,cust_00116,processing,2023-02-23 21:32:53,1039
ord_003238,cust_00130,delivered,2023-06-04 06:42:33,10122
ord_003239,cust_00261,delivered,2024-05-28 05:18:07,5174
ord_003240,cust_00351,delivered,2023-12-17 17:25:19,888
ord_003241,cust_00075,delivered,2023-12-05 09:57:53,1199
ord_003242,cust_00471,shipped,2023-07-29 02:31:07,29515
ord_003243,cust_00306,delivered,2023-03-10 19:28:36,1199
ord_003244,cust_00236,processing,2024-03-17 16:24:33,44547
ord_003245,cust_00184,shipped,2024-04-25 03:43:59,1119
ord_003246,cust_00338,delivered,2024-04-07 10:56:13,6422
ord_003247,cust_00128,shipped,2024-02-02 21:50:37,21141
ord_003248,cust_00425,processing,2023-02-02 08:33:38,1424
ord_003249,cust_00281,canceled,2023-01-28 05:18:24,3780
ord_003250,cust_00325,processing,2024-01-17 11:58:07,1349
ord_003251,cust_00287,shipped,2023-09-13 13:02:04,10448
ord_003252,cust_00416,delivered,2024-04-15 04:31:10,5748
ord_003253,cust_00230,delivered,2023-11-23 16:43:33,24796
ord_003254,cust_00034,delivered,2024-06-25 11:00:48,29323
ord_003255,cust_00218,canceled,2023-07-06 10:46:33,1039
ord_003256,cust_00192,delivered,2023-11-23 04:48:08,3249
ord_003257,cust_00397,shipped,2023-03-14 21:58:24,14248
ord_003258,cust_00234,shipped,2023-05-27 09:04:22,1718
ord_003259,cust_00278,shipped,2023-03-02 06:02:11,1458
ord_003260,cust_00147,delivered,2023-06-03 08:25:19,629
ord_003261,cust_00251,delivered,2023-07-07 09:45:56,17099
ord_003262,cust_00449,delivered,2024-04-18 20:34:46,2336
ord_003263,cust_00214,shipped,2023-01-14 01:24:39,3199
ord_003264,cust_00250,delivered,2023-02-20 19:51:16,1199
ord_003265,cust_00383,canceled,2023-09-13 15:53:01,1538
ord_003266,cust_00254,delivered,2023-07-17 23:55:59,78877
ord_003267,cust_00445,delivered,2024-04-11 22:45:06,20299
ord_003268,cust_00324,delivered,2023-10-26 17:49:50,78146
ord_003269,cust_00217,delivered,2024-01-31 12:09:40,4272
ord_003270,cust_00193,delivered,2023-04-20 22:43:02,999
ord_003271,cust_00349,canceled,2024-04-18 03:19:57,1599
ord_003272,cust_00066,canceled,2023-02-25 22:23:55,1198
ord_003273,cust_00093,delivered,2024-06-26 17:07:13,3336
ord_003274,cust_00119,shipped,2024-05-06 13:50:47,719
ord_003275,cust_00431,delivered,2023-09-08 01:46:24,2338
ord_003276,cust_00068,shipped,2023-08-12 14:59:33,10878
ord_003277,cust_00397,shipped,2023-10-11 04:45:04,283898
ord_003278,cust_00400,canceled,2023-09-01 02:54:08,19997
ord_003279,cust_00233,shipped,2024-05-22 15:10:37,8836
ord_003280,cust_00105,delivered,2024-04-30 00:00:38,489
ord_003281,cust_00092,delivered,2023-04-13 15:28:45,698
ord_003282,cust_00205,canceled,2023-03-25 17:16:17,2374
ord_003283,cust_00441,delivered,2024-03-15 21:30:29,4647
ord_003284,cust_00492,canceled,2023-05-27 06:09:27,2337
ord_003285,cust_00074,shipped,2023-02-23 14:03:15,19979
ord_003286,cust_00438,shipped,2024-03-26 07:33:25,1598
ord_003287,cust_00462,shipped,2023-02-01 21:16:12,2168
ord_003288,cust_00032,delivered,2023-07-31 09:44:06,13418
ord_003289,cust_00021,delivered,2023-11-11 17:47:23,799
ord_003290,cust_00131,delivered,2023-12-20 04:45:16,3838
ord_003291,cust_00095,processing,2023-07-28 13:48:47,2249
ord_003292,cust_00275,delivered,2023-12-15 04:41:15,1468
ord_003293,cust_00074,canceled,2024-04-22 02:59:12,13822
ord_003294,cust_00085,delivered,2023-05-30 15:13:36,799
ord_003295,cust_00479,delivered,2023-07-04 10:20:02,999
ord_003296,cust_00362,shipped,2024-03-24 15:02:28,52198
ord_003297,cust_00053,processing,2024-06-19 01:21:19,974
ord_003298,cust_00032,delivered,2023-03-25 19:09:22,8999
ord_003299,cust_00011,delivered,2023-03-18 18:15:21,1678
ord_003300,cust_00182,shipped,2024-02-02 00:21:46,58872
ord_003301,cust_00279,shipped,2023-07-26 23:13:13,1119
ord_003302,cust_00378,processing,2023-03-09 15:56:34,14398
ord_003303,cust_00431,delivered,2023-11-29 22:21:47,12998
ord_003304,cust_00045,canceled,2023-09-03 09:06:35,2412
ord_003305,cust_00455,delivered,2024-04-18 09:08:24,599
ord_003306,cust_00446,processing,2023-11-26 10:49:47,5623
ord_003307,cust_00458,shipped,2024-04-24 07:52:06,5424
ord_003308,cust_00066,delivered,2023-04-09 04:42:34,3677
ord_003309,cust_00154,delivered,2023-10-22 12:49:18,3011
ord_003310,cust_00169,canceled,2023-05-28 08:32:33,20076
ord_003311,cust_00047,canceled,2023-06-30 13:16:44,3399
ord_003312,cust_00384,processing,2024-06-17 09:07:30,2953
ord_003313,cust_00190,shipped,2023-07-23 03:11:47,12698
ord_003314,cust_00274,canceled,2024-01-04 11:28:35,18747
ord_003315,cust_00161,processing,2023-04-12 12:11:04,23916
ord_003316,cust_00482,delivered,2023-07-30 21:11:53,14848
ord_003317,cust_00068,delivered,2023-04-14 22:26:57,5698
ord_003318,cust_00321,shipped,2024-03-03 13:15:51,1924
ord_003319,cust_00429,delivered,2024-01-08 18:31:35,1599
ord_003320,cust_00313,canceled,2023-09-11 16:04:39,2249
ord_003321,cust_00098,delivered,2024-01-03 08:12:18,1439
ord_003322,cust_00287,shipped,2023-01-02 00:52:20,1749
ord_003323,cust_00242,delivered,2023-08-10 18:49:27,479
ord_003324,cust_00479,canceled,2023-03-06 16:58:10,699
ord_003325,cust_00218,canceled,2023-04-19 07:41:46,1119
ord_003326,cust_00383,shipped,2024-03-24 07:28:47,1643
ord_003327,cust_00119,delivered,2023-01-12 08:27:31,7124
ord_003328,cust_00235,shipped,2024-04-15 16:20:13,1328
ord_003329,cust_00365,processing,2023-02-14 19:05:16,8598
ord_003330,cust_00362,shipped,2023-02-06 05:55:09,5065
ord_003331,cust_00456,shipped,2023-06-23 21:14:32,5927
ord_003332,cust_00192,delivered,2023-08-25 08:24:49,14248
ord_003333,cust_00045,canceled,2023-05-14 12:11:38,15197
ord_003334,cust_00500,delivered,2024-02-26 05:07:23,1198
ord_003335,cust_00117,delivered,2023-11-02 16:20:43,14090
ord_003336,cust_00093,shipped,2023-11-22 10:41:17,41397
ord_003337,cust_00285,shipped,2024-04-29 16:09:28,674
ord_003338,cust_00310,processing,2024-04-28 08:20:59,31499
ord_003339,cust_00059,delivered,2023-05-20 16:08:46,8806
ord_003340,cust_00255,delivered,2023-08-22 12:44:31,5272
ord_003341,cust_00268,delivered,2023-04-09 03:06:44,759
ord_003342,cust_00370,delivered,2024-05-30 22:33:29,10998
ord_003343,cust_00338,delivered,2023-05-30 20:30:49,20187
ord_003344,cust_00270,canceled,2024-03-23 02:47:41,1958
ord_003345,cust_00273,processing,2023-05-05 17:16:11,11899
ord_003346,cust_00420,delivered,2024-01-28 02:18:15,33772
ord_003347,cust_00306,shipped,2023-12-20 20:52:15,6073
ord_003348,cust_00122,delivered,2024-01-11 00:59:45,1399
ord_003349,cust_00231,delivered,2023-05-18 20:30:26,2923
ord_003350,cust_00267,canceled,2023-12-21 02:36:37,899
ord_003351,cust_00165,processing,2024-03-30 04:20:53,12186
ord_003352,cust_00201,shipped,2024-01-19 23:06:24,759
ord_003353,cust_00445,delivered,2023-03-27 05:17:16,629
ord_003354,cust_00154,canceled,2023-12-24 17:03:13,22799
ord_003355,cust_00321,delivered,2024-02-02 04:21:20,10157
ord_003356,cust_00437,shipped,2023-07-18 09:55:29,22396
ord_003357,cust_00409,processing,2023-01-05 07:07:02,1199
ord_003358,cust_00238,canceled,2023-06-03 02:37:39,1788
ord_003359,cust_00030,delivered,2024-06-11 08:42:25,4049
ord_003360,cust_00029,shipped,2023-08-20 11:12:37,6511
ord_003361,cust_00250,canceled,2023-07-27 18:11:30,1963
ord_003362,cust_00374,delivered,2024-06-22 20:47:24,1049
ord_003363,cust_00428,delivered,2023-05-09 20:15:49,3398
ord_003364,cust_00085,delivered,2023-09-19 03:47:14,2999
ord_003365,cust_00178,shipped,2023-09-29 13:24:06,6772
ord_003366,cust_00476,delivered,2024-06-27 22:45:22,11522
ord_003367,cust_00395,processing,2023-01-08 22:48:52,3399
ord_003368,cust_00060,delivered,2023-06-22 19:51:50,1999
ord_003369,cust_00044,canceled,2024-04-07 07:50:21,1278
ord_003370,cust_00212,delivered,2024-04-01 13:05:33,934
ord_003371,cust_00366,delivered,2024-04-25 13:13:22,12599
ord_003372,cust_00047,delivered,2023-05-20 21:19:44,8924
ord_003373,cust_00358,delivered,2023-09-08 23:47:45,1498
ord_003374,cust_00179,canceled,2024-03-01 06:50:05,1978
ord_003375,cust_00302,delivered,2023-10-28 11:25:15,26399
ord_003376,cust_00448,delivered,2024-05-15 14:31:57,3651
ord_003377,cust_00103,canceled,2023-02-14 22:39:35,5017
ord_003378,cust_00172,shipped,2023-05-10 01:10:02,1104
ord_003379,cust_00297,canceled,2023-07-05 00:48:52,2803
ord_003380,cust_00107,delivered,2024-04-12 19:41:32,13598
ord_003381,cust_00460,delivered,2023-04-13 06:02:23,404
ord_003382,cust_00129,processing,2024-05-10 06:25:12,1662
ord_003383,cust_00162,delivered,2023-11-02 00:46:23,15999
ord_003384,cust_00475,delivered,2024-04-08 12:08:03,15547
ord_003385,cust_00110,processing,2023-09-12 09:59:11,1999
ord_003386,cust_00375,canceled,2023-11-17 04:19:02,1189
ord_003387,cust_00281,delivered,2024-04-14 21:59:25,11798
ord_003388,cust_00313,delivered,2024-02-05 11:11:20,48372
ord_003389,cust_00061,delivered,2023-05-22 21:38:26,11302
ord_003390,cust_00302,delivered,2023-10-08 05:03:51,41518
ord_003391,cust_00474,canceled,2023-10-20 03:02:04,5637
ord_003392,cust_00232,shipped,2023-06-28 04:19:26,8288
ord_003393,cust_00343,canceled,2024-05-10 21:47:18,12597
ord_003394,cust_00289,delivered,2023-03-13 16:36:27,2599
ord_003395,cust_00060,delivered,2023-08-22 10:20:59,3536
ord_003396,cust_00423,delivered,2023-08-03 18:43:11,2249
ord_003397,cust_00019,delivered,2023-03-20 02:59:07,7245
ord_003398,cust_00173,processing,2023-12-07 02:50:45,5115
ord_003399,cust_00431,canceled,2023-11-15 08:21:43,934
ord_003400,cust_00074,delivered,2024-05-05 10:06:23,1088
ord_003401,cust_00456,canceled,2023-11-15 14:25:11,29144
ord_003402,cust_00374,delivered,2023-01-20 13:39:40,8691
ord_003403,cust_00026,processing,2023-06-10 05:16:31,13767
ord_003404,cust_00388,canceled,2023-08-21 08:00:11,27577
ord_003405,cust_00295,delivered,2023-01-11 03:19:40,4816
ord_003406,cust_00331,delivered,2024-03-06 21:48:56,3847
ord_003407,cust_00040,processing,2024-04-05 16:27:40,2999
ord_003408,cust_00231,delivered,2023-04-16 00:16:22,2249
ord_003409,cust_00420,processing,2024-06-09 07:38:41,934
ord_003410,cust_00198,delivered,2023-01-06 04:57:32,2817
ord_003411,cust_00266,delivered,2024-03-18 23:23:35,16748
ord_003412,cust_00047,delivered,2023-08-30 15:48:08,14216
ord_003413,cust_00246,delivered,2023-12-18 20:44:13,599
ord_003414,cust_00017,canceled,2023-10-28 23:24:26,13299
ord_003415,cust_00429,delivered,2023-04-16 13:16:40,2999
ord_003416,cust_00080,shipped,2023-12-18 10:57:39,719
ord_003417,cust_00265,shipped,2024-04-19 04:00:36,25242
ord_003418,cust_00301,delivered,2023-04-22 14:55:31,2937
ord_003419,cust_00299,processing,2024-02-14 07:04:15,839
ord_003420,cust_00324,delivered,2024-04-30 14:19:48,19095
ord_003421,cust_00454,delivered,2023-10-09 07:36:24,5526
ord_003422,cust_00394,shipped,2023-12-29 08:29:48,1199
ord_003423,cust_00384,delivered,2024-01-06 23:07:17,42520
ord_003424,cust_00330,delivered,2023-10-24 13:00:00,8948
ord_003425,cust_00170,delivered,2023-07-16 16:49:15,15598
ord_003426,cust_00396,delivered,2023-06-01 19:18:13,2603
ord_003427,cust_00213,shipped,2023-08-06 06:11:20,32310
ord_003428,cust_00384,canceled,2024-05-31 17:11:25,2337
ord_003429,cust_00107,processing,2024-04-15 04:34:33,9898
ord_003430,cust_00125,delivered,2023-02-19 07:34:12,38222
ord_003431,cust_00230,delivered,2023-12-03 19:38:05,41211
ord_003432,cust_00114,canceled,2023-02-20 00:00:20,21223
ord_003433,cust_00322,delivered,2024-06-25 22:55:02,7424
ord_003434,cust_00115,processing,2024-01-12 12:42:17,2124
ord_003435,cust_00453,delivered,2023-07-25 19:53:09,44298
ord_003436,cust_00473,shipped,2023-12-15 19:42:37,1278
ord_003437,cust_00200,delivered,2024-05-26 16:52:44,6599
ord_003438,cust_00156,shipped,2024-06-08 22:17:55,14542
ord_003439,cust_00259,processing,2023-06-12 13:50:23,3999
ord_003440,cust_00083,delivered,2023-02-20 23:26:50,5524
ord_003441,cust_00106,shipped,2023-09-02 17:23:10,11296
ord_003442,cust_00457,canceled,2024-03-04 14:24:35,3598
ord_003443,cust_00493,delivered,2023-06-01 02:33:16,5117
ord_003444,cust_00127,shipped,2023-09-25 16:55:16,1119
ord_003445,cust_00112,delivered,2024-06-27 07:37:46,36013
ord_003446,cust_00280,delivered,2024-01-07 21:23:34,4611
ord_003447,cust_00394,shipped,2023-02-04 08:02:41,5225
ord_003448,cust_00141,delivered,2023-11-24 14:20:43,3148
ord_003449,cust_00313,processing,2024-04-05 20:11:49,1189
ord_003450,cust_00022,processing,2023-02-26 14:55:39,10449
ord_003451,cust_00313,delivered,2023-05-22 14:01:27,332
ord_003452,cust_00053,delivered,2023-07-12 11:25:32,599
ord_003453,cust_00217,delivered,2023-02-12 10:24:33,1924
ord_003454,cust_00129,delivered,2023-11-10 22:59:00,8896
ord_003455,cust_00290,canceled,2023-03-05 01:30:05,29476
ord_003456,cust_00275,delivered,2023-11-24 17:28:12,2696
ord_003457,cust_00363,processing,2023-09-18 07:40:25,1039
ord_003458,cust_00060,shipped,2023-01-24 06:55:54,5291
ord_003459,cust_00484,delivered,2023-02-23 01:24:15,5273
ord_003460,cust_00194,canceled,2024-06-16 05:07:31,4147
ord_003461,cust_00342,shipped,2024-02-21 21:23:28,4599
ord_003462,cust_00214,delivered,2023-12-30 01:40:59,1798
ord_003463,cust_00315,delivered,2023-09-09 11:02:01,22498
ord_003464,cust_00029,delivered,2024-01-15 16:56:25,4999
ord_003465,cust_00180,delivered,2023-01-04 20:04:27,2098
ord_003466,cust_00205,shipped,2023-05-25 15:52:19,2907
ord_003467,cust_00489,delivered,2024-03-17 13:20:39,3377
ord_003468,cust_00306,delivered,2023-12-01 22:17:48,4748
ord_003469,cust_00259,processing,2023-05-26 11:11:46,4292
ord_003470,cust_00133,delivered,2023-09-03 00:32:10,5506
ord_003471,cust_00381,delivered,2023-09-04 21:20:36,3999
ord_003472,cust_00047,delivered,2023-02-14 01:01:30,6437
ord_003473,cust_00070,delivered,2024-03-02 18:46:42,28097
ord_003474,cust_00253,delivered,2023-06-15 02:24:37,4599
ord_003475,cust_00289,canceled,2023-07-27 17:32:04,764
ord_003476,cust_00497,processing,2023-11-03 08:37:11,4427
ord_003477,cust_00282,delivered,2023-07-12 06:58:17,934
ord_003478,cust_00362,delivered,2023-04-20 07:53:54,599
ord_003479,cust_00280,delivered,2023-05-27 10:50:18,559
ord_003480,cust_00149,delivered,2023-04-13 09:45:13,12599
ord_003481,cust_00070,processing,2023-09-10 20:57:31,13385
ord_003482,cust_00003,processing,2024-06-02 07:59:10,5518
ord_003483,cust_00160,shipped,2023-05-10 08:00:32,2198
ord_003484,cust_00323,shipped,2023-11-30 21:26:11,2374
ord_003485,cust_00078,delivered,2023-05-15 16:02:26,7399
ord_003486,cust_00109,processing,2023-02-05 03:33:46,12709
ord_003487,cust_00252,processing,2023-10-25 18:06:11,1399
ord_003488,cust_00009,delivered,2023-10-01 23:30:34,19948
ord_003489,cust_00468,processing,2023-02-11 14:18:58,2238
ord_003490,cust_00398,shipped,2023-05-16 23:54:52,12567
ord_003491,cust_00369,delivered,2023-09-26 20:38:22,16461
ord_003492,cust_00255,delivered,2023-07-06 15:57:03,1049
ord_003493,cust_00058,delivered,2023-02-17 05:06:50,18399
ord_003494,cust_00170,delivered,2023-05-02 10:28:51,1359
ord_003495,cust_00008,delivered,2023-10-17 20:02:30,29873
ord_003496,cust_00197,delivered,2024-05-19 04:39:09,3598
ord_003497,cust_00036,delivered,2024-06-12 15:27:22,4874
ord_003498,cust_00264,delivered,2023-10-26 04:06:51,77398
ord_003499,cust_00291,delivered,2023-12-22 12:37:05,1329
ord_003500,cust_00005,delivered,2024-01-19 16:24:03,6748
