order_id,order_item_id,product_id,seller_id,price,quantity
ord_000001,1,prod_000050,sel_0005,1529,1
ord_000002,1,prod_000090,sel_0039,27999,2
ord_000003,1,prod_000646,sel_0028,12799,2
ord_000003,2,prod_000356,sel_0025,629,1
ord_000004,1,prod_000932,sel_0032,1614,2
ord_000004,2,prod_001062,sel_0026,299,1
ord_000004,3,prod_000702,sel_0008,474,1
ord_000005,1,prod_000246,sel_0012,934,1
ord_000006,1,prod_000167,sel_0005,1199,1
ord_000007,1,prod_000144,sel_0036,5249,1
ord_000008,1,prod_000797,sel_0031,809,1
ord_000008,2,prod_000204,sel_0007,2812,2
ord_000008,3,prod_000783,sel_0017,1259,1
ord_000009,1,prod_000243,sel_0045,1709,1
ord_000010,1,prod_000323,sel_0051,699,1
ord_000011,1,prod_000548,sel_0046,749,1
ord_000011,2,prod_000037,sel_0047,1999,1
ord_000012,1,prod_000901,sel_0021,759,1
ord_000012,2,prod_000285,sel_0059,2137,2
ord_000013,1,prod_000967,sel_0041,1439,1
ord_000013,2,prod_000152,sel_0032,629,1
ord_000014,1,prod_000584,sel_0013,14449,1
ord_000014,2,prod_000895,sel_0005,719,1
ord_000015,1,prod_001012,sel_0039,2274,1
ord_000016,1,prod_000952,sel_0038,419,1
ord_000017,1,prod_000002,sel_0037,4462,2
ord_000018,1,prod_000336,sel_0009,839,1
ord_000018,2,prod_000292,sel_0051,2999,2
ord_000019,1,prod_001069,sel_0035,1424,1
ord_000019,2,prod_000283,sel_0034,199,1
ord_000020,1,prod_000106,sel_0039,11399,1
ord_000020,2,prod_000100,sel_0044,809,1
ord_000021,1,prod_000142,sel_0029,12799,2
ord_000021,2,prod_000369,sel_0059,3824,1
ord_000021,3,prod_000195,sel_0040,2924,1
ord_000022,1,prod_000501,sel_0048,1999,1
ord_000023,1,prod_000736,sel_0015,699,1
ord_000023,2,prod_000892,sel_0045,899,2
ord_000024,1,prod_000536,sel_0022,1699,2
ord_000024,2,prod_000262,sel_0015,19599,1
ord_000024,3,prod_000767,sel_0049,594,1
ord_000025,1,prod_001025,sel_0053,1119,1
ord_000025,2,prod_000462,sel_0014,26099,1
ord_000025,3,prod_000540,sel_0016,1499,2
ord_000026,1,prod_001066,sel_0011,1519,1
ord_000026,2,prod_001021,sel_0031,599,1
ord_000027,1,prod_000464,sel_0034,2599,1
ord_000028,1,prod_000435,sel_0029,10199,1
ord_000028,2,prod_000795,sel_0060,1169,1
ord_000029,1,prod_000740,sel_0058,1912,2
ord_000029,2,prod_000341,sel_0022,2249,2
ord_000030,1,prod_000117,sel_0039,11999,2
ord_000031,1,prod_000430,sel_0018,2999,2
ord_000031,2,prod_000020,sel_0020,1439,1
ord_000031,3,prod_000171,sel_0017,1199,1
ord_000032,1,prod_000717,sel_0043,1519,1
ord_000032,2,prod_000782,sel_0030,719,1
ord_000033,1,prod_000544,sel_0001,11999,1
ord_000033,2,prod_000354,sel_0007,1574,2
ord_000034,1,prod_000453,sel_0018,3612,2
ord_000035,1,prod_000940,sel_0051,809,1
ord_000035,2,prod_000373,sel_0004,3749,1
ord_000035,3,prod_000289,sel_0017,9899,1
ord_000036,1,prod_000892,sel_0045,899,1
ord_000037,1,prod_000296,sel_0054,7599,1
ord_000038,1,prod_001044,sel_0002,899,1
ord_000038,2,prod_000807,sel_0001,1019,2
ord_000039,1,prod_000023,sel_0033,3249,2
ord_000039,2,prod_000879,sel_0018,1039,1
ord_000040,1,prod_000601,sel_0005,17599,1
ord_000040,2,prod_000643,sel_0026,4887,2
ord_000041,1,prod_000415,sel_0019,2474,1
ord_000042,1,prod_000035,sel_0059,6499,1
ord_000043,1,prod_000067,sel_0011,9262,1
ord_000043,2,prod_000153,sel_0047,2999,1
ord_000043,3,prod_000186,sel_0027,599,2
ord_000044,1,prod_000826,sel_0038,349,1
ord_000045,1,prod_000172,sel_0028,664,2
ord_000045,2,prod_000241,sel_0026,339,1
ord_000045,3,prod_000040,sel_0017,719,1
ord_000046,1,prod_000526,sel_0060,599,1
ord_000046,2,prod_000886,sel_0005,1044,1
ord_000047,1,prod_000036,sel_0028,594,2
ord_000047,2,prod_000318,sel_0013,1259,1
ord_000047,3,prod_000023,sel_0033,3249,2
ord_000048,1,prod_000474,sel_0025,1439,1
ord_000049,1,prod_000305,sel_0054,1049,1
ord_000050,1,prod_000052,sel_0035,1999,1
ord_000051,1,prod_000828,sel_0048,1499,2
ord_000051,2,prod_000516,sel_0051,1924,1
ord_000051,3,prod_000971,sel_0023,254,1
ord_000052,1,prod_000953,sel_0036,639,1
ord_000053,1,prod_000055,sel_0027,3324,1
ord_000054,1,prod_000260,sel_0001,6399,1
ord_000054,2,prod_000805,sel_0010,679,1
ord_000055,1,prod_001043,sel_0022,839,1
ord_000055,2,prod_000409,sel_0056,3999,1
ord_000056,1,prod_000982,sel_0054,399,1
ord_000057,1,prod_000053,sel_0050,20399,1
ord_000057,2,prod_000423,sel_0008,21999,1
ord_000057,3,prod_000374,sel_0043,524,2
ord_000058,1,prod_000285,sel_0059,2137,1
ord_000058,2,prod_000546,sel_0049,1749,1
ord_000058,3,prod_001018,sel_0026,854,1
ord_000059,1,prod_000105,sel_0051,7599,1
ord_000060,1,prod_000269,sel_0035,19799,1
ord_000061,1,prod_000177,sel_0003,1999,1
ord_000061,2,prod_000386,sel_0036,1574,1
ord_000062,1,prod_000878,sel_0031,489,1
ord_000062,2,prod_001065,sel_0001,2699,1
ord_000063,1,prod_000329,sel_0059,1119,1
ord_000064,1,prod_000004,sel_0022,13499,2
ord_000064,2,prod_000620,sel_0017,1019,1
ord_000065,1,prod_000708,sel_0007,799,1
ord_000065,2,prod_000158,sel_0058,979,1
ord_000065,3,prod_000518,sel_0037,1199,1
ord_000066,1,prod_000890,sel_0049,1439,1
ord_000067,1,prod_000900,sel_0001,1019,2
ord_000067,2,prod_000418,sel_0028,8549,1
ord_000068,1,prod_000198,sel_0029,3562,1
ord_000069,1,prod_000028,sel_0048,599,2
ord_000069,2,prod_000704,sel_0042,1199,2
ord_000069,3,prod_000574,sel_0009,14399,1
ord_000070,1,prod_000421,sel_0033,2249,1
ord_000071,1,prod_000742,sel_0011,1399,1
ord_000071,2,prod_000879,sel_0018,1039,1
ord_000072,1,prod_000836,sel_0024,1019,1
ord_000072,2,prod_001045,sel_0001,404,1
ord_000073,1,prod_000143,sel_0014,7799,2
ord_000074,1,prod_000020,sel_0020,1439,1
ord_000074,2,prod_000100,sel_0044,809,2
ord_000075,1,prod_000349,sel_0007,949,1
ord_000075,2,prod_000773,sel_0055,639,1
ord_000076,1,prod_000055,sel_0027,3324,1
ord_000076,2,prod_000576,sel_0040,4749,1
ord_000077,1,prod_000440,sel_0018,1619,1
ord_000077,2,prod_001064,sel_0027,1359,1
ord_000077,3,prod_000781,sel_0005,2249,1
ord_000078,1,prod_000137,sel_0059,6187,2
ord_000078,2,prod_001098,sel_0059,2099,1
ord_000079,1,prod_000398,sel_0008,3399,1
ord_000080,1,prod_000536,sel_0022,1699,1
ord_000081,1,prod_000178,sel_0055,1399,1
ord_000082,1,prod_000186,sel_0027,599,1
ord_000082,2,prod_000370,sel_0015,1039,1
ord_000083,1,prod_000836,sel_0024,1019,1
ord_000084,1,prod_000403,sel_0043,2799,1
ord_000085,1,prod_000115,sel_0054,6399,2
ord_000085,2,prod_000104,sel_0006,6374,2
ord_000085,3,prod_000065,sel_0008,1599,1
ord_000086,1,prod_001092,sel_0026,559,1
ord_000087,1,prod_000813,sel_0033,509,1
ord_000087,2,prod_000931,sel_0019,2124,2
ord_000088,1,prod_000701,sel_0011,1329,1
ord_000089,1,prod_000927,sel_0057,1139,1
ord_000090,1,prod_000586,sel_0012,13599,1
ord_000090,2,prod_000834,sel_0003,1709,1
ord_000090,3,prod_000609,sel_0022,13599,1
ord_000091,1,prod_000615,sel_0034,5774,1
ord_000092,1,prod_000688,sel_0057,1359,2
ord_000092,2,prod_000081,sel_0032,699,1
ord_000092,3,prod_000868,sel_0018,664,2
ord_000093,1,prod_000811,sel_0050,849,1
ord_000093,2,prod_000074,sel_0031,7649,1
ord_000093,3,prod_000869,sel_0017,759,1
ord_000094,1,prod_000259,sel_0019,21599,1
ord_000094,2,prod_000783,sel_0017,1259,1
ord_000095,1,prod_000965,sel_0053,854,1
ord_000095,2,prod_000366,sel_0048,979,1
ord_000095,3,prod_000156,sel_0013,1119,1
ord_000096,1,prod_000011,sel_0009,1687,1
ord_000096,2,prod_000592,sel_0027,13599,1
ord_000097,1,prod_000368,sel_0010,594,2
ord_000098,1,prod_000548,sel_0046,749,2
ord_000099,1,prod_000781,sel_0005,2249,2
ord_000100,1,prod_001008,sel_0036,479,1
ord_000101,1,prod_000533,sel_0014,599,1
ord_000101,2,prod_000633,sel_0057,6199,2
ord_000102,1,prod_000721,sel_0046,9024,1
ord_000103,1,prod_001005,sel_0054,1599,1
ord_000103,2,prod_000180,sel_0020,1399,1
ord_000104,1,prod_000257,sel_0054,4887,2
ord_000105,1,prod_000384,sel_0040,2249,1
ord_000105,2,prod_000612,sel_0040,2249,1
ord_000106,1,prod_000875,sel_0007,599,2
ord_000106,2,prod_001015,sel_0019,1259,1
ord_000106,3,prod_000019,sel_0007,9749,1
ord_000107,1,prod_001083,sel_0034,899,2
ord_000108,1,prod_000613,sel_0047,4312,1
ord_000108,2,prod_001038,sel_0052,2124,1
ord_000109,1,prod_000492,sel_0048,7012,2
ord_000109,2,prod_000793,sel_0052,799,1
ord_000109,3,prod_000018,sel_0049,18999,1
ord_000110,1,prod_000668,sel_0058,1749,1
ord_000110,2,prod_000055,sel_0027,3324,1
ord_000111,1,prod_000261,sel_0039,2749,1
ord_000112,1,prod_000417,sel_0033,5949,1
ord_000113,1,prod_000872,sel_0041,1099,1
ord_000113,2,prod_000961,sel_0054,899,1
ord_000114,1,prod_001004,sel_0025,679,1
ord_000115,1,prod_000367,sel_0044,3399,1
ord_000116,1,prod_000485,sel_0024,11999,1
ord_000116,2,prod_000577,sel_0004,11199,1
ord_000116,3,prod_000625,sel_0022,4249,1
ord_000117,1,prod_000296,sel_0054,7599,1
ord_000118,1,prod_000531,sel_0053,1439,2
ord_000119,1,prod_000846,sel_0040,2999,1
ord_000119,2,prod_000164,sel_0040,2437,1
ord_000120,1,prod_000202,sel_0006,3499,1
ord_000121,1,prod_000235,sel_0054,9099,1
ord_000121,2,prod_000113,sel_0050,14999,2
ord_000121,3,prod_000349,sel_0007,949,1
ord_000122,1,prod_000590,sel_0010,4037,1
ord_000122,2,prod_000552,sel_0033,13299,1
ord_000123,1,prod_000477,sel_0006,5074,1
ord_000123,2,prod_000501,sel_0048,1999,2
ord_000123,3,prod_000471,sel_0029,6999,1
ord_000124,1,prod_000082,sel_0005,599,2
ord_000125,1,prod_000759,sel_0001,2249,1
ord_000126,1,prod_000424,sel_0012,3249,2
ord_000126,2,prod_000081,sel_0032,699,1
ord_000127,1,prod_000206,sel_0046,2024,1
ord_000128,1,prod_000392,sel_0033,2699,2
ord_000128,2,prod_000151,sel_0038,1599,1
ord_000129,1,prod_000954,sel_0007,799,1
ord_000129,2,prod_000944,sel_0002,2249,1
ord_000129,3,prod_000268,sel_0045,4199,1
ord_000130,1,prod_000836,sel_0024,1019,1
ord_000131,1,prod_000385,sel_0024,2374,1
ord_000132,1,prod_000843,sel_0052,1799,2
ord_000133,1,prod_000740,sel_0058,1912,1
ord_000134,1,prod_000089,sel_0012,959,2
ord_000134,2,prod_000551,sel_0004,10799,1
ord_000134,3,prod_000341,sel_0022,2249,1
ord_000135,1,prod_000243,sel_0045,1709,2
ord_000135,2,prod_000449,sel_0012,23399,1
ord_000136,1,prod_000816,sel_0031,769,1
ord_000136,2,prod_000396,sel_0013,2124,1
ord_000137,1,prod_000049,sel_0060,1349,2
ord_000138,1,prod_000348,sel_0043,3249,1
ord_000138,2,prod_000436,sel_0041,10799,2
ord_000138,3,prod_000339,sel_0042,1439,2
ord_000139,1,prod_001075,sel_0025,559,1
ord_000139,2,prod_000383,sel_0045,2612,1
ord_000140,1,prod_001015,sel_0019,1259,1
ord_000141,1,prod_000303,sel_0057,1349,1
ord_000142,1,prod_000373,sel_0004,3749,1
ord_000143,1,prod_000752,sel_0035,262,1
ord_000144,1,prod_001012,sel_0039,2274,1
ord_000144,2,prod_000182,sel_0024,879,1
ord_000145,1,prod_000399,sel_0031,2437,1
ord_000146,1,prod_000217,sel_0009,719,2
ord_000147,1,prod_000254,sel_0044,21249,2
ord_000148,1,prod_000223,sel_0050,599,2
ord_000149,1,prod_000340,sel_0046,1279,1
ord_000150,1,prod_000322,sel_0040,1599,1
ord_000151,1,prod_000741,sel_0012,539,1
ord_000152,1,prod_000359,sel_0043,1924,1
ord_000153,1,prod_000539,sel_0025,1189,1
ord_000154,1,prod_000465,sel_0047,20299,2
ord_000155,1,prod_000064,sel_0009,2762,1
ord_000155,2,prod_000612,sel_0040,2249,1
ord_000156,1,prod_000439,sel_0037,3199,1
ord_000157,1,prod_001093,sel_0031,849,2
ord_000157,2,prod_000245,sel_0050,2799,2
ord_000157,3,prod_000503,sel_0037,679,1
ord_000158,1,prod_001090,sel_0031,699,1
ord_000158,2,prod_000586,sel_0012,13599,1
ord_000158,3,prod_000295,sel_0035,4312,1
ord_000159,1,prod_000603,sel_0006,15199,1
ord_000160,1,prod_000755,sel_0032,559,1
ord_000161,1,prod_000118,sel_0028,6824,1
ord_000161,2,prod_000536,sel_0022,1699,1
ord_000162,1,prod_000578,sel_0016,6187,2
ord_000162,2,prod_000057,sel_0046,1574,1
ord_000163,1,prod_000396,sel_0013,2124,1
ord_000163,2,prod_000558,sel_0060,18199,1
ord_000164,1,prod_000879,sel_0018,1039,1
ord_000164,2,prod_000969,sel_0025,1349,1
ord_000165,1,prod_000177,sel_0003,1999,1
ord_000165,2,prod_000573,sel_0013,17099,2
ord_000166,1,prod_000381,sel_0043,3999,1
ord_000167,1,prod_000811,sel_0050,849,1
ord_000168,1,prod_000132,sel_0024,10449,1
ord_000169,1,prod_001016,sel_0031,399,1
ord_000169,2,prod_000154,sel_0049,1499,1
ord_000170,1,prod_000668,sel_0058,1749,2
ord_000171,1,prod_001027,sel_0033,719,1
ord_000172,1,prod_000117,sel_0039,11999,1
ord_000173,1,prod_000561,sel_0022,11399,2
ord_000173,2,prod_000140,sel_0058,5624,1
ord_000174,1,prod_000125,sel_0032,9262,1
ord_000174,2,prod_000900,sel_0001,1019,2
ord_000175,1,prod_001024,sel_0033,314,1
ord_000175,2,prod_000875,sel_0007,599,1
ord_000175,3,prod_000495,sel_0031,6374,1
ord_000176,1,prod_000394,sel_0005,764,1
ord_000176,2,prod_000978,sel_0023,599,2
ord_000177,1,prod_000191,sel_0012,2374,1
ord_000178,1,prod_000294,sel_0060,13599,1
ord_000178,2,prod_000671,sel_0040,559,2
ord_000178,3,prod_000348,sel_0043,3249,1
ord_000179,1,prod_000646,sel_0028,12799,2
ord_000180,1,prod_000536,sel_0022,1699,2
ord_000180,2,prod_000706,sel_0040,2374,1
ord_000181,1,prod_000070,sel_0047,9999,1
ord_000182,1,prod_000788,sel_0056,349,1
ord_000183,1,prod_000544,sel_0001,11999,2
ord_000183,2,prod_000198,sel_0029,3562,1
ord_000184,1,prod_000278,sel_0055,2337,2
ord_000184,2,prod_000530,sel_0009,379,1
ord_000185,1,prod_000927,sel_0057,1139,2
ord_000186,1,prod_000052,sel_0035,1999,1
ord_000187,1,prod_000489,sel_0043,2199,1
ord_000187,2,prod_000516,sel_0051,1924,2
ord_000188,1,prod_000670,sel_0036,1399,1
ord_000189,1,prod_001074,sel_0060,1329,2
ord_000189,2,prod_000726,sel_0006,999,1
ord_000190,1,prod_000557,sel_0023,2799,1
ord_000190,2,prod_000531,sel_0053,1439,1
ord_000190,3,prod_000483,sel_0033,8999,1
ord_000191,1,prod_001021,sel_0031,599,2
ord_000192,1,prod_000194,sel_0049,359,1
ord_000192,2,prod_000455,sel_0029,3199,1
ord_000193,1,prod_000226,sel_0011,719,1
ord_000193,2,prod_000922,sel_0023,2024,1
ord_000193,3,prod_000656,sel_0044,799,1
ord_000194,1,prod_000174,sel_0054,539,1
ord_000195,1,prod_000484,sel_0020,4037,1
ord_000195,2,prod_000308,sel_0038,1399,1
ord_000196,1,prod_000209,sel_0043,769,2
ord_000196,2,prod_000539,sel_0025,1189,1
ord_000197,1,prod_000250,sel_0050,489,1
ord_000197,2,prod_000784,sel_0060,2799,1
ord_000197,3,prod_000670,sel_0036,1399,2
ord_000198,1,prod_001033,sel_0028,419,2
ord_000198,2,prod_000561,sel_0022,11399,1
ord_000199,1,prod_001058,sel_0006,1139,1
ord_000199,2,prod_000581,sel_0002,12349,1
ord_000199,3,prod_000612,sel_0040,2249,1
ord_000200,1,prod_000557,sel_0023,2799,2
ord_000200,2,prod_000767,sel_0049,594,1
ord_000201,1,prod_000927,sel_0057,1139,1
ord_000201,2,prod_001072,sel_0051,899,1
ord_000202,1,prod_001045,sel_0001,404,1
ord_000203,1,prod_000149,sel_0026,10999,1
ord_000204,1,prod_000204,sel_0007,2812,1
ord_000205,1,prod_000713,sel_0049,1599,2
ord_000205,2,prod_000548,sel_0046,749,1
ord_000206,1,prod_000220,sel_0055,719,2
ord_000207,1,prod_000566,sel_0028,14249,1
ord_000207,2,prod_000383,sel_0045,2612,2
ord_000208,1,prod_000846,sel_0040,2999,1
ord_000208,2,prod_000811,sel_0050,849,2
ord_000209,1,prod_000338,sel_0041,1199,1
ord_000210,1,prod_000967,sel_0041,1439,2
ord_000211,1,prod_000277,sel_0060,8999,1
ord_000212,1,prod_000074,sel_0031,7649,1
ord_000212,2,prod_000062,sel_0048,279299,1
ord_000212,3,prod_000850,sel_0035,2437,1
ord_000213,1,prod_000664,sel_0042,934,2
ord_000213,2,prod_000605,sel_0013,3999,1
ord_000213,3,prod_000952,sel_0038,419,1
ord_000214,1,prod_000636,sel_0016,3324,1
ord_000215,1,prod_001048,sel_0035,539,2
ord_000216,1,prod_000321,sel_0045,909,2
ord_000216,2,prod_001082,sel_0030,1259,1
ord_000217,1,prod_000279,sel_0027,4599,1
ord_000218,1,prod_000555,sel_0036,8999,1
ord_000219,1,prod_000151,sel_0038,1599,1
ord_000220,1,prod_000518,sel_0037,1199,1
ord_000221,1,prod_000116,sel_0010,7424,1
ord_000221,2,prod_001049,sel_0009,1574,1
ord_000222,1,prod_000765,sel_0001,1519,1
ord_000223,1,prod_000483,sel_0033,8999,1
ord_000224,1,prod_000850,sel_0035,2437,1
ord_000225,1,prod_000929,sel_0024,1049,2
ord_000225,2,prod_000092,sel_0014,1169,1
ord_000226,1,prod_000569,sel_0043,42749,1
ord_000227,1,prod_000017,sel_0060,7199,1
ord_000227,2,prod_000399,sel_0031,2437,1
ord_000228,1,prod_000774,sel_0056,799,1
ord_000229,1,prod_000926,sel_0058,1199,1
ord_000229,2,prod_000697,sel_0013,799,1
ord_000230,1,prod_001044,sel_0002,899,1
ord_000231,1,prod_000105,sel_0051,7599,2
ord_000231,2,prod_000134,sel_0016,34849,1
ord_000231,3,prod_000350,sel_0002,1079,1
ord_000232,1,prod_000014,sel_0035,6499,1
ord_000232,2,prod_000838,sel_0043,1099,2
ord_000233,1,prod_000660,sel_0037,799,1
ord_000234,1,prod_000929,sel_0024,1049,2
ord_000234,2,prod_000629,sel_0013,71399,1
ord_000235,1,prod_000673,sel_0006,427,1
ord_000236,1,prod_000935,sel_0005,2249,1
ord_000236,2,prod_000356,sel_0025,629,1
ord_000236,3,prod_001044,sel_0002,899,2
ord_000237,1,prod_000270,sel_0021,2999,2
ord_000238,1,prod_001098,sel_0059,2099,1
ord_000239,1,prod_000145,sel_0035,7862,1
ord_000240,1,prod_000224,sel_0045,28499,2
ord_000241,1,prod_000680,sel_0049,1039,1
ord_000242,1,prod_000984,sel_0035,1799,1
ord_000243,1,prod_000217,sel_0009,719,1
ord_000243,2,prod_000068,sel_0038,14249,2
ord_000244,1,prod_000788,sel_0056,349,1
ord_000245,1,prod_000955,sel_0043,2499,1
ord_000245,2,prod_000487,sel_0023,6174,1
ord_000245,3,prod_000397,sel_0001,3187,1
ord_000246,1,prod_000563,sel_0049,6299,1
ord_000246,2,prod_000864,sel_0055,1912,1
ord_000247,1,prod_000887,sel_0022,1119,2
ord_000247,2,prod_000583,sel_0054,7199,1
ord_000248,1,prod_000499,sel_0041,16099,1
ord_000249,1,prod_000890,sel_0049,1439,1
ord_000249,2,prod_000504,sel_0013,1139,1
ord_000249,3,prod_001023,sel_0042,1019,1
ord_000250,1,prod_000642,sel_0003,3187,1
ord_000250,2,prod_000424,sel_0012,3249,1
ord_000251,1,prod_000465,sel_0047,20299,1
ord_000252,1,prod_000143,sel_0014,7799,2
ord_000252,2,prod_001002,sel_0008,2199,2
ord_000253,1,prod_000353,sel_0039,1874,1
ord_000253,2,prod_000021,sel_0013,10449,1
ord_000253,3,prod_000349,sel_0007,949,1
ord_000254,1,prod_000400,sel_0035,1424,2
ord_000254,2,prod_000198,sel_0029,3562,1
ord_000255,1,prod_000599,sel_0059,2624,1
ord_000256,1,prod_001067,sel_0037,1999,1
ord_000256,2,prod_000737,sel_0013,2124,1
ord_000257,1,prod_000864,sel_0055,1912,1
ord_000258,1,prod_000444,sel_0050,4987,2
ord_000259,1,prod_000463,sel_0013,1259,1
ord_000259,2,prod_000786,sel_0015,899,2
ord_000259,3,prod_000234,sel_0031,2999,1
ord_000260,1,prod_000513,sel_0040,1439,1
ord_000261,1,prod_000061,sel_0011,1599,2
ord_000262,1,prod_000903,sel_0039,699,1
ord_000262,2,prod_000355,sel_0013,699,1
ord_000262,3,prod_000856,sel_0016,7499,1
ord_000263,1,prod_000189,sel_0019,4874,2
ord_000264,1,prod_000274,sel_0044,3399,1
ord_000265,1,prod_000158,sel_0058,979,1
ord_000266,1,prod_000284,sel_0060,5949,1
ord_000267,1,prod_000294,sel_0060,13599,1
ord_000268,1,prod_001017,sel_0005,639,1
ord_000268,2,prod_000081,sel_0032,699,1
ord_000269,1,prod_000577,sel_0004,11199,2
ord_000270,1,prod_000403,sel_0043,2799,2
ord_000271,1,prod_000586,sel_0012,13599,1
ord_000272,1,prod_001092,sel_0026,559,1
ord_000272,2,prod_000619,sel_0034,1599,1
ord_000272,3,prod_001050,sel_0018,1439,1
ord_000273,1,prod_000959,sel_0009,1359,1
ord_000273,2,prod_001079,sel_0016,332,1
ord_000274,1,prod_000537,sel_0024,2749,1
ord_000275,1,prod_000885,sel_0008,759,1
ord_000276,1,prod_000414,sel_0012,3849,2
ord_000277,1,prod_000291,sel_0001,13599,1
ord_000277,2,prod_000281,sel_0016,3374,1
ord_000278,1,prod_000188,sel_0053,489,1
ord_000278,2,prod_000122,sel_0048,11249,2
ord_000279,1,prod_000319,sel_0059,959,1
ord_000279,2,prod_000283,sel_0034,199,1
ord_000280,1,prod_000091,sel_0053,31499,1
ord_000280,2,prod_001031,sel_0008,399,1
ord_000281,1,prod_000451,sel_0010,5524,1
ord_000282,1,prod_000539,sel_0025,1189,1
ord_000283,1,prod_000496,sel_0014,17099,1
ord_000284,1,prod_000606,sel_0022,9262,1
ord_000285,1,prod_000563,sel_0049,6299,1
ord_000286,1,prod_000508,sel_0058,2399,1
ord_000287,1,prod_000767,sel_0049,594,2
ord_000288,1,prod_000154,sel_0049,1499,1
ord_000289,1,prod_000297,sel_0034,5174,1
ord_000290,1,prod_000491,sel_0048,3374,1
ord_000291,1,prod_001078,sel_0035,3749,1
ord_000291,2,prod_000233,sel_0058,799,1
ord_000291,3,prod_000947,sel_0055,1799,1
ord_000292,1,prod_000888,sel_0037,799,1
ord_000292,2,prod_000761,sel_0032,639,1
ord_000293,1,prod_001085,sel_0028,799,1
ord_000294,1,prod_000891,sel_0043,719,2
ord_000295,1,prod_000984,sel_0035,1799,1
ord_000296,1,prod_000770,sel_0032,599,1
ord_000296,2,prod_001051,sel_0056,974,1
ord_000297,1,prod_001014,sel_0034,1519,1
ord_000297,2,prod_000152,sel_0032,629,2
ord_000297,3,prod_000370,sel_0015,1039,1
ord_000298,1,prod_000417,sel_0033,5949,2
ord_000298,2,prod_000214,sel_0003,2999,1
ord_000299,1,prod_000690,sel_0024,989,1
ord_000300,1,prod_000599,sel_0059,2624,1
ord_000300,2,prod_000719,sel_0017,1079,2
ord_000301,1,prod_000149,sel_0026,10999,1
ord_000302,1,prod_000097,sel_0052,35249,1
ord_000303,1,prod_000944,sel_0002,2249,1
ord_000304,1,prod_001100,sel_0013,639,2
ord_000304,2,prod_000206,sel_0046,2024,2
ord_000305,1,prod_000808,sel_0017,479,1
ord_000306,1,prod_000417,sel_0033,5949,1
ord_000306,2,prod_000351,sel_0055,1687,2
ord_000307,1,prod_000119,sel_0014,6199,1
ord_000308,1,prod_000944,sel_0002,2249,2
ord_000308,2,prod_000421,sel_0033,2249,1
ord_000309,1,prod_000587,sel_0048,10999,2
ord_000309,2,prod_000096,sel_0036,3324,1
ord_000310,1,prod_000561,sel_0022,11399,2
ord_000310,2,prod_000483,sel_0033,8999,1
ord_000311,1,prod_000642,sel_0003,3187,1
ord_000312,1,prod_001036,sel_0001,1119,2
ord_000312,2,prod_000654,sel_0032,254,1
ord_000313,1,prod_000836,sel_0024,1019,1
ord_000314,1,prod_000833,sel_0006,719,2
ord_000315,1,prod_001008,sel_0036,479,1
ord_000315,2,prod_000051,sel_0007,6299,1
ord_000316,1,prod_001032,sel_0046,839,1
ord_000316,2,prod_000865,sel_0020,1199,1
ord_000317,1,prod_000759,sel_0001,2249,1
ord_000318,1,prod_001007,sel_0054,319,1
ord_000318,2,prod_000317,sel_0059,2449,1
ord_000319,1,prod_000523,sel_0023,26999,1
ord_000319,2,prod_000481,sel_0004,5999,1
ord_000319,3,prod_000235,sel_0054,9099,1
ord_000320,1,prod_000701,sel_0011,1329,2
ord_000321,1,prod_000127,sel_0016,22499,1
ord_000322,1,prod_000418,sel_0028,8549,2
ord_000322,2,prod_001061,sel_0015,7999,1
ord_000323,1,prod_000258,sel_0051,10449,1
ord_000324,1,prod_000044,sel_0038,4599,1
ord_000324,2,prod_000557,sel_0023,2799,2
ord_000325,1,prod_000361,sel_0054,1119,1
ord_000325,2,prod_000219,sel_0018,1329,1
ord_000325,3,prod_000238,sel_0043,679,2
ord_000326,1,prod_000836,sel_0024,1019,1
ord_000327,1,prod_000493,sel_0031,31499,2
ord_000327,2,prod_000205,sel_0039,2374,1
ord_000328,1,prod_000879,sel_0018,1039,1
ord_000329,1,prod_000807,sel_0001,1019,1
ord_000330,1,prod_000726,sel_0006,999,1
ord_000331,1,prod_000054,sel_0040,719,1
ord_000332,1,prod_000485,sel_0024,11999,1
ord_000332,2,prod_001050,sel_0018,1439,1
ord_000332,3,prod_000211,sel_0050,599,1
ord_000333,1,prod_000847,sel_0025,1799,1
ord_000334,1,prod_000980,sel_0046,3249,2
ord_000334,2,prod_001100,sel_0013,639,1
ord_000335,1,prod_000732,sel_0029,1519,1
ord_000336,1,prod_000315,sel_0007,949,2
ord_000337,1,prod_000814,sel_0053,1079,1
ord_000337,2,prod_000837,sel_0040,1119,2
ord_000338,1,prod_000361,sel_0054,1119,1
ord_000339,1,prod_000905,sel_0049,1899,1
ord_000339,2,prod_000598,sel_0006,12599,1
ord_000340,1,prod_000085,sel_0025,7699,1
ord_000340,2,prod_000903,sel_0039,699,1
ord_000341,1,prod_001091,sel_0017,1119,2
ord_000342,1,prod_000530,sel_0009,379,1
ord_000342,2,prod_000029,sel_0047,3937,1
ord_000343,1,prod_000865,sel_0020,1199,2
ord_000344,1,prod_000087,sel_0057,11999,1
ord_000344,2,prod_000519,sel_0038,11899,2
ord_000344,3,prod_000058,sel_0032,1499,2
ord_000345,1,prod_000744,sel_0049,1104,1
ord_000345,2,prod_000381,sel_0043,3999,1
ord_000346,1,prod_000407,sel_0050,3824,1
ord_000346,2,prod_000690,sel_0024,989,1
ord_000347,1,prod_000947,sel_0055,1799,1
ord_000347,2,prod_000682,sel_0045,799,2
ord_000347,3,prod_000501,sel_0048,1999,1
ord_000348,1,prod_000720,sel_0008,1104,1
ord_000348,2,prod_000738,sel_0039,599,1
ord_000349,1,prod_000620,sel_0017,1019,1
ord_000350,1,prod_000256,sel_0031,5174,1
ord_000351,1,prod_000629,sel_0013,71399,2
ord_000352,1,prod_000753,sel_0008,1199,2
ord_000353,1,prod_000470,sel_0026,3999,1
ord_000353,2,prod_000402,sel_0025,8249,1
ord_000354,1,prod_000292,sel_0051,2999,1
ord_000354,2,prod_000708,sel_0007,799,1
ord_000355,1,prod_000309,sel_0032,1599,2
ord_000355,2,prod_000780,sel_0042,474,2
ord_000355,3,prod_001017,sel_0005,639,1
ord_000356,1,prod_000544,sel_0001,11999,1
ord_000356,2,prod_000197,sel_0048,899,2
ord_000357,1,prod_000400,sel_0035,1424,1
ord_000358,1,prod_001075,sel_0025,559,1
ord_000358,2,prod_000073,sel_0055,2599,1
ord_000358,3,prod_000958,sel_0031,249,1
ord_000359,1,prod_000020,sel_0020,1439,1
ord_000359,2,prod_000226,sel_0011,719,2
ord_000359,3,prod_000513,sel_0040,1439,1
ord_000360,1,prod_000460,sel_0011,5749,2
ord_000360,2,prod_000945,sel_0034,1699,1
ord_000361,1,prod_000876,sel_0014,2137,1
ord_000361,2,prod_000824,sel_0010,1139,1
ord_000361,3,prod_000478,sel_0057,36399,2
ord_000362,1,prod_000031,sel_0027,599,1
ord_000362,2,prod_000826,sel_0038,349,2
ord_000363,1,prod_000237,sel_0033,5524,1
ord_000364,1,prod_000426,sel_0041,2274,1
ord_000364,2,prod_000850,sel_0035,2437,1
ord_000365,1,prod_000715,sel_0019,1499,1
ord_000366,1,prod_000706,sel_0040,2374,1
ord_000367,1,prod_000541,sel_0025,3499,2
ord_000368,1,prod_000685,sel_0025,854,1
ord_000369,1,prod_000114,sel_0014,5437,2
ord_000370,1,prod_000031,sel_0027,599,1
ord_000370,2,prod_000209,sel_0043,769,1
ord_000371,1,prod_000842,sel_0024,2437,1
ord_000371,2,prod_001039,sel_0018,989,1
ord_000372,1,prod_000794,sel_0005,4037,1
ord_000373,1,prod_000721,sel_0046,9024,1
ord_000373,2,prod_000789,sel_0009,1044,1
ord_000374,1,prod_000608,sel_0020,1574,1
ord_000374,2,prod_000006,sel_0050,20249,1
ord_000375,1,prod_000794,sel_0005,4037,1
ord_000376,1,prod_000567,sel_0032,11899,1
ord_000376,2,prod_001078,sel_0035,3749,1
ord_000376,3,prod_000340,sel_0046,1279,1
ord_000377,1,prod_000973,sel_0009,3599,1
ord_000378,1,prod_000261,sel_0039,2749,1
ord_000379,1,prod_000893,sel_0048,16199,1
ord_000380,1,prod_000205,sel_0039,2374,2
ord_000380,2,prod_000148,sel_0040,6299,1
ord_000381,1,prod_000288,sel_0033,18699,2
ord_000381,2,prod_000943,sel_0015,824,1
ord_000382,1,prod_000530,sel_0009,379,2
ord_000383,1,prod_000514,sel_0033,2062,2
ord_000383,2,prod_000673,sel_0006,427,1
ord_000384,1,prod_000904,sel_0035,1519,2
ord_000384,2,prod_000829,sel_0019,699,2
ord_000385,1,prod_000565,sel_0055,22799,1
ord_000386,1,prod_001088,sel_0035,629,2
ord_000387,1,prod_001074,sel_0060,1329,2
ord_000388,1,prod_000501,sel_0048,1999,1
ord_000388,2,prod_000001,sel_0036,1874,2
ord_000388,3,prod_000841,sel_0023,2999,1
ord_000389,1,prod_000393,sel_0027,3199,1
ord_000390,1,prod_000846,sel_0040,2999,1
ord_000391,1,prod_001024,sel_0033,314,1
ord_000391,2,prod_000801,sel_0039,2249,2
ord_000392,1,prod_000633,sel_0057,6199,2
ord_000393,1,prod_000374,sel_0043,524,2
ord_000393,2,prod_000024,sel_0052,9499,1
ord_000394,1,prod_000446,sel_0050,2812,1
ord_000395,1,prod_000685,sel_0025,854,1
ord_000395,2,prod_000661,sel_0032,639,2
ord_000396,1,prod_001090,sel_0031,699,1
ord_000397,1,prod_000623,sel_0052,9349,1
ord_000398,1,prod_001098,sel_0059,2099,1
ord_000399,1,prod_000849,sel_0016,664,1
ord_000399,2,prod_000873,sel_0029,1599,1
ord_000400,1,prod_000730,sel_0018,509,1
ord_000401,1,prod_000129,sel_0018,23999,1
ord_000401,2,prod_000798,sel_0028,3324,1
ord_000402,1,prod_000993,sel_0046,374,1
ord_000403,1,prod_000134,sel_0016,34849,1
ord_000403,2,prod_000236,sel_0042,1924,1
ord_000403,3,prod_000653,sel_0003,899,1
ord_000404,1,prod_000246,sel_0012,934,1
ord_000405,1,prod_000153,sel_0047,2999,1
ord_000405,2,prod_000600,sel_0021,13999,1
ord_000406,1,prod_000954,sel_0007,799,2
ord_000407,1,prod_000383,sel_0045,2612,1
ord_000407,2,prod_000875,sel_0007,599,1
ord_000408,1,prod_000589,sel_0002,8287,1
ord_000408,2,prod_000973,sel_0009,3599,2
ord_000408,3,prod_000063,sel_0006,1999,1
ord_000409,1,prod_000092,sel_0014,1169,1
ord_000409,2,prod_000334,sel_0037,2337,2
ord_000410,1,prod_000035,sel_0059,6499,1
ord_000411,1,prod_000215,sel_0035,1044,1
ord_000412,1,prod_000783,sel_0017,1259,2
ord_000413,1,prod_000566,sel_0028,14249,1
ord_000413,2,prod_000140,sel_0058,5624,1
ord_000413,3,prod_000194,sel_0049,359,1
ord_000414,1,prod_000278,sel_0055,2337,1
ord_000414,2,prod_000474,sel_0025,1439,2
ord_000414,3,prod_000713,sel_0049,1599,1
ord_000415,1,prod_001070,sel_0023,11999,2
ord_000416,1,prod_000775,sel_0050,824,1
ord_000416,2,prod_000834,sel_0003,1709,1
ord_000417,1,prod_000847,sel_0025,1799,2
ord_000418,1,prod_000311,sel_0027,1199,1
ord_000418,2,prod_000440,sel_0018,1619,1
ord_000418,3,prod_000152,sel_0032,629,2
ord_000419,1,prod_000697,sel_0013,799,1
ord_000420,1,prod_000222,sel_0019,3199,1
ord_000421,1,prod_000393,sel_0027,3199,2
ord_000422,1,prod_001100,sel_0013,639,1
ord_000423,1,prod_000838,sel_0043,1099,1
ord_000423,2,prod_000997,sel_0030,3499,1
ord_000424,1,prod_000015,sel_0039,5774,1
ord_000425,1,prod_000473,sel_0030,20299,1
ord_000425,2,prod_000673,sel_0006,427,1
ord_000426,1,prod_000786,sel_0015,899,1
ord_000427,1,prod_000106,sel_0039,11399,1
ord_000427,2,prod_001092,sel_0026,559,1
ord_000427,3,prod_000074,sel_0031,7649,1
ord_000428,1,prod_000159,sel_0049,1599,1
ord_000428,2,prod_000365,sel_0029,719,1
ord_000429,1,prod_000629,sel_0013,71399,1
ord_000430,1,prod_000781,sel_0005,2249,1
ord_000430,2,prod_000350,sel_0002,1079,1
ord_000431,1,prod_000954,sel_0007,799,1
ord_000432,1,prod_000417,sel_0033,5949,2
ord_000433,1,prod_000961,sel_0054,899,1
ord_000434,1,prod_000185,sel_0037,1199,2
ord_000434,2,prod_000440,sel_0018,1619,1
ord_000434,3,prod_000909,sel_0032,559,1
ord_000435,1,prod_000193,sel_0057,38699,1
ord_000436,1,prod_000979,sel_0041,2437,1
ord_000436,2,prod_000533,sel_0014,599,1
ord_000436,3,prod_001083,sel_0034,899,1
ord_000437,1,prod_000618,sel_0058,2399,1
ord_000438,1,prod_000354,sel_0007,1574,1
ord_000438,2,prod_000597,sel_0035,6649,2
ord_000438,3,prod_000777,sel_0029,1329,2
ord_000439,1,prod_000778,sel_0044,1912,2
ord_000440,1,prod_000439,sel_0037,3199,1
ord_000440,2,prod_000595,sel_0016,2924,1
ord_000441,1,prod_000311,sel_0027,1199,1
ord_000441,2,prod_000175,sel_0009,719,1
ord_000441,3,prod_000395,sel_0012,4312,1
ord_000442,1,prod_000319,sel_0059,959,2
ord_000442,2,prod_001089,sel_0043,399,1
ord_000443,1,prod_000962,sel_0044,599,1
ord_000443,2,prod_000828,sel_0048,1499,2
ord_000443,3,prod_000435,sel_0029,10199,1
ord_000444,1,prod_000633,sel_0057,6199,1
ord_000445,1,prod_000022,sel_0026,1439,1
ord_000446,1,prod_001088,sel_0035,629,1
ord_000446,2,prod_000127,sel_0016,22499,1
ord_000447,1,prod_000166,sel_0017,524,2
ord_000448,1,prod_000353,sel_0039,1874,1
ord_000449,1,prod_000998,sel_0051,2062,1
ord_000449,2,prod_000758,sel_0029,949,1
ord_000450,1,prod_000287,sel_0045,3799,1
ord_000451,1,prod_000214,sel_0003,2999,1
ord_000451,2,prod_000152,sel_0032,629,1
ord_000452,1,prod_000072,sel_0008,1687,1
ord_000453,1,prod_001032,sel_0046,839,2
ord_000454,1,prod_000739,sel_0046,374,1
ord_000454,2,prod_000669,sel_0024,489,1
ord_000455,1,prod_000717,sel_0043,1519,1
ord_000455,2,prod_000494,sel_0028,5937,1
ord_000455,3,prod_000460,sel_0011,5749,1
ord_000456,1,prod_000067,sel_0011,9262,1
ord_000456,2,prod_000487,sel_0023,6174,1
ord_000457,1,prod_000834,sel_0003,1709,1
ord_000458,1,prod_000609,sel_0022,13599,1
ord_000459,1,prod_000605,sel_0013,3999,1
ord_000459,2,prod_000417,sel_0033,5949,1
ord_000459,3,prod_000951,sel_0027,449,1
ord_000460,1,prod_000231,sel_0028,3999,1
ord_000460,2,prod_000156,sel_0013,1119,1
ord_000461,1,prod_000713,sel_0049,1599,1
ord_000461,2,prod_000569,sel_0043,42749,1
ord_000462,1,prod_000188,sel_0053,489,2
ord_000463,1,prod_000824,sel_0010,1139,1
ord_000463,2,prod_000783,sel_0017,1259,1
ord_000464,1,prod_000274,sel_0044,3399,2
ord_000465,1,prod_000451,sel_0010,5524,2
ord_000466,1,prod_000653,sel_0003,899,1
ord_000467,1,prod_000752,sel_0035,262,1
ord_000467,2,prod_000782,sel_0030,719,1
ord_000467,3,prod_000136,sel_0014,9599,2
ord_000468,1,prod_000024,sel_0052,9499,2
ord_000469,1,prod_000750,sel_0014,2699,1
ord_000470,1,prod_000440,sel_0018,1619,2
ord_000471,1,prod_000734,sel_0036,1189,1
ord_000472,1,prod_001059,sel_0014,33999,1
ord_000473,1,prod_000918,sel_0029,1039,1
ord_000473,2,prod_000760,sel_0006,1199,2
ord_000474,1,prod_000727,sel_0035,1599,2
ord_000475,1,prod_000321,sel_0045,909,1
ord_000475,2,prod_000432,sel_0012,10799,1
ord_000476,1,prod_000443,sel_0017,11049,1
ord_000476,2,prod_000585,sel_0034,3749,2
ord_000476,3,prod_000917,sel_0026,949,1
ord_000477,1,prod_000676,sel_0060,2099,1
ord_000478,1,prod_000923,sel_0015,449,1
ord_000478,2,prod_001000,sel_0029,2437,1
ord_000478,3,prod_000121,sel_0049,10449,1
ord_000479,1,prod_000227,sel_0004,989,1
ord_000479,2,prod_000828,sel_0048,1499,1
ord_000480,1,prod_000213,sel_0053,16149,1
ord_000480,2,prod_000036,sel_0028,594,1
ord_000481,1,prod_000236,sel_0042,1924,1
ord_000482,1,prod_000396,sel_0013,2124,1
ord_000483,1,prod_000279,sel_0027,4599,1
ord_000484,1,prod_000143,sel_0014,7799,1
ord_000485,1,prod_000090,sel_0039,27999,1
ord_000485,2,prod_000383,sel_0045,2612,1
ord_000486,1,prod_000711,sel_0039,1709,2
ord_000487,1,prod_000223,sel_0050,599,2
ord_000487,2,prod_000354,sel_0007,1574,1
ord_000488,1,prod_000682,sel_0045,799,1
ord_000488,2,prod_000614,sel_0034,16499,2
ord_000488,3,prod_000104,sel_0006,6374,1
ord_000489,1,prod_001090,sel_0031,699,1
ord_000490,1,prod_000686,sel_0012,1104,2
ord_000490,2,prod_000166,sel_0017,524,1
ord_000490,3,prod_000802,sel_0007,4124,2
ord_000491,1,prod_000120,sel_0052,16999,1
ord_000491,2,prod_000286,sel_0014,27999,1
ord_000492,1,prod_000819,sel_0032,664,2
ord_000493,1,prod_000314,sel_0012,8549,1
ord_000493,2,prod_000482,sel_0018,13599,1
ord_000494,1,prod_000696,sel_0032,854,1
ord_000494,2,prod_000107,sel_0051,9899,2
ord_000495,1,prod_000299,sel_0024,4037,1
ord_000496,1,prod_000527,sel_0011,1912,2
ord_000496,2,prod_000710,sel_0018,1199,1
ord_000497,1,prod_000512,sel_0006,509,1
ord_000497,2,prod_000966,sel_0002,474,2
ord_000498,1,prod_000425,sel_0029,11999,1
ord_000498,2,prod_000749,sel_0028,629,1
ord_000499,1,prod_000161,sel_0053,639,2
ord_000499,2,prod_001070,sel_0023,11999,1
ord_000500,1,prod_000212,sel_0020,2024,1
ord_000501,1,prod_000670,sel_0036,1399,1
ord_000502,1,prod_000111,sel_0050,4599,1
ord_000502,2,prod_000044,sel_0038,4599,1
ord_000502,3,prod_000089,sel_0012,959,1
ord_000503,1,prod_000165,sel_0056,1329,1
ord_000503,2,prod_000389,sel_0052,3999,1
ord_000504,1,prod_000097,sel_0052,35249,1
ord_000504,2,prod_000675,sel_0057,1699,2
ord_000505,1,prod_000926,sel_0058,1199,1
ord_000506,1,prod_000205,sel_0039,2374,2
ord_000506,2,prod_000833,sel_0006,719,1
ord_000506,3,prod_000821,sel_0019,599,2
ord_000507,1,prod_000918,sel_0029,1039,1
ord_000508,1,prod_000665,sel_0029,1399,1
ord_000509,1,prod_000292,sel_0051,2999,1
ord_000510,1,prod_000710,sel_0018,1199,1
ord_000511,1,prod_000024,sel_0052,9499,1
ord_000511,2,prod_000784,sel_0060,2799,1
ord_000512,1,prod_000941,sel_0034,599,1
ord_000512,2,prod_000426,sel_0041,2274,1
ord_000512,3,prod_000765,sel_0001,1519,2
ord_000513,1,prod_000721,sel_0046,9024,2
ord_000514,1,prod_000524,sel_0058,934,1
ord_000514,2,prod_000601,sel_0005,17599,1
ord_000515,1,prod_000140,sel_0058,5624,2
ord_000515,2,prod_000474,sel_0025,1439,1
ord_000516,1,prod_000427,sel_0023,4887,1
ord_000516,2,prod_000752,sel_0035,262,1
ord_000516,3,prod_000689,sel_0034,314,2
ord_000517,1,prod_001054,sel_0043,3799,1
ord_000517,2,prod_000632,sel_0001,3149,1
ord_000518,1,prod_000179,sel_0037,2474,1
ord_000519,1,prod_000332,sel_0055,2024,1
ord_000520,1,prod_001063,sel_0001,769,1
ord_000520,2,prod_000987,sel_0030,879,2
ord_000521,1,prod_000737,sel_0013,2124,1
ord_000521,2,prod_000087,sel_0057,11999,1
ord_000522,1,prod_000313,sel_0046,1399,1
ord_000522,2,prod_000681,sel_0036,934,1
ord_000523,1,prod_000074,sel_0031,7649,2
ord_000523,2,prod_000881,sel_0040,1104,1
ord_000523,3,prod_000702,sel_0008,474,1
ord_000524,1,prod_000423,sel_0008,21999,1
ord_000525,1,prod_000488,sel_0047,1439,2
ord_000525,2,prod_000874,sel_0002,1139,1
ord_000525,3,prod_000103,sel_0016,18899,1
ord_000526,1,prod_000529,sel_0056,1049,1
ord_000527,1,prod_000596,sel_0015,13999,1
ord_000527,2,prod_000325,sel_0040,2437,1
ord_000528,1,prod_000796,sel_0012,237,1
ord_000529,1,prod_000329,sel_0059,1119,1
ord_000529,2,prod_000768,sel_0036,3999,1
ord_000530,1,prod_000069,sel_0033,4599,2
ord_000530,2,prod_000544,sel_0001,11999,1
ord_000531,1,prod_000393,sel_0027,3199,1
ord_000531,2,prod_001075,sel_0025,559,2
ord_000532,1,prod_000726,sel_0006,999,1
ord_000533,1,prod_000628,sel_0051,4462,1
ord_000533,2,prod_000354,sel_0007,1574,1
ord_000533,3,prod_000999,sel_0019,314,2
ord_000534,1,prod_000584,sel_0013,14449,2
ord_000534,2,prod_001039,sel_0018,989,1
ord_000535,1,prod_000630,sel_0012,36099,2
ord_000536,1,prod_000175,sel_0009,719,1
ord_000537,1,prod_000451,sel_0010,5524,2
ord_000537,2,prod_000304,sel_0010,1189,1
ord_000537,3,prod_000890,sel_0049,1439,2
ord_000538,1,prod_000648,sel_0033,1199,1
ord_000539,1,prod_000410,sel_0038,8249,1
ord_000539,2,prod_000356,sel_0025,629,1
ord_000539,3,prod_000898,sel_0035,399,2
ord_000540,1,prod_000490,sel_0024,2749,1
ord_000541,1,prod_000670,sel_0036,1399,1
ord_000542,1,prod_000428,sel_0022,11999,1
ord_000543,1,prod_000572,sel_0037,9599,1
ord_000543,2,prod_000932,sel_0032,1614,1
ord_000544,1,prod_000100,sel_0044,809,1
ord_000545,1,prod_000355,sel_0013,699,1
ord_000546,1,prod_000543,sel_0012,3999,2
ord_000546,2,prod_000246,sel_0012,934,1
ord_000547,1,prod_000192,sel_0027,1399,1
ord_000548,1,prod_000837,sel_0040,1119,1
ord_000548,2,prod_000382,sel_0046,764,1
ord_000548,3,prod_000214,sel_0003,2999,1
ord_000549,1,prod_000368,sel_0010,594,1
ord_000550,1,prod_000736,sel_0015,699,1
ord_000551,1,prod_000388,sel_0008,2124,2
ord_000552,1,prod_000747,sel_0059,2812,1
ord_000552,2,prod_000913,sel_0046,1139,1
ord_000553,1,prod_000811,sel_0050,849,1
ord_000554,1,prod_000648,sel_0033,1199,2
ord_000554,2,prod_000766,sel_0031,899,2
ord_000555,1,prod_001052,sel_0003,3999,2
ord_000556,1,prod_000818,sel_0042,449,1
ord_000556,2,prod_000638,sel_0011,909,1
ord_000557,1,prod_000522,sel_0009,1439,1
ord_000558,1,prod_000830,sel_0041,1199,2
ord_000558,2,prod_001079,sel_0016,332,1
ord_000558,3,prod_000196,sel_0022,719,1
ord_000559,1,prod_000272,sel_0010,4887,1
ord_000559,2,prod_000689,sel_0034,314,2
ord_000559,3,prod_000364,sel_0008,2124,1
ord_000560,1,prod_000119,sel_0014,6199,2
ord_000560,2,prod_000225,sel_0006,1874,2
ord_000560,3,prod_000143,sel_0014,7799,2
ord_000561,1,prod_000713,sel_0049,1599,1
ord_000561,2,prod_001082,sel_0030,1259,1
ord_000562,1,prod_000298,sel_0033,2624,1
ord_000563,1,prod_000772,sel_0022,594,1
ord_000564,1,prod_000581,sel_0002,12349,1
ord_000565,1,prod_000040,sel_0017,719,2
ord_000565,2,prod_000919,sel_0037,1439,1
ord_000566,1,prod_000452,sel_0045,3249,1
ord_000566,2,prod_000991,sel_0023,1234,1
ord_000566,3,prod_000995,sel_0041,1799,1
ord_000567,1,prod_000751,sel_0024,1199,1
ord_000567,2,prod_000019,sel_0007,9749,2
ord_000568,1,prod_000009,sel_0014,1399,1
ord_000569,1,prod_000008,sel_0003,1924,1
ord_000569,2,prod_000061,sel_0011,1599,1
ord_000570,1,prod_000609,sel_0022,13599,1
ord_000571,1,prod_000343,sel_0024,1799,1
ord_000571,2,prod_000899,sel_0004,1687,1
ord_000572,1,prod_000529,sel_0056,1049,1
ord_000572,2,prod_000088,sel_0038,2762,1
ord_000573,1,prod_000976,sel_0022,1199,2
ord_000574,1,prod_001068,sel_0030,10499,1
ord_000575,1,prod_000946,sel_0046,1199,2
ord_000575,2,prod_000150,sel_0057,8549,1
ord_000576,1,prod_000576,sel_0040,4749,1
ord_000576,2,prod_001000,sel_0029,2437,2
ord_000576,3,prod_000508,sel_0058,2399,1
ord_000577,1,prod_000200,sel_0005,539,1
ord_000578,1,prod_000625,sel_0022,4249,1
ord_000578,2,prod_001001,sel_0030,17849,2
ord_000578,3,prod_000722,sel_0009,759,1
ord_000579,1,prod_000866,sel_0018,2624,2
ord_000580,1,prod_000366,sel_0048,979,1
ord_000581,1,prod_000654,sel_0032,254,1
ord_000582,1,prod_000784,sel_0060,2799,1
ord_000582,2,prod_000032,sel_0006,2274,1
ord_000582,3,prod_000453,sel_0018,3612,1
ord_000583,1,prod_001040,sel_0007,2449,2
ord_000584,1,prod_000873,sel_0029,1599,2
ord_000585,1,prod_000126,sel_0041,19549,1
ord_000586,1,prod_000622,sel_0022,379,1
ord_000586,2,prod_000930,sel_0056,854,1
ord_000587,1,prod_000742,sel_0011,1399,1
ord_000587,2,prod_000158,sel_0058,979,2
ord_000587,3,prod_000479,sel_0037,2999,1
ord_000588,1,prod_000126,sel_0041,19549,2
ord_000588,2,prod_000351,sel_0055,1687,2
ord_000589,1,prod_000836,sel_0024,1019,1
ord_000589,2,prod_000397,sel_0001,3187,1
ord_000590,1,prod_000113,sel_0050,14999,1
ord_000590,2,prod_000708,sel_0007,799,1
ord_000591,1,prod_000226,sel_0011,719,1
ord_000592,1,prod_000076,sel_0046,4499,1
ord_000593,1,prod_000621,sel_0032,3374,1
ord_000593,2,prod_000077,sel_0003,7424,1
ord_000594,1,prod_000195,sel_0040,2924,1
ord_000594,2,prod_000240,sel_0046,1049,1
ord_000594,3,prod_000063,sel_0006,1999,1
ord_000595,1,prod_000467,sel_0011,42999,2
ord_000596,1,prod_000324,sel_0050,1599,1
ord_000596,2,prod_000416,sel_0003,10999,1
ord_000597,1,prod_000255,sel_0041,21249,2
ord_000597,2,prod_001078,sel_0035,3749,2
ord_000598,1,prod_000456,sel_0054,2249,1
ord_000599,1,prod_000905,sel_0049,1899,1
ord_000599,2,prod_001050,sel_0018,1439,2
ord_000600,1,prod_000841,sel_0023,2999,2
ord_000601,1,prod_000875,sel_0007,599,1
ord_000602,1,prod_000588,sel_0039,7124,1
ord_000603,1,prod_001052,sel_0003,3999,1
ord_000604,1,prod_000734,sel_0036,1189,1
ord_000605,1,prod_000055,sel_0027,3324,1
ord_000605,2,prod_000290,sel_0015,1599,1
ord_000606,1,prod_000668,sel_0058,1749,1
ord_000606,2,prod_000800,sel_0035,949,1
ord_000607,1,prod_000016,sel_0013,4949,1
ord_000607,2,prod_000485,sel_0024,11999,2
ord_000608,1,prod_000967,sel_0041,1439,2
ord_000608,2,prod_000947,sel_0055,1799,1
ord_000609,1,prod_000575,sel_0038,3324,2
ord_000609,2,prod_000492,sel_0048,7012,1
ord_000610,1,prod_000440,sel_0018,1619,2
ord_000611,1,prod_000593,sel_0055,4499,1
ord_000611,2,prod_000895,sel_0005,719,1
ord_000611,3,prod_000759,sel_0001,2249,2
ord_000612,1,prod_000523,sel_0023,26999,1
ord_000613,1,prod_000824,sel_0010,1139,2
ord_000613,2,prod_000168,sel_0025,11049,2
ord_000614,1,prod_000070,sel_0047,9999,1
ord_000614,2,prod_000587,sel_0048,10999,1
ord_000615,1,prod_000825,sel_0029,1349,1
ord_000616,1,prod_000774,sel_0056,799,1
ord_000616,2,prod_000108,sel_0032,5774,1
ord_000617,1,prod_000841,sel_0023,2999,1
ord_000617,2,prod_000387,sel_0029,2274,2
ord_000618,1,prod_000948,sel_0046,1259,1
ord_000619,1,prod_000648,sel_0033,1199,1
ord_000619,2,prod_000942,sel_0051,1999,1
ord_000619,3,prod_000051,sel_0007,6299,2
ord_000620,1,prod_000685,sel_0025,854,1
ord_000621,1,prod_000403,sel_0043,2799,1
ord_000622,1,prod_001097,sel_0042,799,1
ord_000623,1,prod_000595,sel_0016,2924,1
ord_000624,1,prod_000966,sel_0002,474,2
ord_000624,2,prod_000128,sel_0018,15999,1
ord_000625,1,prod_000496,sel_0014,17099,1
ord_000625,2,prod_000616,sel_0030,14249,2
ord_000626,1,prod_000947,sel_0055,1799,2
ord_000626,2,prod_000768,sel_0036,3999,1
ord_000626,3,prod_000161,sel_0053,639,2
ord_000627,1,prod_000061,sel_0011,1599,2
ord_000627,2,prod_000674,sel_0022,719,1
ord_000628,1,prod_000847,sel_0025,1799,1
ord_000629,1,prod_001015,sel_0019,1259,2
ord_000629,2,prod_000396,sel_0013,2124,1
ord_000630,1,prod_000670,sel_0036,1399,2
ord_000631,1,prod_000497,sel_0045,40799,1
ord_000632,1,prod_000157,sel_0057,1999,2
ord_000632,2,prod_000930,sel_0056,854,1
ord_000632,3,prod_000677,sel_0032,664,1
ord_000633,1,prod_000050,sel_0005,1529,1
ord_000633,2,prod_000678,sel_0050,999,1
ord_000633,3,prod_000409,sel_0056,3999,1
ord_000634,1,prod_000057,sel_0046,1574,2
ord_000635,1,prod_000876,sel_0014,2137,2
ord_000636,1,prod_000925,sel_0045,1359,1
ord_000636,2,prod_000761,sel_0032,639,1
ord_000637,1,prod_000178,sel_0055,1399,2
ord_000638,1,prod_000820,sel_0048,1999,1
ord_000639,1,prod_000806,sel_0032,349,1
ord_000639,2,prod_000520,sel_0011,989,1
ord_000640,1,prod_000297,sel_0034,5174,1
ord_000640,2,prod_000834,sel_0003,1709,1
ord_000640,3,prod_001047,sel_0058,10499,1
ord_000641,1,prod_000252,sel_0048,8249,1
ord_000642,1,prod_000806,sel_0032,349,2
ord_000643,1,prod_000443,sel_0017,11049,1
ord_000644,1,prod_000169,sel_0048,2999,2
ord_000644,2,prod_000562,sel_0057,9499,2
ord_000645,1,prod_000284,sel_0060,5949,2
ord_000645,2,prod_000398,sel_0008,3399,1
ord_000645,3,prod_000542,sel_0035,1899,1
ord_000646,1,prod_000260,sel_0001,6399,2
ord_000647,1,prod_000366,sel_0048,979,1
ord_000647,2,prod_000591,sel_0029,8399,1
ord_000648,1,prod_000455,sel_0029,3199,1
ord_000648,2,prod_000929,sel_0024,1049,2
ord_000649,1,prod_000795,sel_0060,1169,1
ord_000650,1,prod_000748,sel_0010,599,1
ord_000651,1,prod_000226,sel_0011,719,2
ord_000652,1,prod_000553,sel_0051,8249,1
ord_000653,1,prod_001034,sel_0040,1749,1
ord_000654,1,prod_000952,sel_0038,419,1
ord_000654,2,prod_000357,sel_0054,2249,1
ord_000655,1,prod_000170,sel_0045,22399,2
ord_000656,1,prod_000636,sel_0016,3324,1
ord_000656,2,prod_000520,sel_0011,989,1
ord_000656,3,prod_000810,sel_0034,899,1
ord_000657,1,prod_000193,sel_0057,38699,1
ord_000657,2,prod_000598,sel_0006,12599,2
ord_000658,1,prod_000420,sel_0018,6974,2
ord_000658,2,prod_000604,sel_0055,2024,1
ord_000659,1,prod_000857,sel_0009,2249,1
ord_000660,1,prod_000271,sel_0038,5174,1
ord_000661,1,prod_001013,sel_0056,4599,1
ord_000661,2,prod_000380,sel_0052,2249,2
ord_000661,3,prod_000306,sel_0048,2024,1
ord_000662,1,prod_000425,sel_0029,11999,1
ord_000663,1,prod_000948,sel_0046,1259,2
ord_000664,1,prod_000559,sel_0058,11899,1
ord_000665,1,prod_000449,sel_0012,23399,1
ord_000665,2,prod_000287,sel_0045,3799,1
ord_000665,3,prod_000284,sel_0060,5949,2
ord_000666,1,prod_000666,sel_0048,719,1
ord_000667,1,prod_000967,sel_0041,1439,2
ord_000667,2,prod_000941,sel_0034,599,1
ord_000668,1,prod_000340,sel_0046,1279,1
ord_000668,2,prod_000261,sel_0039,2749,1
ord_000669,1,prod_000651,sel_0038,1499,1
ord_000670,1,prod_000676,sel_0060,2099,1
ord_000671,1,prod_000213,sel_0053,16149,1
ord_000671,2,prod_000655,sel_0028,824,1
ord_000671,3,prod_001098,sel_0059,2099,1
ord_000672,1,prod_000870,sel_0050,1614,1
ord_000673,1,prod_000393,sel_0027,3199,1
ord_000673,2,prod_000830,sel_0041,1199,1
ord_000674,1,prod_000499,sel_0041,16099,1
ord_000674,2,prod_000972,sel_0058,539,1
ord_000674,3,prod_000653,sel_0003,899,1
ord_000675,1,prod_000436,sel_0041,10799,2
ord_000676,1,prod_000390,sel_0007,799,2
ord_000676,2,prod_000471,sel_0029,6999,1
ord_000677,1,prod_000864,sel_0055,1912,1
ord_000678,1,prod_000425,sel_0029,11999,2
ord_000679,1,prod_000900,sel_0001,1019,1
ord_000680,1,prod_000435,sel_0029,10199,1
ord_000680,2,prod_000209,sel_0043,769,1
ord_000681,1,prod_000998,sel_0051,2062,1
ord_000681,2,prod_000017,sel_0060,7199,1
ord_000682,1,prod_000058,sel_0032,1499,2
ord_000683,1,prod_000768,sel_0036,3999,2
ord_000684,1,prod_000299,sel_0024,4037,1
ord_000685,1,prod_000460,sel_0011,5749,1
ord_000685,2,prod_000204,sel_0007,2812,2
ord_000686,1,prod_000828,sel_0048,1499,2
ord_000687,1,prod_000973,sel_0009,3599,1
ord_000688,1,prod_000079,sel_0054,297,1
ord_000689,1,prod_000760,sel_0006,1199,2
ord_000690,1,prod_000251,sel_0002,38949,2
ord_000690,2,prod_000841,sel_0023,2999,2
ord_000691,1,prod_000456,sel_0054,2249,1
ord_000691,2,prod_001035,sel_0029,674,1
ord_000692,1,prod_001076,sel_0008,1799,1
ord_000692,2,prod_001054,sel_0043,3799,1
ord_000693,1,prod_000262,sel_0015,19599,1
ord_000694,1,prod_000598,sel_0006,12599,1
ord_000694,2,prod_000692,sel_0033,319,1
ord_000695,1,prod_000670,sel_0036,1399,1
ord_000696,1,prod_000991,sel_0023,1234,1
ord_000696,2,prod_001068,sel_0030,10499,1
ord_000697,1,prod_000064,sel_0009,2762,1
ord_000698,1,prod_000730,sel_0018,509,2
ord_000699,1,prod_000622,sel_0022,379,1
ord_000699,2,prod_000921,sel_0013,1259,1
ord_000700,1,prod_000676,sel_0060,2099,1
ord_000700,2,prod_000140,sel_0058,5624,1
ord_000700,3,prod_000452,sel_0045,3249,1
ord_000701,1,prod_001019,sel_0005,419,1
ord_000702,1,prod_000293,sel_0035,25499,1
ord_000703,1,prod_000330,sel_0044,1499,1
ord_000704,1,prod_000550,sel_0033,2399,1
ord_000704,2,prod_001044,sel_0002,899,2
ord_000705,1,prod_000754,sel_0023,3374,1
ord_000705,2,prod_000873,sel_0029,1599,1
ord_000706,1,prod_000478,sel_0057,36399,2
ord_000706,2,prod_000659,sel_0001,1359,1
ord_000707,1,prod_000687,sel_0021,1279,2
ord_000707,2,prod_000441,sel_0023,4462,1
ord_000708,1,prod_000181,sel_0020,1439,1
ord_000708,2,prod_000353,sel_0039,1874,1
ord_000709,1,prod_000974,sel_0019,899,1
ord_000709,2,prod_000575,sel_0038,3324,1
ord_000710,1,prod_000120,sel_0052,16999,2
ord_000711,1,prod_000365,sel_0029,719,1
ord_000712,1,prod_000956,sel_0016,1199,2
ord_000713,1,prod_000718,sel_0029,489,1
ord_000713,2,prod_000155,sel_0005,1079,2
ord_000714,1,prod_000420,sel_0018,6974,1
ord_000714,2,prod_001003,sel_0025,4249,1
ord_000714,3,prod_000571,sel_0056,2612,1
ord_000715,1,prod_000556,sel_0013,7399,1
ord_000715,2,prod_000998,sel_0051,2062,1
ord_000715,3,prod_001085,sel_0028,799,1
ord_000716,1,prod_000049,sel_0060,1349,1
ord_000716,2,prod_000501,sel_0048,1999,1
ord_000717,1,prod_001091,sel_0017,1119,1
ord_000718,1,prod_001063,sel_0001,769,1
ord_000719,1,prod_000216,sel_0023,1049,1
ord_000720,1,prod_000157,sel_0057,1999,1
ord_000720,2,prod_000721,sel_0046,9024,1
ord_000721,1,prod_000392,sel_0033,2699,1
ord_000722,1,prod_000404,sel_0035,4749,1
ord_000723,1,prod_000615,sel_0034,5774,1
ord_000723,2,prod_000838,sel_0043,1099,2
ord_000724,1,prod_001027,sel_0033,719,1
ord_000724,2,prod_000987,sel_0030,879,1
ord_000725,1,prod_000703,sel_0019,799,1
ord_000726,1,prod_000644,sel_0032,18899,2
ord_000726,2,prod_000105,sel_0051,7599,1
ord_000727,1,prod_000693,sel_0009,799,1
ord_000727,2,prod_000582,sel_0045,12999,2
ord_000728,1,prod_000458,sel_0001,8249,1
ord_000728,2,prod_000016,sel_0013,4949,1
ord_000728,3,prod_000987,sel_0030,879,1
ord_000729,1,prod_000522,sel_0009,1439,1
ord_000729,2,prod_000151,sel_0038,1599,1
ord_000730,1,prod_000845,sel_0053,824,2
ord_000731,1,prod_000213,sel_0053,16149,2
ord_000732,1,prod_000916,sel_0048,764,1
ord_000733,1,prod_000560,sel_0059,6887,1
ord_000733,2,prod_000485,sel_0024,11999,2
ord_000734,1,prod_000286,sel_0014,27999,1
ord_000735,1,prod_001016,sel_0031,399,1
ord_000736,1,prod_000045,sel_0036,879,1
ord_000737,1,prod_000184,sel_0036,759,1
ord_000738,1,prod_000148,sel_0040,6299,1
ord_000738,2,prod_000219,sel_0018,1329,1
ord_000739,1,prod_000820,sel_0048,1999,1
ord_000739,2,prod_001007,sel_0054,319,1
ord_000740,1,prod_000877,sel_0050,5312,1
ord_000741,1,prod_000720,sel_0008,1104,1
ord_000741,2,prod_000136,sel_0014,9599,1
ord_000741,3,prod_000027,sel_0046,11049,1
ord_000742,1,prod_000310,sel_0008,1439,1
ord_000742,2,prod_000329,sel_0059,1119,1
ord_000743,1,prod_000157,sel_0057,1999,2
ord_000743,2,prod_000826,sel_0038,349,2
ord_000744,1,prod_000729,sel_0057,849,1
ord_000744,2,prod_001091,sel_0017,1119,1
ord_000745,1,prod_000263,sel_0006,4999,1
ord_000745,2,prod_000111,sel_0050,4599,1
ord_000746,1,prod_000156,sel_0013,1119,1
ord_000747,1,prod_000290,sel_0015,1599,1
ord_000747,2,prod_001017,sel_0005,639,2
ord_000748,1,prod_000087,sel_0057,11999,1
ord_000748,2,prod_000845,sel_0053,824,1
ord_000749,1,prod_000182,sel_0024,879,1
ord_000750,1,prod_000709,sel_0051,319,1
ord_000751,1,prod_000864,sel_0055,1912,1
ord_000752,1,prod_000989,sel_0040,449,2
ord_000752,2,prod_000622,sel_0022,379,2
ord_000752,3,prod_000676,sel_0060,2099,2
ord_000753,1,prod_000195,sel_0040,2924,1
ord_000754,1,prod_000737,sel_0013,2124,1
ord_000755,1,prod_000224,sel_0045,28499,1
ord_000756,1,prod_000124,sel_0026,17999,1
ord_000756,2,prod_000871,sel_0037,1099,1
ord_000757,1,prod_000690,sel_0024,989,1
ord_000758,1,prod_000975,sel_0022,1599,1
ord_000759,1,prod_000249,sel_0007,7837,1
ord_000760,1,prod_000978,sel_0023,599,2
ord_000760,2,prod_000405,sel_0018,3399,2
ord_000761,1,prod_000950,sel_0039,2849,1
ord_000762,1,prod_000697,sel_0013,799,2
ord_000763,1,prod_000189,sel_0019,4874,1
ord_000764,1,prod_000970,sel_0056,4274,1
ord_000765,1,prod_000789,sel_0009,1044,2
ord_000765,2,prod_001078,sel_0035,3749,1
ord_000765,3,prod_000900,sel_0001,1019,1
ord_000766,1,prod_000792,sel_0024,839,1
ord_000767,1,prod_001055,sel_0029,2924,2
ord_000768,1,prod_000861,sel_0034,1274,2
ord_000769,1,prod_001012,sel_0039,2274,1
ord_000770,1,prod_000764,sel_0027,854,2
ord_000771,1,prod_000951,sel_0027,449,1
ord_000771,2,prod_000368,sel_0010,594,1
ord_000772,1,prod_000145,sel_0035,7862,1
ord_000773,1,prod_000162,sel_0036,854,2
ord_000773,2,prod_000499,sel_0041,16099,1
ord_000774,1,prod_000027,sel_0046,11049,1
ord_000775,1,prod_000146,sel_0057,9599,1
ord_000775,2,prod_000629,sel_0013,71399,2
ord_000776,1,prod_000897,sel_0037,879,1
ord_000776,2,prod_000148,sel_0040,6299,1
ord_000777,1,prod_000440,sel_0018,1619,2
ord_000777,2,prod_000371,sel_0003,1749,1
ord_000778,1,prod_000114,sel_0014,5437,1
ord_000779,1,prod_000330,sel_0044,1499,2
ord_000779,2,prod_000403,sel_0043,2799,1
ord_000780,1,prod_000711,sel_0039,1709,1
ord_000781,1,prod_000078,sel_0041,489,2
ord_000781,2,prod_000226,sel_0011,719,1
ord_000782,1,prod_000485,sel_0024,11999,1
ord_000783,1,prod_000425,sel_0029,11999,2
ord_000784,1,prod_001097,sel_0042,799,1
ord_000784,2,prod_000294,sel_0060,13599,1
ord_000785,1,prod_000871,sel_0037,1099,1
ord_000786,1,prod_000592,sel_0027,13599,2
ord_000787,1,prod_000741,sel_0012,539,1
ord_000787,2,prod_000795,sel_0060,1169,1
ord_000788,1,prod_000295,sel_0035,4312,1
ord_000789,1,prod_000242,sel_0007,764,2
ord_000789,2,prod_000673,sel_0006,427,1
ord_000789,3,prod_000538,sel_0029,1199,1
ord_000790,1,prod_000667,sel_0048,449,2
ord_000791,1,prod_000230,sel_0025,1799,2
ord_000791,2,prod_000004,sel_0022,13499,1
ord_000791,3,prod_000506,sel_0018,1999,1
ord_000792,1,prod_000100,sel_0044,809,1
ord_000793,1,prod_000932,sel_0032,1614,2
ord_000793,2,prod_000021,sel_0013,10449,2
ord_000794,1,prod_001094,sel_0055,594,1
ord_000794,2,prod_000520,sel_0011,989,1
ord_000794,3,prod_000617,sel_0003,11999,1
ord_000795,1,prod_000811,sel_0050,849,1
ord_000796,1,prod_001005,sel_0054,1599,1
ord_000796,2,prod_000542,sel_0035,1899,2
ord_000796,3,prod_000995,sel_0041,1799,1
ord_000797,1,prod_000503,sel_0037,679,1
ord_000798,1,prod_000989,sel_0040,449,1
ord_000799,1,prod_000037,sel_0047,1999,2
ord_000799,2,prod_000448,sel_0025,3562,2
ord_000799,3,prod_000203,sel_0041,15199,1
ord_000800,1,prod_001059,sel_0014,33999,1
ord_000800,2,prod_001026,sel_0027,559,1
ord_000801,1,prod_000056,sel_0028,974,1
ord_000801,2,prod_000330,sel_0044,1499,1
ord_000801,3,prod_000144,sel_0036,5249,1
ord_000802,1,prod_000207,sel_0055,2249,1
ord_000802,2,prod_000646,sel_0028,12799,1
ord_000803,1,prod_000522,sel_0009,1439,1
ord_000803,2,prod_000235,sel_0054,9099,1
ord_000803,3,prod_000532,sel_0035,10199,1
ord_000804,1,prod_000574,sel_0009,14399,1
ord_000804,2,prod_000092,sel_0014,1169,1
ord_000805,1,prod_000450,sel_0043,5174,1
ord_000805,2,prod_000467,sel_0011,42999,1
ord_000805,3,prod_000420,sel_0018,6974,1
ord_000806,1,prod_000848,sel_0025,899,1
ord_000806,2,prod_000834,sel_0003,1709,1
ord_000806,3,prod_000592,sel_0027,13599,1
ord_000807,1,prod_000039,sel_0020,1049,1
ord_000808,1,prod_000058,sel_0032,1499,2
ord_000809,1,prod_001011,sel_0052,1049,1
ord_000809,2,prod_000392,sel_0033,2699,1
ord_000810,1,prod_000200,sel_0005,539,1
ord_000810,2,prod_000815,sel_0025,4687,1
ord_000811,1,prod_000774,sel_0056,799,2
ord_000811,2,prod_000132,sel_0024,10449,1
ord_000812,1,prod_000674,sel_0022,719,1
ord_000812,2,prod_000318,sel_0013,1259,1
ord_000812,3,prod_000350,sel_0002,1079,2
ord_000813,1,prod_000108,sel_0032,5774,1
ord_000813,2,prod_000187,sel_0052,14399,2
ord_000814,1,prod_000662,sel_0012,299,1
ord_000814,2,prod_000617,sel_0003,11999,2
ord_000815,1,prod_000133,sel_0055,17249,1
ord_000816,1,prod_000826,sel_0038,349,2
ord_000817,1,prod_000214,sel_0003,2999,1
ord_000817,2,prod_000067,sel_0011,9262,1
ord_000818,1,prod_000282,sel_0024,4599,1
ord_000818,2,prod_000018,sel_0049,18999,1
ord_000819,1,prod_000233,sel_0058,799,1
ord_000820,1,prod_000109,sel_0051,5524,1
ord_000821,1,prod_000472,sel_0050,7199,2
ord_000822,1,prod_000927,sel_0057,1139,1
ord_000823,1,prod_000301,sel_0029,1424,2
ord_000824,1,prod_000350,sel_0002,1079,1
ord_000824,2,prod_000739,sel_0046,374,1
ord_000825,1,prod_000107,sel_0051,9899,1
ord_000825,2,prod_000707,sel_0029,2749,2
ord_000826,1,prod_000295,sel_0035,4312,1
ord_000827,1,prod_000369,sel_0059,3824,2
ord_000828,1,prod_000855,sel_0031,599,2
ord_000828,2,prod_000869,sel_0017,759,1
ord_000829,1,prod_000022,sel_0026,1439,1
ord_000829,2,prod_000351,sel_0055,1687,1
ord_000829,3,prod_000250,sel_0050,489,2
ord_000830,1,prod_000739,sel_0046,374,1
ord_000831,1,prod_000783,sel_0017,1259,2
ord_000831,2,prod_000624,sel_0014,629,1
ord_000832,1,prod_000931,sel_0019,2124,1
ord_000832,2,prod_000490,sel_0024,2749,1
ord_000833,1,prod_000392,sel_0033,2699,1
ord_000833,2,prod_000541,sel_0025,3499,1
ord_000833,3,prod_000157,sel_0057,1999,1
ord_000834,1,prod_000468,sel_0025,13999,1
ord_000834,2,prod_000362,sel_0007,769,2
ord_000835,1,prod_000394,sel_0005,764,1
ord_000835,2,prod_000380,sel_0052,2249,1
ord_000836,1,prod_000698,sel_0003,1169,1
ord_000836,2,prod_000200,sel_0005,539,1
ord_000837,1,prod_000577,sel_0004,11199,2
ord_000837,2,prod_000894,sel_0044,1399,2
ord_000838,1,prod_000825,sel_0029,1349,1
ord_000838,2,prod_000023,sel_0033,3249,1
ord_000839,1,prod_000167,sel_0005,1199,1
ord_000840,1,prod_000700,sel_0008,1119,2
ord_000840,2,prod_000642,sel_0003,3187,2
ord_000841,1,prod_001071,sel_0013,4599,2
ord_000841,2,prod_000786,sel_0015,899,2
ord_000841,3,prod_000132,sel_0024,10449,1
ord_000842,1,prod_000450,sel_0043,5174,2
ord_000842,2,prod_000496,sel_0014,17099,2
ord_000843,1,prod_000549,sel_0019,2924,1
ord_000843,2,prod_000948,sel_0046,1259,2
ord_000843,3,prod_000701,sel_0011,1329,1
ord_000844,1,prod_000917,sel_0026,949,2
ord_000844,2,prod_000307,sel_0034,1899,1
ord_000845,1,prod_000166,sel_0017,524,1
ord_000846,1,prod_000178,sel_0055,1399,1
ord_000847,1,prod_000192,sel_0027,1399,1
ord_000848,1,prod_000812,sel_0037,1099,2
ord_000848,2,prod_000696,sel_0032,854,2
ord_000848,3,prod_000358,sel_0011,3249,1
ord_000849,1,prod_000686,sel_0012,1104,2
ord_000850,1,prod_000780,sel_0042,474,1
ord_000850,2,prod_000235,sel_0054,9099,1
ord_000850,3,prod_000855,sel_0031,599,1
ord_000851,1,prod_000855,sel_0031,599,2
ord_000851,2,prod_000428,sel_0022,11999,1
ord_000852,1,prod_000937,sel_0007,539,1
ord_000853,1,prod_000770,sel_0032,599,1
ord_000854,1,prod_000893,sel_0048,16199,1
ord_000854,2,prod_000399,sel_0031,2437,1
ord_000854,3,prod_000515,sel_0044,11399,1
ord_000855,1,prod_000677,sel_0032,664,2
ord_000856,1,prod_000338,sel_0041,1199,1
ord_000857,1,prod_000154,sel_0049,1499,1
ord_000857,2,prod_000854,sel_0035,1049,2
ord_000858,1,prod_000861,sel_0034,1274,2
ord_000858,2,prod_000725,sel_0005,599,1
ord_000859,1,prod_000360,sel_0002,2999,1
ord_000860,1,prod_000123,sel_0029,10499,1
ord_000861,1,prod_000505,sel_0038,1444,1
ord_000862,1,prod_000133,sel_0055,17249,1
ord_000863,1,prod_000927,sel_0057,1139,1
ord_000864,1,prod_000342,sel_0024,849,1
ord_000865,1,prod_000244,sel_0031,1912,1
ord_000866,1,prod_000870,sel_0050,1614,1
ord_000866,2,prod_000487,sel_0023,6174,1
ord_000867,1,prod_000202,sel_0006,3499,2
ord_000868,1,prod_000868,sel_0018,664,1
ord_000869,1,prod_000223,sel_0050,599,2
ord_000869,2,prod_000253,sel_0053,27999,1
ord_000870,1,prod_001039,sel_0018,989,2
ord_000871,1,prod_000469,sel_0026,1709,1
ord_000871,2,prod_000458,sel_0001,8249,1
ord_000872,1,prod_001042,sel_0014,749,1
ord_000873,1,prod_000840,sel_0036,1519,1
ord_000873,2,prod_000667,sel_0048,449,1
ord_000873,3,prod_000305,sel_0054,1049,2
ord_000874,1,prod_000926,sel_0058,1199,2
ord_000874,2,prod_000942,sel_0051,1999,1
ord_000875,1,prod_000521,sel_0020,3187,1
ord_000876,1,prod_000080,sel_0037,1119,1
ord_000877,1,prod_000142,sel_0029,12799,2
ord_000877,2,prod_000792,sel_0024,839,1
ord_000878,1,prod_000471,sel_0029,6999,1
ord_000879,1,prod_000148,sel_0040,6299,1
ord_000880,1,prod_001013,sel_0056,4599,1
ord_000881,1,prod_000175,sel_0009,719,1
ord_000881,2,prod_000951,sel_0027,449,1
ord_000882,1,prod_000614,sel_0034,16499,1
ord_000883,1,prod_000027,sel_0046,11049,2
ord_000884,1,prod_000237,sel_0033,5524,1
ord_000884,2,prod_000333,sel_0052,1499,1
ord_000885,1,prod_001095,sel_0005,2612,1
ord_000885,2,prod_000291,sel_0001,13599,1
ord_000886,1,prod_000642,sel_0003,3187,1
ord_000886,2,prod_000577,sel_0004,11199,2
ord_000887,1,prod_000090,sel_0039,27999,1
ord_000887,2,prod_000674,sel_0022,719,1
ord_000887,3,prod_000352,sel_0011,1044,1
ord_000888,1,prod_000808,sel_0017,479,1
ord_000889,1,prod_000871,sel_0037,1099,1
ord_000889,2,prod_000773,sel_0055,639,1
ord_000890,1,prod_001095,sel_0005,2612,1
ord_000891,1,prod_000736,sel_0015,699,2
ord_000892,1,prod_000505,sel_0038,1444,1
ord_000893,1,prod_001092,sel_0026,559,1
ord_000894,1,prod_000675,sel_0057,1699,1
ord_000894,2,prod_000810,sel_0034,899,1
ord_000895,1,prod_000722,sel_0009,759,1
ord_000896,1,prod_001034,sel_0040,1749,1
ord_000896,2,prod_000650,sel_0033,1259,1
ord_000896,3,prod_000198,sel_0029,3562,1
ord_000897,1,prod_000588,sel_0039,7124,1
ord_000898,1,prod_000347,sel_0027,6999,1
ord_000898,2,prod_000965,sel_0053,854,2
ord_000899,1,prod_000700,sel_0008,1119,1
ord_000899,2,prod_001081,sel_0011,1439,1
ord_000900,1,prod_000732,sel_0029,1519,2
ord_000901,1,prod_000817,sel_0015,3374,1
ord_000901,2,prod_000775,sel_0050,824,1
ord_000902,1,prod_000504,sel_0013,1139,1
ord_000903,1,prod_000409,sel_0056,3999,1
ord_000903,2,prod_000795,sel_0060,1169,2
ord_000904,1,prod_000188,sel_0053,489,1
ord_000905,1,prod_001014,sel_0034,1519,2
ord_000905,2,prod_000497,sel_0045,40799,1
ord_000906,1,prod_000503,sel_0037,679,1
ord_000907,1,prod_000247,sel_0052,699,2
ord_000907,2,prod_001052,sel_0003,3999,2
ord_000907,3,prod_000382,sel_0046,764,1
ord_000908,1,prod_000778,sel_0044,1912,1
ord_000908,2,prod_000881,sel_0040,1104,1
ord_000908,3,prod_000286,sel_0014,27999,1
ord_000909,1,prod_000210,sel_0015,974,1
ord_000909,2,prod_000125,sel_0032,9262,1
ord_000910,1,prod_001079,sel_0016,332,2
ord_000910,2,prod_000193,sel_0057,38699,1
ord_000910,3,prod_000652,sel_0054,989,2
ord_000911,1,prod_000402,sel_0025,8249,1
ord_000912,1,prod_001003,sel_0025,4249,1
ord_000913,1,prod_000438,sel_0041,4312,2
ord_000914,1,prod_000913,sel_0046,1139,1
ord_000914,2,prod_001048,sel_0035,539,1
ord_000914,3,prod_000893,sel_0048,16199,1
ord_000915,1,prod_000379,sel_0010,3149,1
ord_000915,2,prod_000374,sel_0043,524,1
ord_000916,1,prod_001076,sel_0008,1799,1
ord_000916,2,prod_000292,sel_0051,2999,1
ord_000917,1,prod_000652,sel_0054,989,1
ord_000918,1,prod_000483,sel_0033,8999,1
ord_000918,2,prod_000938,sel_0039,1274,2
ord_000919,1,prod_000178,sel_0055,1399,2
ord_000920,1,prod_000475,sel_0040,1614,1
ord_000921,1,prod_000839,sel_0018,1359,1
ord_000922,1,prod_000731,sel_0018,539,2
ord_000923,1,prod_000490,sel_0024,2749,1
ord_000924,1,prod_000483,sel_0033,8999,1
ord_000924,2,prod_001038,sel_0052,2124,1
ord_000924,3,prod_000096,sel_0036,3324,2
ord_000925,1,prod_000936,sel_0008,849,2
ord_000926,1,prod_000065,sel_0008,1599,2
ord_000926,2,prod_000704,sel_0042,1199,2
ord_000926,3,prod_000067,sel_0011,9262,1
ord_000927,1,prod_000348,sel_0043,3249,1
ord_000927,2,prod_000978,sel_0023,599,1
ord_000928,1,prod_000351,sel_0055,1687,1
ord_000929,1,prod_000701,sel_0011,1329,1
ord_000930,1,prod_000689,sel_0034,314,1
ord_000930,2,prod_000419,sel_0026,10449,1
ord_000930,3,prod_000904,sel_0035,1519,2
ord_000931,1,prod_000785,sel_0026,839,2
ord_000931,2,prod_000918,sel_0029,1039,1
ord_000932,1,prod_000053,sel_0050,20399,1
ord_000933,1,prod_000364,sel_0008,2124,1
ord_000933,2,prod_000344,sel_0013,879,1
ord_000934,1,prod_000174,sel_0054,539,1
ord_000934,2,prod_001010,sel_0022,1329,1
ord_000935,1,prod_001034,sel_0040,1749,2
ord_000935,2,prod_000099,sel_0053,1799,1
ord_000935,3,prod_000958,sel_0031,249,1
ord_000936,1,prod_000671,sel_0040,559,1
ord_000936,2,prod_000536,sel_0022,1699,1
ord_000937,1,prod_000518,sel_0037,1199,1
ord_000938,1,prod_000230,sel_0025,1799,2
ord_000939,1,prod_000462,sel_0014,26099,2
ord_000939,2,prod_000197,sel_0048,899,1
ord_000940,1,prod_000253,sel_0053,27999,1
ord_000940,2,prod_000463,sel_0013,1259,1
ord_000941,1,prod_000323,sel_0051,699,1
ord_000942,1,prod_000742,sel_0011,1399,1
ord_000942,2,prod_000107,sel_0051,9899,1
ord_000943,1,prod_000772,sel_0022,594,1
ord_000943,2,prod_000071,sel_0049,489,1
ord_000944,1,prod_000576,sel_0040,4749,1
ord_000944,2,prod_000262,sel_0015,19599,1
ord_000945,1,prod_001008,sel_0036,479,1
ord_000945,2,prod_000748,sel_0010,599,1
ord_000946,1,prod_000349,sel_0007,949,1
ord_000946,2,prod_000188,sel_0053,489,1
ord_000947,1,prod_000857,sel_0009,2249,1
ord_000948,1,prod_000195,sel_0040,2924,1
ord_000948,2,prod_000277,sel_0060,8999,1
ord_000949,1,prod_000190,sel_0019,934,2
ord_000949,2,prod_000811,sel_0050,849,2
ord_000949,3,prod_000160,sel_0043,3374,2
ord_000950,1,prod_000196,sel_0022,719,1
ord_000950,2,prod_000885,sel_0008,759,2
ord_000951,1,prod_000583,sel_0054,7199,2
ord_000951,2,prod_000611,sel_0053,1199,2
ord_000952,1,prod_000035,sel_0059,6499,2
ord_000952,2,prod_001098,sel_0059,2099,1
ord_000953,1,prod_000237,sel_0033,5524,1
ord_000953,2,prod_000887,sel_0022,1119,1
ord_000954,1,prod_000982,sel_0054,399,1
ord_000955,1,prod_000653,sel_0003,899,2
ord_000955,2,prod_000841,sel_0023,2999,1
ord_000955,3,prod_000812,sel_0037,1099,1
ord_000956,1,prod_000953,sel_0036,639,1
ord_000956,2,prod_000817,sel_0015,3374,2
ord_000957,1,prod_000041,sel_0018,3849,2
ord_000958,1,prod_000434,sel_0048,11699,1
ord_000959,1,prod_000174,sel_0054,539,1
ord_000959,2,prod_000740,sel_0058,1912,1
ord_000960,1,prod_000585,sel_0034,3749,2
ord_000961,1,prod_000003,sel_0027,899,1
ord_000962,1,prod_000010,sel_0005,1499,1
ord_000963,1,prod_000716,sel_0014,539,1
ord_000963,2,prod_000676,sel_0060,2099,1
ord_000964,1,prod_000184,sel_0036,759,1
ord_000965,1,prod_000580,sel_0051,9499,1
ord_000966,1,prod_000765,sel_0001,1519,1
ord_000967,1,prod_000821,sel_0019,599,1
ord_000968,1,prod_000236,sel_0042,1924,2
ord_000968,2,prod_000967,sel_0041,1439,2
ord_000969,1,prod_000498,sel_0041,31499,1
ord_000969,2,prod_000389,sel_0052,3999,1
ord_000970,1,prod_000982,sel_0054,399,1
ord_000970,2,prod_001083,sel_0034,899,1
ord_000971,1,prod_000881,sel_0040,1104,2
ord_000971,2,prod_000792,sel_0024,839,1
ord_000971,3,prod_000043,sel_0020,2612,1
ord_000972,1,prod_000793,sel_0052,799,1
ord_000973,1,prod_000636,sel_0016,3324,1
ord_000973,2,prod_001100,sel_0013,639,2
ord_000974,1,prod_000432,sel_0012,10799,2
ord_000975,1,prod_000211,sel_0050,599,1
ord_000976,1,prod_000770,sel_0032,599,1
ord_000976,2,prod_000227,sel_0004,989,1
ord_000976,3,prod_000447,sel_0035,3324,1
ord_000977,1,prod_000509,sel_0023,6599,1
ord_000977,2,prod_001067,sel_0037,1999,1
ord_000977,3,prod_000924,sel_0028,799,1
ord_000978,1,prod_000092,sel_0014,1169,1
ord_000978,2,prod_000113,sel_0050,14999,2
ord_000979,1,prod_001087,sel_0004,639,2
ord_000979,2,prod_001043,sel_0022,839,2
ord_000979,3,prod_000880,sel_0045,1139,1
ord_000980,1,prod_000024,sel_0052,9499,2
ord_000981,1,prod_000410,sel_0038,8249,1
ord_000981,2,prod_000490,sel_0024,2749,2
ord_000982,1,prod_000622,sel_0022,379,1
ord_000982,2,prod_000683,sel_0015,879,1
ord_000983,1,prod_000042,sel_0037,1439,2
ord_000983,2,prod_000871,sel_0037,1099,1
ord_000984,1,prod_000125,sel_0032,9262,1
ord_000985,1,prod_000665,sel_0029,1399,2
ord_000985,2,prod_000172,sel_0028,664,1
ord_000986,1,prod_000794,sel_0005,4037,1
ord_000986,2,prod_000791,sel_0008,2124,1
ord_000987,1,prod_000430,sel_0018,2999,1
ord_000988,1,prod_000689,sel_0034,314,1
ord_000989,1,prod_000576,sel_0040,4749,2
ord_000990,1,prod_000807,sel_0001,1019,2
ord_000991,1,prod_000551,sel_0004,10799,1
ord_000992,1,prod_000900,sel_0001,1019,2
ord_000992,2,prod_000741,sel_0012,539,1
ord_000993,1,prod_000976,sel_0022,1199,1
ord_000994,1,prod_000580,sel_0051,9499,1
ord_000994,2,prod_000409,sel_0056,3999,1
ord_000994,3,prod_000053,sel_0050,20399,2
ord_000995,1,prod_000446,sel_0050,2812,2
ord_000995,2,prod_000759,sel_0001,2249,2
ord_000996,1,prod_000084,sel_0048,679,2
ord_000996,2,prod_000988,sel_0048,524,1
ord_000997,1,prod_000913,sel_0046,1139,1
ord_000997,2,prod_000586,sel_0012,13599,1
ord_000997,3,prod_000322,sel_0040,1599,2
ord_000998,1,prod_000276,sel_0054,1999,1
ord_000999,1,prod_001007,sel_0054,319,1
ord_000999,2,prod_001014,sel_0034,1519,2
ord_000999,3,prod_000376,sel_0007,2249,2
ord_001000,1,prod_000293,sel_0035,25499,2
ord_001001,1,prod_000163,sel_0030,3249,1
ord_001002,1,prod_000917,sel_0026,949,2
ord_001002,2,prod_000301,sel_0029,1424,1
ord_001003,1,prod_000676,sel_0060,2099,1
ord_001004,1,prod_000009,sel_0014,1399,1
ord_001005,1,prod_000702,sel_0008,474,1
ord_001005,2,prod_000797,sel_0031,809,1
ord_001006,1,prod_000127,sel_0016,22499,1
ord_001007,1,prod_000012,sel_0015,664,1
ord_001007,2,prod_000469,sel_0026,1709,1
ord_001008,1,prod_000476,sel_0028,1329,1
ord_001009,1,prod_001001,sel_0030,17849,1
ord_001009,2,prod_001095,sel_0005,2612,1
ord_001009,3,prod_000180,sel_0020,1399,1
ord_001010,1,prod_000818,sel_0042,449,1
ord_001010,2,prod_000681,sel_0036,934,1
ord_001011,1,prod_000203,sel_0041,15199,2
ord_001011,2,prod_000387,sel_0029,2274,2
ord_001012,1,prod_000259,sel_0019,21599,1
ord_001013,1,prod_000867,sel_0030,1912,1
ord_001014,1,prod_001025,sel_0053,1119,1
ord_001014,2,prod_000158,sel_0058,979,1
ord_001015,1,prod_000835,sel_0003,1519,2
ord_001016,1,prod_000215,sel_0035,1044,2
ord_001017,1,prod_000318,sel_0013,1259,2
ord_001017,2,prod_000389,sel_0052,3999,1
ord_001017,3,prod_000404,sel_0035,4749,1
ord_001018,1,prod_000353,sel_0039,1874,1
ord_001019,1,prod_000587,sel_0048,10999,2
ord_001019,2,prod_000522,sel_0009,1439,1
ord_001020,1,prod_000851,sel_0002,1039,1
ord_001020,2,prod_000432,sel_0012,10799,2
ord_001020,3,prod_000356,sel_0025,629,2
ord_001021,1,prod_000913,sel_0046,1139,1
ord_001021,2,prod_000426,sel_0041,2274,1
ord_001022,1,prod_000887,sel_0022,1119,1
ord_001022,2,prod_000758,sel_0029,949,1
ord_001023,1,prod_000394,sel_0005,764,1
ord_001023,2,prod_000248,sel_0052,629,1
ord_001024,1,prod_000592,sel_0027,13599,1
ord_001024,2,prod_000167,sel_0005,1199,1
ord_001025,1,prod_000683,sel_0015,879,1
ord_001026,1,prod_000701,sel_0011,1329,1
ord_001026,2,prod_000253,sel_0053,27999,1
ord_001026,3,prod_000024,sel_0052,9499,1
ord_001027,1,prod_000964,sel_0028,1599,2
ord_001028,1,prod_000721,sel_0046,9024,1
ord_001028,2,prod_000746,sel_0037,599,2
ord_001029,1,prod_000807,sel_0001,1019,1
ord_001029,2,prod_000693,sel_0009,799,1
ord_001030,1,prod_000220,sel_0055,719,1
ord_001031,1,prod_000140,sel_0058,5624,1
ord_001031,2,prod_001090,sel_0031,699,2
ord_001032,1,prod_000463,sel_0013,1259,2
ord_001033,1,prod_000735,sel_0013,1099,2
ord_001034,1,prod_001000,sel_0029,2437,1
ord_001034,2,prod_000502,sel_0003,9349,1
ord_001035,1,prod_000669,sel_0024,489,1
ord_001035,2,prod_000323,sel_0051,699,1
ord_001036,1,prod_001009,sel_0018,479,1
ord_001036,2,prod_001024,sel_0033,314,1
ord_001036,3,prod_000596,sel_0015,13999,1
ord_001037,1,prod_000574,sel_0009,14399,2
ord_001038,1,prod_000215,sel_0035,1044,1
ord_001038,2,prod_000106,sel_0039,11399,1
ord_001039,1,prod_000325,sel_0040,2437,1
ord_001040,1,prod_000818,sel_0042,449,2
ord_001040,2,prod_000438,sel_0041,4312,1
ord_001041,1,prod_000305,sel_0054,1049,2
ord_001042,1,prod_000826,sel_0038,349,1
ord_001043,1,prod_000216,sel_0023,1049,2
ord_001043,2,prod_000701,sel_0011,1329,1
ord_001044,1,prod_000781,sel_0005,2249,2
ord_001045,1,prod_000002,sel_0037,4462,1
ord_001046,1,prod_000950,sel_0039,2849,1
ord_001047,1,prod_000258,sel_0051,10449,1
ord_001047,2,prod_000117,sel_0039,11999,1
ord_001048,1,prod_000475,sel_0040,1614,1
ord_001049,1,prod_000542,sel_0035,1899,2
ord_001050,1,prod_000642,sel_0003,3187,1
ord_001050,2,prod_000452,sel_0045,3249,1
ord_001051,1,prod_000700,sel_0008,1119,2
ord_001051,2,prod_000173,sel_0059,569,1
ord_001052,1,prod_000920,sel_0019,799,1
ord_001053,1,prod_000059,sel_0024,1749,2
ord_001054,1,prod_000683,sel_0015,879,1
ord_001054,2,prod_000478,sel_0057,36399,1
ord_001055,1,prod_000892,sel_0045,899,1
ord_001056,1,prod_000169,sel_0048,2999,1
ord_001057,1,prod_000043,sel_0020,2612,1
ord_001058,1,prod_000263,sel_0006,4999,2
ord_001059,1,prod_000770,sel_0032,599,1
ord_001059,2,prod_000033,sel_0014,11699,1
ord_001060,1,prod_000897,sel_0037,879,1
ord_001061,1,prod_000711,sel_0039,1709,1
ord_001061,2,prod_000224,sel_0045,28499,2
ord_001062,1,prod_000837,sel_0040,1119,1
ord_001062,2,prod_000689,sel_0034,314,1
ord_001063,1,prod_000942,sel_0051,1999,1
ord_001064,1,prod_000890,sel_0049,1439,1
ord_001064,2,prod_000387,sel_0029,2274,1
ord_001065,1,prod_000172,sel_0028,664,1
ord_001065,2,prod_000998,sel_0051,2062,2
ord_001066,1,prod_000629,sel_0013,71399,1
ord_001067,1,prod_000155,sel_0005,1079,2
ord_001068,1,prod_000935,sel_0005,2249,1
ord_001068,2,prod_000888,sel_0037,799,1
ord_001069,1,prod_000138,sel_0013,14249,1
ord_001070,1,prod_000314,sel_0012,8549,1
ord_001071,1,prod_000674,sel_0022,719,1
ord_001072,1,prod_000800,sel_0035,949,2
ord_001072,2,prod_000682,sel_0045,799,1
ord_001072,3,prod_000786,sel_0015,899,1
ord_001073,1,prod_000200,sel_0005,539,2
ord_001073,2,prod_000259,sel_0019,21599,1
ord_001074,1,prod_000256,sel_0031,5174,1
ord_001074,2,prod_000806,sel_0032,349,1
ord_001075,1,prod_000990,sel_0056,3374,1
ord_001075,2,prod_000436,sel_0041,10799,1
ord_001076,1,prod_000693,sel_0009,799,1
ord_001076,2,prod_000044,sel_0038,4599,1
ord_001077,1,prod_000231,sel_0028,3999,1
ord_001077,2,prod_000275,sel_0057,18399,2
ord_001078,1,prod_000599,sel_0059,2624,1
ord_001079,1,prod_000969,sel_0025,1349,1
ord_001080,1,prod_000021,sel_0013,10449,2
ord_001080,2,prod_000885,sel_0008,759,1
ord_001081,1,prod_000239,sel_0010,12799,2
ord_001081,2,prod_000367,sel_0044,3399,1
ord_001081,3,prod_000806,sel_0032,349,1
ord_001082,1,prod_000608,sel_0020,1574,1
ord_001082,2,prod_000279,sel_0027,4599,2
ord_001082,3,prod_000720,sel_0008,1104,2
ord_001083,1,prod_000995,sel_0041,1799,1
ord_001083,2,prod_000019,sel_0007,9749,2
ord_001083,3,prod_000221,sel_0049,1349,2
ord_001084,1,prod_000534,sel_0014,2437,2
ord_001085,1,prod_000981,sel_0055,559,1
ord_001086,1,prod_000233,sel_0058,799,1
ord_001087,1,prod_000389,sel_0052,3999,1
ord_001088,1,prod_000065,sel_0008,1599,1
ord_001088,2,prod_000672,sel_0055,824,2
ord_001089,1,prod_000741,sel_0012,539,1
ord_001089,2,prod_000014,sel_0035,6499,1
ord_001090,1,prod_000174,sel_0054,539,1
ord_001090,2,prod_000903,sel_0039,699,1
ord_001091,1,prod_000100,sel_0044,809,1
ord_001092,1,prod_000480,sel_0042,16499,1
ord_001093,1,prod_000572,sel_0037,9599,2
ord_001093,2,prod_000029,sel_0047,3937,1
ord_001094,1,prod_000727,sel_0035,1599,2
ord_001095,1,prod_000413,sel_0014,4274,1
ord_001095,2,prod_000980,sel_0046,3249,1
ord_001096,1,prod_000666,sel_0048,719,1
ord_001097,1,prod_000720,sel_0008,1104,1
ord_001097,2,prod_000770,sel_0032,599,1
ord_001098,1,prod_001060,sel_0055,8999,2
ord_001099,1,prod_000500,sel_0059,2499,2
ord_001099,2,prod_000029,sel_0047,3937,2
ord_001099,3,prod_000905,sel_0049,1899,1
ord_001100,1,prod_000044,sel_0038,4599,1
ord_001100,2,prod_000641,sel_0019,7799,1
ord_001101,1,prod_000035,sel_0059,6499,1
ord_001101,2,prod_000082,sel_0005,599,2
ord_001102,1,prod_001065,sel_0001,2699,2
ord_001102,2,prod_000232,sel_0012,5999,1
ord_001103,1,prod_000387,sel_0029,2274,1
ord_001104,1,prod_000309,sel_0032,1599,1
ord_001104,2,prod_000475,sel_0040,1614,1
ord_001104,3,prod_001049,sel_0009,1574,1
ord_001105,1,prod_000174,sel_0054,539,1
ord_001106,1,prod_000823,sel_0042,559,2
ord_001107,1,prod_000935,sel_0005,2249,2
ord_001107,2,prod_000817,sel_0015,3374,2
ord_001108,1,prod_000275,sel_0057,18399,1
ord_001109,1,prod_000624,sel_0014,629,1
ord_001109,2,prod_000556,sel_0013,7399,1
ord_001110,1,prod_000346,sel_0036,1599,2
ord_001111,1,prod_000552,sel_0033,13299,1
ord_001111,2,prod_000641,sel_0019,7799,1
ord_001111,3,prod_000532,sel_0035,10199,1
ord_001112,1,prod_000878,sel_0031,489,1
ord_001113,1,prod_000654,sel_0032,254,1
ord_001114,1,prod_001092,sel_0026,559,2
ord_001115,1,prod_000542,sel_0035,1899,1
ord_001115,2,prod_000802,sel_0007,4124,1
ord_001116,1,prod_000194,sel_0049,359,2
ord_001117,1,prod_001044,sel_0002,899,2
ord_001117,2,prod_000104,sel_0006,6374,1
ord_001118,1,prod_000868,sel_0018,664,1
ord_001119,1,prod_000219,sel_0018,1329,1
ord_001119,2,prod_000967,sel_0041,1439,1
ord_001120,1,prod_000828,sel_0048,1499,1
ord_001120,2,prod_000078,sel_0041,489,1
ord_001120,3,prod_000440,sel_0018,1619,2
ord_001121,1,prod_001070,sel_0023,11999,2
ord_001122,1,prod_000321,sel_0045,909,1
ord_001122,2,prod_000679,sel_0005,879,1
ord_001123,1,prod_000679,sel_0005,879,2
ord_001123,2,prod_001005,sel_0054,1599,1
ord_001124,1,prod_000977,sel_0007,299,1
ord_001124,2,prod_000193,sel_0057,38699,2
ord_001125,1,prod_000299,sel_0024,4037,2
ord_001126,1,prod_001060,sel_0055,8999,1
ord_001127,1,prod_000561,sel_0022,11399,2
ord_001127,2,prod_000878,sel_0031,489,2
ord_001128,1,prod_000116,sel_0010,7424,2
ord_001129,1,prod_000917,sel_0026,949,2
ord_001129,2,prod_000518,sel_0037,1199,1
ord_001130,1,prod_000208,sel_0060,1529,1
ord_001130,2,prod_000044,sel_0038,4599,1
ord_001131,1,prod_000395,sel_0012,4312,2
ord_001131,2,prod_001089,sel_0043,399,1
ord_001132,1,prod_000225,sel_0006,1874,1
ord_001132,2,prod_000754,sel_0023,3374,2
ord_001133,1,prod_000441,sel_0023,4462,1
ord_001134,1,prod_000948,sel_0046,1259,2
ord_001134,2,prod_001036,sel_0001,1119,2
ord_001135,1,prod_000635,sel_0056,1279,1
ord_001135,2,prod_000318,sel_0013,1259,1
ord_001136,1,prod_000441,sel_0023,4462,2
ord_001137,1,prod_000377,sel_0012,1999,1
ord_001137,2,prod_000520,sel_0011,989,1
ord_001138,1,prod_001098,sel_0059,2099,1
ord_001138,2,prod_000840,sel_0036,1519,1
ord_001139,1,prod_000068,sel_0038,14249,1
ord_001140,1,prod_000103,sel_0016,18899,1
ord_001141,1,prod_001096,sel_0028,1399,2
ord_001142,1,prod_000729,sel_0057,849,1
ord_001143,1,prod_000106,sel_0039,11399,1
ord_001144,1,prod_000356,sel_0025,629,1
ord_001144,2,prod_000774,sel_0056,799,1
ord_001145,1,prod_000659,sel_0001,1359,2
ord_001145,2,prod_000167,sel_0005,1199,1
ord_001145,3,prod_000996,sel_0012,2137,1
ord_001146,1,prod_000488,sel_0047,1439,1
ord_001146,2,prod_000816,sel_0031,769,1
ord_001146,3,prod_000477,sel_0006,5074,1
ord_001147,1,prod_000726,sel_0006,999,1
ord_001147,2,prod_001088,sel_0035,629,2
ord_001148,1,prod_000461,sel_0027,2924,2
ord_001148,2,prod_000118,sel_0028,6824,1
ord_001149,1,prod_000490,sel_0024,2749,1
ord_001149,2,prod_000119,sel_0014,6199,1
ord_001149,3,prod_000895,sel_0005,719,1
ord_001150,1,prod_000955,sel_0043,2499,2
ord_001151,1,prod_000566,sel_0028,14249,1
ord_001151,2,prod_000031,sel_0027,599,1
ord_001152,1,prod_000452,sel_0045,3249,1
ord_001153,1,prod_000420,sel_0018,6974,2
ord_001154,1,prod_000699,sel_0037,1199,2
ord_001155,1,prod_000728,sel_0050,599,1
ord_001156,1,prod_000028,sel_0048,599,1
ord_001156,2,prod_000248,sel_0052,629,1
ord_001156,3,prod_000089,sel_0012,959,1
ord_001157,1,prod_000067,sel_0011,9262,1
ord_001157,2,prod_000173,sel_0059,569,1
ord_001158,1,prod_000202,sel_0006,3499,1
ord_001158,2,prod_000928,sel_0027,629,1
ord_001159,1,prod_000855,sel_0031,599,1
ord_001160,1,prod_000546,sel_0049,1749,1
ord_001161,1,prod_000686,sel_0012,1104,1
ord_001162,1,prod_000511,sel_0021,934,1
ord_001163,1,prod_000222,sel_0019,3199,1
ord_001163,2,prod_000057,sel_0046,1574,1
ord_001164,1,prod_000723,sel_0039,934,1
ord_001164,2,prod_000974,sel_0019,899,1
ord_001165,1,prod_001099,sel_0030,1259,2
ord_001166,1,prod_000431,sel_0038,4499,1
ord_001167,1,prod_000776,sel_0046,1519,1
ord_001168,1,prod_001047,sel_0058,10499,1
ord_001169,1,prod_000488,sel_0047,1439,1
ord_001170,1,prod_000815,sel_0025,4687,1
ord_001171,1,prod_000328,sel_0018,1139,1
ord_001172,1,prod_000472,sel_0050,7199,1
ord_001173,1,prod_000426,sel_0041,2274,2
ord_001174,1,prod_000463,sel_0013,1259,1
ord_001174,2,prod_000214,sel_0003,2999,1
ord_001174,3,prod_000192,sel_0027,1399,1
ord_001175,1,prod_000694,sel_0003,1399,1
ord_001175,2,prod_000738,sel_0039,599,2
ord_001176,1,prod_000686,sel_0012,1104,1
ord_001176,2,prod_000067,sel_0011,9262,2
ord_001176,3,prod_000687,sel_0021,1279,1
ord_001177,1,prod_001017,sel_0005,639,1
ord_001177,2,prod_000364,sel_0008,2124,1
ord_001178,1,prod_000778,sel_0044,1912,1
ord_001178,2,prod_000447,sel_0035,3324,2
ord_001179,1,prod_000883,sel_0015,2249,1
ord_001179,2,prod_000524,sel_0058,934,1
ord_001179,3,prod_000194,sel_0049,359,1
ord_001180,1,prod_000489,sel_0043,2199,1
ord_001180,2,prod_001060,sel_0055,8999,1
ord_001181,1,prod_000457,sel_0017,1529,1
ord_001182,1,prod_001039,sel_0018,989,1
ord_001183,1,prod_000735,sel_0013,1099,1
ord_001183,2,prod_000273,sel_0032,14399,1
ord_001184,1,prod_000082,sel_0005,599,2
ord_001185,1,prod_000624,sel_0014,629,1
ord_001186,1,prod_000718,sel_0029,489,2
ord_001187,1,prod_000721,sel_0046,9024,2
ord_001187,2,prod_000961,sel_0054,899,1
ord_001188,1,prod_001026,sel_0027,559,1
ord_001189,1,prod_000709,sel_0051,319,1
ord_001189,2,prod_000435,sel_0029,10199,1
ord_001190,1,prod_000155,sel_0005,1079,1
ord_001190,2,prod_000365,sel_0029,719,1
ord_001191,1,prod_000441,sel_0023,4462,2
ord_001191,2,prod_000984,sel_0035,1799,1
ord_001191,3,prod_000134,sel_0016,34849,1
ord_001192,1,prod_000846,sel_0040,2999,1
ord_001193,1,prod_000763,sel_0037,899,1
ord_001193,2,prod_000197,sel_0048,899,2
ord_001194,1,prod_000500,sel_0059,2499,1
ord_001194,2,prod_000549,sel_0019,2924,2
ord_001195,1,prod_000085,sel_0025,7699,1
ord_001196,1,prod_000783,sel_0017,1259,2
ord_001196,2,prod_000133,sel_0055,17249,1
ord_001197,1,prod_000520,sel_0011,989,1
ord_001197,2,prod_000363,sel_0032,3499,1
ord_001198,1,prod_000147,sel_0027,13299,1
ord_001198,2,prod_000620,sel_0017,1019,2
ord_001199,1,prod_000867,sel_0030,1912,1
ord_001200,1,prod_000470,sel_0026,3999,1
ord_001201,1,prod_000573,sel_0013,17099,1
ord_001202,1,prod_000307,sel_0034,1899,1
ord_001203,1,prod_000858,sel_0058,1329,1
ord_001204,1,prod_000597,sel_0035,6649,2
ord_001205,1,prod_000738,sel_0039,599,1
ord_001205,2,prod_000239,sel_0010,12799,1
ord_001205,3,prod_000948,sel_0046,1259,1
ord_001206,1,prod_000985,sel_0038,3849,1
ord_001207,1,prod_000105,sel_0051,7599,2
ord_001207,2,prod_000366,sel_0048,979,1
ord_001207,3,prod_000060,sel_0026,1099,2
ord_001208,1,prod_000974,sel_0019,899,1
ord_001209,1,prod_000633,sel_0057,6199,1
ord_001209,2,prod_000201,sel_0024,2999,1
ord_001210,1,prod_000600,sel_0021,13999,1
ord_001210,2,prod_000815,sel_0025,4687,2
ord_001211,1,prod_000286,sel_0014,27999,1
ord_001211,2,prod_000915,sel_0012,679,1
ord_001212,1,prod_000771,sel_0038,449,1
ord_001213,1,prod_000052,sel_0035,1999,1
ord_001214,1,prod_000505,sel_0038,1444,1
ord_001214,2,prod_000298,sel_0033,2624,2
ord_001215,1,prod_000802,sel_0007,4124,1
ord_001216,1,prod_000534,sel_0014,2437,1
ord_001216,2,prod_000941,sel_0034,599,1
ord_001216,3,prod_000379,sel_0010,3149,1
ord_001217,1,prod_000739,sel_0046,374,1
ord_001218,1,prod_001043,sel_0022,839,1
ord_001218,2,prod_000198,sel_0029,3562,2
ord_001218,3,prod_001025,sel_0053,1119,1
ord_001219,1,prod_000846,sel_0040,2999,2
ord_001219,2,prod_000587,sel_0048,10999,1
ord_001219,3,prod_000493,sel_0031,31499,1
ord_001220,1,prod_000298,sel_0033,2624,2
ord_001220,2,prod_000401,sel_0055,14699,1
ord_001220,3,prod_000001,sel_0036,1874,1
ord_001221,1,prod_001018,sel_0026,854,1
ord_001222,1,prod_000469,sel_0026,1709,2
ord_001222,2,prod_000652,sel_0054,989,1
ord_001223,1,prod_000301,sel_0029,1424,1
ord_001223,2,prod_000596,sel_0015,13999,1
ord_001223,3,prod_000907,sel_0024,1079,1
ord_001224,1,prod_000632,sel_0001,3149,1
ord_001225,1,prod_000255,sel_0041,21249,2
ord_001225,2,prod_000453,sel_0018,3612,1
ord_001225,3,prod_000023,sel_0033,3249,2
ord_001226,1,prod_000209,sel_0043,769,1
ord_001227,1,prod_000054,sel_0040,719,1
ord_001228,1,prod_000705,sel_0052,479,2
ord_001229,1,prod_000417,sel_0033,5949,1
ord_001230,1,prod_000722,sel_0009,759,2
ord_001230,2,prod_000732,sel_0029,1519,1
ord_001231,1,prod_001084,sel_0046,799,2
ord_001232,1,prod_000695,sel_0060,2337,1
ord_001233,1,prod_000148,sel_0040,6299,1
ord_001234,1,prod_000812,sel_0037,1099,2
ord_001235,1,prod_000782,sel_0030,719,2
ord_001236,1,prod_000584,sel_0013,14449,1
ord_001237,1,prod_000931,sel_0019,2124,1
ord_001237,2,prod_000051,sel_0007,6299,1
ord_001238,1,prod_000010,sel_0005,1499,2
ord_001238,2,prod_000812,sel_0037,1099,1
ord_001239,1,prod_000690,sel_0024,989,2
ord_001239,2,prod_000241,sel_0026,339,2
ord_001239,3,prod_000846,sel_0040,2999,1
ord_001240,1,prod_000509,sel_0023,6599,1
ord_001240,2,prod_000620,sel_0017,1019,1
ord_001240,3,prod_000084,sel_0048,679,1
ord_001241,1,prod_000246,sel_0012,934,1
ord_001242,1,prod_000627,sel_0008,854,1
ord_001243,1,prod_000239,sel_0010,12799,1
ord_001243,2,prod_000700,sel_0008,1119,1
ord_001244,1,prod_000457,sel_0017,1529,1
ord_001244,2,prod_000578,sel_0016,6187,2
ord_001245,1,prod_000044,sel_0038,4599,2
ord_001246,1,prod_000517,sel_0033,2749,1
ord_001247,1,prod_000546,sel_0049,1749,1
ord_001247,2,prod_001042,sel_0014,749,1
ord_001247,3,prod_001063,sel_0001,769,1
ord_001248,1,prod_000090,sel_0039,27999,1
ord_001249,1,prod_001085,sel_0028,799,2
ord_001250,1,prod_000405,sel_0018,3399,1
ord_001251,1,prod_000310,sel_0008,1439,1
ord_001251,2,prod_000570,sel_0040,3824,1
ord_001252,1,prod_000291,sel_0001,13599,1
ord_001253,1,prod_000283,sel_0034,199,1
ord_001254,1,prod_000529,sel_0056,1049,1
ord_001255,1,prod_000364,sel_0008,2124,1
ord_001256,1,prod_000917,sel_0026,949,1
ord_001256,2,prod_000256,sel_0031,5174,1
ord_001256,3,prod_001035,sel_0029,674,1
ord_001257,1,prod_000604,sel_0055,2024,1
ord_001258,1,prod_000350,sel_0002,1079,1
ord_001258,2,prod_000449,sel_0012,23399,1
ord_001259,1,prod_000534,sel_0014,2437,1
ord_001259,2,prod_000894,sel_0044,1399,1
ord_001260,1,prod_001015,sel_0019,1259,1
ord_001261,1,prod_000135,sel_0006,9099,1
ord_001262,1,prod_000688,sel_0057,1359,1
ord_001263,1,prod_000070,sel_0047,9999,1
ord_001264,1,prod_000355,sel_0013,699,2
ord_001264,2,prod_000167,sel_0005,1199,1
ord_001265,1,prod_000331,sel_0034,2274,1
ord_001265,2,prod_000522,sel_0009,1439,1
ord_001266,1,prod_000850,sel_0035,2437,1
ord_001267,1,prod_001055,sel_0029,2924,1
ord_001268,1,prod_000514,sel_0033,2062,1
ord_001268,2,prod_000135,sel_0006,9099,1
ord_001268,3,prod_000843,sel_0052,1799,1
ord_001269,1,prod_000757,sel_0013,759,2
ord_001269,2,prod_000165,sel_0056,1329,2
ord_001269,3,prod_000387,sel_0029,2274,2
ord_001270,1,prod_000742,sel_0011,1399,2
ord_001270,2,prod_000602,sel_0014,6499,2
ord_001270,3,prod_001068,sel_0030,10499,2
ord_001271,1,prod_000368,sel_0010,594,2
ord_001271,2,prod_000589,sel_0002,8287,2
ord_001271,3,prod_000281,sel_0016,3374,1
ord_001272,1,prod_000505,sel_0038,1444,2
ord_001273,1,prod_000524,sel_0058,934,1
ord_001273,2,prod_000285,sel_0059,2137,1
ord_001273,3,prod_000696,sel_0032,854,1
ord_001274,1,prod_000862,sel_0050,824,1
ord_001275,1,prod_001082,sel_0030,1259,1
ord_001275,2,prod_001045,sel_0001,404,2
ord_001275,3,prod_000067,sel_0011,9262,1
ord_001276,1,prod_000751,sel_0024,1199,1
ord_001276,2,prod_000573,sel_0013,17099,1
ord_001277,1,prod_000498,sel_0041,31499,2
ord_001278,1,prod_001042,sel_0014,749,1
ord_001278,2,prod_000826,sel_0038,349,1
ord_001279,1,prod_000677,sel_0032,664,2
ord_001279,2,prod_000294,sel_0060,13599,2
ord_001279,3,prod_000019,sel_0007,9749,1
ord_001280,1,prod_000737,sel_0013,2124,1
ord_001281,1,prod_000664,sel_0042,934,1
ord_001281,2,prod_000365,sel_0029,719,1
ord_001282,1,prod_000266,sel_0001,3249,1
ord_001283,1,prod_000695,sel_0060,2337,1
ord_001283,2,prod_001059,sel_0014,33999,1
ord_001283,3,prod_000928,sel_0027,629,1
ord_001284,1,prod_001048,sel_0035,539,1
ord_001285,1,prod_000108,sel_0032,5774,1
ord_001285,2,prod_000479,sel_0037,2999,1
ord_001285,3,prod_001037,sel_0042,349,1
ord_001286,1,prod_000187,sel_0052,14399,2
ord_001287,1,prod_000430,sel_0018,2999,2
ord_001288,1,prod_000654,sel_0032,254,1
ord_001289,1,prod_000658,sel_0008,13299,2
ord_001289,2,prod_001092,sel_0026,559,2
ord_001289,3,prod_000125,sel_0032,9262,2
ord_001290,1,prod_000648,sel_0033,1199,1
ord_001291,1,prod_000791,sel_0008,2124,1
ord_001292,1,prod_000193,sel_0057,38699,1
ord_001293,1,prod_001001,sel_0030,17849,2
ord_001293,2,prod_000433,sel_0046,4274,1
ord_001294,1,prod_000383,sel_0045,2612,2
ord_001294,2,prod_000792,sel_0024,839,1
ord_001295,1,prod_000728,sel_0050,599,1
ord_001295,2,prod_000794,sel_0005,4037,2
ord_001296,1,prod_000646,sel_0028,12799,1
ord_001297,1,prod_001016,sel_0031,399,1
ord_001297,2,prod_000330,sel_0044,1499,1
ord_001298,1,prod_000819,sel_0032,664,1
ord_001299,1,prod_000203,sel_0041,15199,1
ord_001300,1,prod_000722,sel_0009,759,2
ord_001301,1,prod_000394,sel_0005,764,1
ord_001301,2,prod_000305,sel_0054,1049,1
ord_001301,3,prod_000120,sel_0052,16999,1
ord_001302,1,prod_000619,sel_0034,1599,1
ord_001303,1,prod_000341,sel_0022,2249,1
ord_001304,1,prod_000093,sel_0039,1899,2
ord_001304,2,prod_000641,sel_0019,7799,1
ord_001305,1,prod_000988,sel_0048,524,2
ord_001306,1,prod_000618,sel_0058,2399,1
ord_001307,1,prod_000583,sel_0054,7199,1
ord_001307,2,prod_000730,sel_0018,509,1
ord_001307,3,prod_000452,sel_0045,3249,1
ord_001308,1,prod_000525,sel_0036,974,1
ord_001309,1,prod_000877,sel_0050,5312,1
ord_001310,1,prod_000450,sel_0043,5174,1
ord_001311,1,prod_000599,sel_0059,2624,1
ord_001311,2,prod_000631,sel_0026,8774,1
ord_001312,1,prod_000063,sel_0006,1999,2
ord_001312,2,prod_000153,sel_0047,2999,1
ord_001312,3,prod_000227,sel_0004,989,2
ord_001313,1,prod_000068,sel_0038,14249,1
ord_001314,1,prod_000276,sel_0054,1999,1
ord_001315,1,prod_000722,sel_0009,759,1
ord_001315,2,prod_000026,sel_0019,3399,2
ord_001316,1,prod_000892,sel_0045,899,1
ord_001316,2,prod_000302,sel_0031,2599,2
ord_001317,1,prod_000608,sel_0020,1574,1
ord_001317,2,prod_000087,sel_0057,11999,1
ord_001318,1,prod_000845,sel_0053,824,1
ord_001319,1,prod_000863,sel_0032,1274,2
ord_001319,2,prod_000607,sel_0015,4999,1
ord_001320,1,prod_000211,sel_0050,599,1
ord_001320,2,prod_000504,sel_0013,1139,1
ord_001321,1,prod_000544,sel_0001,11999,1
ord_001321,2,prod_000424,sel_0012,3249,1
ord_001321,3,prod_000077,sel_0003,7424,1
ord_001322,1,prod_000213,sel_0053,16149,1
ord_001323,1,prod_000163,sel_0030,3249,1
ord_001323,2,prod_000958,sel_0031,249,2
ord_001324,1,prod_000447,sel_0035,3324,1
ord_001325,1,prod_000455,sel_0029,3199,1
ord_001325,2,prod_000068,sel_0038,14249,1
ord_001326,1,prod_000474,sel_0025,1439,1
ord_001327,1,prod_000521,sel_0020,3187,1
ord_001328,1,prod_000103,sel_0016,18899,1
ord_001329,1,prod_001023,sel_0042,1019,1
ord_001330,1,prod_000371,sel_0003,1749,1
ord_001331,1,prod_000989,sel_0040,449,1
ord_001331,2,prod_000593,sel_0055,4499,1
ord_001332,1,prod_000920,sel_0019,799,1
ord_001332,2,prod_000324,sel_0050,1599,1
ord_001333,1,prod_000183,sel_0010,539,1
ord_001334,1,prod_000873,sel_0029,1599,1
ord_001334,2,prod_000372,sel_0013,2437,1
ord_001335,1,prod_000696,sel_0032,854,1
ord_001336,1,prod_000174,sel_0054,539,1
ord_001336,2,prod_000600,sel_0021,13999,1
ord_001337,1,prod_000249,sel_0007,7837,2
ord_001337,2,prod_000369,sel_0059,3824,1
ord_001338,1,prod_000831,sel_0023,1424,1
ord_001339,1,prod_000565,sel_0055,22799,1
ord_001339,2,prod_000643,sel_0026,4887,1
ord_001339,3,prod_000646,sel_0028,12799,1
ord_001340,1,prod_000564,sel_0033,6999,1
ord_001340,2,prod_001038,sel_0052,2124,2
ord_001340,3,prod_000141,sel_0010,12749,1
ord_001341,1,prod_000710,sel_0018,1199,1
ord_001341,2,prod_000030,sel_0044,2437,1
ord_001342,1,prod_000836,sel_0024,1019,2
ord_001343,1,prod_000731,sel_0018,539,1
ord_001344,1,prod_000614,sel_0034,16499,1
ord_001345,1,prod_000403,sel_0043,2799,1
ord_001345,2,prod_000860,sel_0006,759,1
ord_001346,1,prod_000490,sel_0024,2749,2
ord_001347,1,prod_000237,sel_0033,5524,1
ord_001347,2,prod_000299,sel_0024,4037,1
ord_001348,1,prod_001064,sel_0027,1359,2
ord_001349,1,prod_000511,sel_0021,934,1
ord_001350,1,prod_000719,sel_0017,1079,1
ord_001351,1,prod_000220,sel_0055,719,2
ord_001352,1,prod_000538,sel_0029,1199,2
ord_001352,2,prod_000924,sel_0028,799,1
ord_001352,3,prod_000299,sel_0024,4037,1
ord_001353,1,prod_000265,sel_0037,3599,1
ord_001354,1,prod_000340,sel_0046,1279,1
ord_001354,2,prod_000482,sel_0018,13599,1
ord_001354,3,prod_000868,sel_0018,664,2
ord_001355,1,prod_001036,sel_0001,1119,1
ord_001355,2,prod_001053,sel_0055,30749,1
ord_001356,1,prod_001021,sel_0031,599,1
ord_001357,1,prod_000302,sel_0031,2599,1
ord_001357,2,prod_000298,sel_0033,2624,2
ord_001358,1,prod_000403,sel_0043,2799,1
ord_001358,2,prod_001099,sel_0030,1259,1
ord_001359,1,prod_000271,sel_0038,5174,1
ord_001360,1,prod_000988,sel_0048,524,2
ord_001361,1,prod_000216,sel_0023,1049,1
ord_001361,2,prod_000850,sel_0035,2437,1
ord_001362,1,prod_000144,sel_0036,5249,2
ord_001362,2,prod_000914,sel_0057,629,2
ord_001363,1,prod_000430,sel_0018,2999,1
ord_001363,2,prod_000186,sel_0027,599,1
ord_001363,3,prod_000843,sel_0052,1799,1
ord_001364,1,prod_000468,sel_0025,13999,2
ord_001365,1,prod_000058,sel_0032,1499,2
ord_001366,1,prod_000779,sel_0009,824,1
ord_001367,1,prod_000882,sel_0019,629,1
ord_001367,2,prod_000743,sel_0031,1709,2
ord_001367,3,prod_001040,sel_0007,2449,2
ord_001368,1,prod_000650,sel_0033,1259,1
ord_001368,2,prod_000680,sel_0049,1039,1
ord_001368,3,prod_000031,sel_0027,599,1
ord_001369,1,prod_000778,sel_0044,1912,1
ord_001369,2,prod_000823,sel_0042,559,1
ord_001369,3,prod_000331,sel_0034,2274,2
ord_001370,1,prod_000908,sel_0053,269,1
ord_001371,1,prod_000682,sel_0045,799,1
ord_001371,2,prod_000911,sel_0029,699,1
ord_001372,1,prod_000286,sel_0014,27999,1
ord_001372,2,prod_000605,sel_0013,3999,2
ord_001373,1,prod_000963,sel_0015,1099,2
ord_001374,1,prod_000081,sel_0032,699,1
ord_001375,1,prod_000361,sel_0054,1119,2
ord_001376,1,prod_000989,sel_0040,449,2
ord_001376,2,prod_000686,sel_0012,1104,1
ord_001376,3,prod_000199,sel_0002,839,2
ord_001377,1,prod_000224,sel_0045,28499,2
ord_001377,2,prod_000911,sel_0029,699,1
ord_001377,3,prod_000040,sel_0017,719,1
ord_001378,1,prod_000039,sel_0020,1049,2
ord_001378,2,prod_000410,sel_0038,8249,1
ord_001379,1,prod_000151,sel_0038,1599,2
ord_001380,1,prod_000114,sel_0014,5437,1
ord_001380,2,prod_000612,sel_0040,2249,1
ord_001380,3,prod_000979,sel_0041,2437,2
ord_001381,1,prod_000382,sel_0046,764,1
ord_001381,2,prod_000699,sel_0037,1199,1
ord_001382,1,prod_000761,sel_0032,639,2
ord_001382,2,prod_001055,sel_0029,2924,1
ord_001382,3,prod_000517,sel_0033,2749,1
ord_001383,1,prod_001015,sel_0019,1259,1
ord_001383,2,prod_000464,sel_0034,2599,1
ord_001384,1,prod_000054,sel_0040,719,1
ord_001384,2,prod_000506,sel_0018,1999,1
ord_001385,1,prod_000018,sel_0049,18999,1
ord_001385,2,prod_001023,sel_0042,1019,1
ord_001385,3,prod_000746,sel_0037,599,1
ord_001386,1,prod_000245,sel_0050,2799,1
ord_001386,2,prod_000624,sel_0014,629,1
ord_001386,3,prod_000199,sel_0002,839,1
ord_001387,1,prod_000829,sel_0019,699,1
ord_001388,1,prod_000294,sel_0060,13599,2
ord_001389,1,prod_000784,sel_0060,2799,1
ord_001389,2,prod_000837,sel_0040,1119,1
ord_001390,1,prod_001086,sel_0006,449,1
ord_001390,2,prod_000386,sel_0036,1574,1
ord_001390,3,prod_000037,sel_0047,1999,1
ord_001391,1,prod_000055,sel_0027,3324,2
ord_001392,1,prod_000731,sel_0018,539,1
ord_001393,1,prod_000657,sel_0020,674,2
ord_001394,1,prod_001028,sel_0060,9599,1
ord_001395,1,prod_000732,sel_0029,1519,1
ord_001396,1,prod_000823,sel_0042,559,1
ord_001397,1,prod_000810,sel_0034,899,1
ord_001398,1,prod_000920,sel_0019,799,2
ord_001398,2,prod_000020,sel_0020,1439,1
ord_001399,1,prod_000978,sel_0023,599,1
ord_001400,1,prod_000862,sel_0050,824,1
ord_001401,1,prod_000123,sel_0029,10499,1
ord_001402,1,prod_000960,sel_0025,1044,1
ord_001402,2,prod_000629,sel_0013,71399,1
ord_001402,3,prod_000539,sel_0025,1189,1
ord_001403,1,prod_001069,sel_0035,1424,1
ord_001403,2,prod_001097,sel_0042,799,1
ord_001403,3,prod_000183,sel_0010,539,1
ord_001404,1,prod_000119,sel_0014,6199,2
ord_001404,2,prod_000946,sel_0046,1199,2
ord_001405,1,prod_000250,sel_0050,489,2
ord_001406,1,prod_000672,sel_0055,824,1
ord_001407,1,prod_000102,sel_0048,4599,1
ord_001407,2,prod_000486,sel_0059,26099,1
ord_001407,3,prod_000437,sel_0034,10499,1
ord_001408,1,prod_000575,sel_0038,3324,2
ord_001408,2,prod_000401,sel_0055,14699,1
ord_001409,1,prod_000562,sel_0057,9499,1
ord_001410,1,prod_000545,sel_0057,3562,1
ord_001410,2,prod_000908,sel_0053,269,1
ord_001410,3,prod_000835,sel_0003,1519,2
ord_001411,1,prod_000519,sel_0038,11899,1
ord_001412,1,prod_000953,sel_0036,639,1
ord_001413,1,prod_000686,sel_0012,1104,1
ord_001414,1,prod_000989,sel_0040,449,1
ord_001414,2,prod_000196,sel_0022,719,1
ord_001415,1,prod_000557,sel_0023,2799,1
ord_001416,1,prod_000718,sel_0029,489,1
ord_001416,2,prod_001078,sel_0035,3749,1
ord_001417,1,prod_000880,sel_0045,1139,2
ord_001417,2,prod_000670,sel_0036,1399,2
ord_001418,1,prod_000692,sel_0033,319,1
ord_001419,1,prod_000885,sel_0008,759,1
ord_001419,2,prod_000282,sel_0024,4599,2
ord_001419,3,prod_000577,sel_0004,11199,1
ord_001420,1,prod_000255,sel_0041,21249,1
ord_001420,2,prod_001013,sel_0056,4599,2
ord_001421,1,prod_000717,sel_0043,1519,1
ord_001422,1,prod_000137,sel_0059,6187,2
ord_001423,1,prod_000394,sel_0005,764,1
ord_001424,1,prod_000297,sel_0034,5174,1
ord_001424,2,prod_000124,sel_0026,17999,1
ord_001425,1,prod_000587,sel_0048,10999,2
ord_001426,1,prod_000544,sel_0001,11999,1
ord_001426,2,prod_000862,sel_0050,824,1
ord_001427,1,prod_000374,sel_0043,524,1
ord_001427,2,prod_000635,sel_0056,1279,2
ord_001428,1,prod_000210,sel_0015,974,2
ord_001428,2,prod_000117,sel_0039,11999,1
ord_001429,1,prod_000579,sel_0013,1039,1
ord_001429,2,prod_000050,sel_0005,1529,1
ord_001430,1,prod_000350,sel_0002,1079,1
ord_001431,1,prod_000065,sel_0008,1599,1
ord_001432,1,prod_000144,sel_0036,5249,2
ord_001433,1,prod_000566,sel_0028,14249,1
ord_001433,2,prod_000823,sel_0042,559,1
ord_001434,1,prod_001019,sel_0005,419,1
ord_001434,2,prod_000632,sel_0001,3149,2
ord_001435,1,prod_000902,sel_0035,1699,2
ord_001435,2,prod_000936,sel_0008,849,1
ord_001435,3,prod_000311,sel_0027,1199,1
ord_001436,1,prod_000088,sel_0038,2762,1
ord_001436,2,prod_000553,sel_0051,8249,1
ord_001437,1,prod_001075,sel_0025,559,1
ord_001438,1,prod_000885,sel_0008,759,1
ord_001439,1,prod_000503,sel_0037,679,2
ord_001439,2,prod_000024,sel_0052,9499,1
ord_001440,1,prod_000809,sel_0001,1119,1
ord_001441,1,prod_001049,sel_0009,1574,1
ord_001441,2,prod_000030,sel_0044,2437,1
ord_001442,1,prod_000144,sel_0036,5249,1
ord_001442,2,prod_000557,sel_0023,2799,1
ord_001443,1,prod_000972,sel_0058,539,1
ord_001444,1,prod_000540,sel_0016,1499,1
ord_001445,1,prod_001100,sel_0013,639,1
ord_001445,2,prod_000253,sel_0053,27999,1
ord_001446,1,prod_000359,sel_0043,1924,1
ord_001447,1,prod_001016,sel_0031,399,1
ord_001447,2,prod_000171,sel_0017,1199,2
ord_001448,1,prod_000989,sel_0040,449,1
ord_001448,2,prod_000393,sel_0027,3199,1
ord_001449,1,prod_000143,sel_0014,7799,2
ord_001450,1,prod_001027,sel_0033,719,1
ord_001451,1,prod_000713,sel_0049,1599,1
ord_001452,1,prod_000794,sel_0005,4037,1
ord_001453,1,prod_000124,sel_0026,17999,1
ord_001454,1,prod_000023,sel_0033,3249,1
ord_001455,1,prod_001075,sel_0025,559,1
ord_001455,2,prod_000760,sel_0006,1199,1
ord_001456,1,prod_000136,sel_0014,9599,1
ord_001457,1,prod_000918,sel_0029,1039,1
ord_001458,1,prod_000457,sel_0017,1529,2
ord_001459,1,prod_000549,sel_0019,2924,2
ord_001459,2,prod_000192,sel_0027,1399,2
ord_001459,3,prod_000253,sel_0053,27999,2
ord_001460,1,prod_000362,sel_0007,769,1
ord_001460,2,prod_000782,sel_0030,719,1
ord_001460,3,prod_000705,sel_0052,479,1
ord_001461,1,prod_000073,sel_0055,2599,1
ord_001461,2,prod_000958,sel_0031,249,1
ord_001461,3,prod_000852,sel_0026,1599,1
ord_001462,1,prod_000470,sel_0026,3999,1
ord_001462,2,prod_000069,sel_0033,4599,1
ord_001463,1,prod_000540,sel_0016,1499,1
ord_001464,1,prod_000865,sel_0020,1199,1
ord_001465,1,prod_000416,sel_0003,10999,2
ord_001466,1,prod_000787,sel_0035,719,1
ord_001466,2,prod_000889,sel_0060,2374,1
ord_001467,1,prod_000709,sel_0051,319,2
ord_001467,2,prod_000444,sel_0050,4987,1
ord_001468,1,prod_000590,sel_0010,4037,1
ord_001469,1,prod_000831,sel_0023,1424,1
ord_001469,2,prod_000352,sel_0011,1044,1
ord_001469,3,prod_000049,sel_0060,1349,1
ord_001470,1,prod_000697,sel_0013,799,1
ord_001470,2,prod_000069,sel_0033,4599,1
ord_001471,1,prod_000829,sel_0019,699,1
ord_001471,2,prod_000890,sel_0049,1439,2
ord_001472,1,prod_000622,sel_0022,379,2
ord_001473,1,prod_000701,sel_0011,1329,1
ord_001474,1,prod_000504,sel_0013,1139,2
ord_001474,2,prod_000508,sel_0058,2399,1
ord_001474,3,prod_000151,sel_0038,1599,2
ord_001475,1,prod_000724,sel_0024,1049,1
ord_001476,1,prod_000440,sel_0018,1619,2
ord_001476,2,prod_000721,sel_0046,9024,1
ord_001476,3,prod_000826,sel_0038,349,1
ord_001477,1,prod_000665,sel_0029,1399,1
ord_001478,1,prod_000577,sel_0004,11199,1
ord_001478,2,prod_000118,sel_0028,6824,1
ord_001479,1,prod_000038,sel_0009,10449,1
ord_001480,1,prod_000495,sel_0031,6374,1
ord_001481,1,prod_000386,sel_0036,1574,1
ord_001482,1,prod_000613,sel_0047,4312,1
ord_001482,2,prod_000061,sel_0011,1599,1
ord_001483,1,prod_000135,sel_0006,9099,1
ord_001483,2,prod_000925,sel_0045,1359,2
ord_001483,3,prod_000878,sel_0031,489,1
ord_001484,1,prod_000912,sel_0040,1439,1
ord_001484,2,prod_000806,sel_0032,349,1
ord_001485,1,prod_000718,sel_0029,489,1
ord_001486,1,prod_000991,sel_0023,1234,1
ord_001487,1,prod_000951,sel_0027,449,2
ord_001487,2,prod_000854,sel_0035,1049,1
ord_001488,1,prod_000668,sel_0058,1749,1
ord_001489,1,prod_000780,sel_0042,474,1
ord_001490,1,prod_000806,sel_0032,349,1
ord_001490,2,prod_000466,sel_0032,11399,1
ord_001491,1,prod_000464,sel_0034,2599,1
ord_001492,1,prod_000750,sel_0014,2699,2
ord_001492,2,prod_000475,sel_0040,1614,1
ord_001492,3,prod_000943,sel_0015,824,1
ord_001493,1,prod_001080,sel_0012,1349,2
ord_001493,2,prod_000630,sel_0012,36099,1
ord_001494,1,prod_001067,sel_0037,1999,2
ord_001495,1,prod_000816,sel_0031,769,1
ord_001495,2,prod_000246,sel_0012,934,1
ord_001495,3,prod_001068,sel_0030,10499,1
ord_001496,1,prod_000814,sel_0053,1079,1
ord_001496,2,prod_000127,sel_0016,22499,1
ord_001497,1,prod_000927,sel_0057,1139,2
ord_001497,2,prod_000960,sel_0025,1044,1
ord_001497,3,prod_000005,sel_0059,6499,1
ord_001498,1,prod_000128,sel_0018,15999,1
ord_001498,2,prod_000239,sel_0010,12799,1
ord_001498,3,prod_000007,sel_0051,2124,1
ord_001499,1,prod_000489,sel_0043,2199,1
ord_001499,2,prod_000506,sel_0018,1999,1
ord_001499,3,prod_000305,sel_0054,1049,1
ord_001500,1,prod_001058,sel_0006,1139,1
ord_001500,2,prod_000421,sel_0033,2249,2
ord_001501,1,prod_000786,sel_0015,899,1
ord_001501,2,prod_001064,sel_0027,1359,1
ord_001502,1,prod_000029,sel_0047,3937,1
ord_001502,2,prod_000958,sel_0031,249,1
ord_001502,3,prod_000067,sel_0011,9262,1
ord_001503,1,prod_000866,sel_0018,2624,1
ord_001503,2,prod_000061,sel_0011,1599,2
ord_001504,1,prod_000249,sel_0007,7837,1
ord_001504,2,prod_001071,sel_0013,4599,2
ord_001504,3,prod_000547,sel_0049,1687,1
ord_001505,1,prod_001070,sel_0023,11999,1
ord_001505,2,prod_000720,sel_0008,1104,1
ord_001506,1,prod_000238,sel_0043,679,1
ord_001506,2,prod_000219,sel_0018,1329,1
ord_001507,1,prod_000092,sel_0014,1169,1
ord_001508,1,prod_001011,sel_0052,1049,1
ord_001509,1,prod_000637,sel_0057,4499,1
ord_001509,2,prod_000314,sel_0012,8549,1
ord_001510,1,prod_000865,sel_0020,1199,1
ord_001511,1,prod_001028,sel_0060,9599,1
ord_001512,1,prod_000197,sel_0048,899,2
ord_001513,1,prod_000173,sel_0059,569,1
ord_001513,2,prod_000793,sel_0052,799,2
ord_001513,3,prod_000214,sel_0003,2999,2
ord_001514,1,prod_000953,sel_0036,639,1
ord_001514,2,prod_000863,sel_0032,1274,1
ord_001514,3,prod_000077,sel_0003,7424,1
ord_001515,1,prod_000810,sel_0034,899,1
ord_001515,2,prod_000432,sel_0012,10799,1
ord_001516,1,prod_000339,sel_0042,1439,1
ord_001516,2,prod_000274,sel_0044,3399,1
ord_001517,1,prod_001088,sel_0035,629,1
ord_001517,2,prod_000983,sel_0002,1619,1
ord_001518,1,prod_000330,sel_0044,1499,1
ord_001519,1,prod_000135,sel_0006,9099,1
ord_001519,2,prod_000835,sel_0003,1519,1
ord_001520,1,prod_001009,sel_0018,479,2
ord_001521,1,prod_000608,sel_0020,1574,1
ord_001521,2,prod_000569,sel_0043,42749,1
ord_001522,1,prod_001054,sel_0043,3799,1
ord_001523,1,prod_000107,sel_0051,9899,1
ord_001523,2,prod_000136,sel_0014,9599,1
ord_001524,1,prod_000652,sel_0054,989,1
ord_001524,2,prod_000137,sel_0059,6187,2
ord_001524,3,prod_000780,sel_0042,474,1
ord_001525,1,prod_000144,sel_0036,5249,1
ord_001526,1,prod_001096,sel_0028,1399,1
ord_001527,1,prod_000864,sel_0055,1912,1
ord_001528,1,prod_000597,sel_0035,6649,2
ord_001528,2,prod_001100,sel_0013,639,1
ord_001529,1,prod_000919,sel_0037,1439,1
ord_001529,2,prod_000087,sel_0057,11999,1
ord_001530,1,prod_000562,sel_0057,9499,1
ord_001530,2,prod_000050,sel_0005,1529,1
ord_001530,3,prod_000878,sel_0031,489,2
ord_001531,1,prod_000319,sel_0059,959,1
ord_001531,2,prod_000386,sel_0036,1574,1
ord_001532,1,prod_000270,sel_0021,2999,1
ord_001532,2,prod_000616,sel_0030,14249,1
ord_001533,1,prod_000174,sel_0054,539,1
ord_001534,1,prod_000342,sel_0024,849,1
ord_001534,2,prod_000538,sel_0029,1199,2
ord_001535,1,prod_000359,sel_0043,1924,1
ord_001536,1,prod_000294,sel_0060,13599,1
ord_001537,1,prod_000577,sel_0004,11199,1
ord_001537,2,prod_000053,sel_0050,20399,1
ord_001537,3,prod_000048,sel_0005,719,2
ord_001538,1,prod_000337,sel_0020,1274,2
ord_001538,2,prod_000139,sel_0046,7837,2
ord_001539,1,prod_000644,sel_0032,18899,2
ord_001540,1,prod_000539,sel_0025,1189,1
ord_001541,1,prod_001080,sel_0012,1349,2
ord_001541,2,prod_000058,sel_0032,1499,2
ord_001542,1,prod_000124,sel_0026,17999,2
ord_001543,1,prod_000470,sel_0026,3999,1
ord_001544,1,prod_000923,sel_0015,449,1
ord_001545,1,prod_000713,sel_0049,1599,1
ord_001545,2,prod_000479,sel_0037,2999,1
ord_001545,3,prod_000714,sel_0039,2474,1
ord_001546,1,prod_000046,sel_0035,6824,1
ord_001547,1,prod_000530,sel_0009,379,1
ord_001547,2,prod_000575,sel_0038,3324,1
ord_001547,3,prod_000048,sel_0005,719,2
ord_001548,1,prod_000888,sel_0037,799,1
ord_001548,2,prod_000619,sel_0034,1599,1
ord_001549,1,prod_000271,sel_0038,5174,1
ord_001549,2,prod_000810,sel_0034,899,1
ord_001550,1,prod_000890,sel_0049,1439,1
ord_001550,2,prod_000414,sel_0012,3849,2
ord_001551,1,prod_000753,sel_0008,1199,1
ord_001551,2,prod_000937,sel_0007,539,1
ord_001551,3,prod_000412,sel_0002,6299,1
ord_001552,1,prod_000131,sel_0028,7199,1
ord_001552,2,prod_000121,sel_0049,10449,1
ord_001553,1,prod_000783,sel_0017,1259,1
ord_001553,2,prod_000320,sel_0029,1019,2
ord_001554,1,prod_000143,sel_0014,7799,2
ord_001555,1,prod_000844,sel_0020,4049,1
ord_001556,1,prod_000536,sel_0022,1699,1
ord_001556,2,prod_001064,sel_0027,1359,1
ord_001556,3,prod_001037,sel_0042,349,1
ord_001557,1,prod_000477,sel_0006,5074,1
ord_001557,2,prod_000480,sel_0042,16499,2
ord_001558,1,prod_000493,sel_0031,31499,1
ord_001558,2,prod_000834,sel_0003,1709,2
ord_001559,1,prod_000365,sel_0029,719,1
ord_001559,2,prod_000104,sel_0006,6374,1
ord_001559,3,prod_000818,sel_0042,449,1
ord_001560,1,prod_000624,sel_0014,629,1
ord_001561,1,prod_000009,sel_0014,1399,2
ord_001561,2,prod_000214,sel_0003,2999,1
ord_001561,3,prod_000608,sel_0020,1574,1
ord_001562,1,prod_000022,sel_0026,1439,1
ord_001562,2,prod_000583,sel_0054,7199,1
ord_001563,1,prod_000709,sel_0051,319,2
ord_001564,1,prod_000576,sel_0040,4749,2
ord_001564,2,prod_001013,sel_0056,4599,1
ord_001564,3,prod_000754,sel_0023,3374,2
ord_001565,1,prod_000268,sel_0045,4199,1
ord_001566,1,prod_000356,sel_0025,629,2
ord_001567,1,prod_000740,sel_0058,1912,1
ord_001567,2,prod_000547,sel_0049,1687,1
ord_001567,3,prod_000298,sel_0033,2624,1
ord_001568,1,prod_000781,sel_0005,2249,2
ord_001568,2,prod_000825,sel_0029,1349,1
ord_001568,3,prod_000447,sel_0035,3324,1
ord_001569,1,prod_000053,sel_0050,20399,1
ord_001570,1,prod_000125,sel_0032,9262,1
ord_001571,1,prod_001064,sel_0027,1359,1
ord_001572,1,prod_000253,sel_0053,27999,1
ord_001572,2,prod_000871,sel_0037,1099,2
ord_001573,1,prod_000649,sel_0047,7124,1
ord_001574,1,prod_000298,sel_0033,2624,1
ord_001575,1,prod_000662,sel_0012,299,1
ord_001576,1,prod_000428,sel_0022,11999,1
ord_001577,1,prod_001072,sel_0051,899,1
ord_001577,2,prod_000895,sel_0005,719,1
ord_001578,1,prod_001002,sel_0008,2199,1
ord_001578,2,prod_001085,sel_0028,799,1
ord_001579,1,prod_000812,sel_0037,1099,2
ord_001580,1,prod_000285,sel_0059,2137,2
ord_001581,1,prod_000044,sel_0038,4599,1
ord_001582,1,prod_000493,sel_0031,31499,2
ord_001583,1,prod_000532,sel_0035,10199,1
ord_001583,2,prod_000961,sel_0054,899,1
ord_001584,1,prod_000482,sel_0018,13599,2
ord_001584,2,prod_000590,sel_0010,4037,1
ord_001585,1,prod_000530,sel_0009,379,1
ord_001586,1,prod_000843,sel_0052,1799,2
ord_001587,1,prod_000452,sel_0045,3249,2
ord_001587,2,prod_000731,sel_0018,539,1
ord_001588,1,prod_000295,sel_0035,4312,2
ord_001589,1,prod_000182,sel_0024,879,1
ord_001589,2,prod_000676,sel_0060,2099,1
ord_001590,1,prod_000433,sel_0046,4274,2
ord_001591,1,prod_000102,sel_0048,4599,1
ord_001592,1,prod_000123,sel_0029,10499,1
ord_001592,2,prod_000704,sel_0042,1199,2
ord_001593,1,prod_000967,sel_0041,1439,1
ord_001593,2,prod_000837,sel_0040,1119,2
ord_001594,1,prod_000522,sel_0009,1439,1
ord_001594,2,prod_000669,sel_0024,489,1
ord_001595,1,prod_000113,sel_0050,14999,2
ord_001595,2,prod_000198,sel_0029,3562,1
ord_001595,3,prod_000388,sel_0008,2124,2
ord_001596,1,prod_001075,sel_0025,559,1
ord_001596,2,prod_000911,sel_0029,699,1
ord_001596,3,prod_000011,sel_0009,1687,1
ord_001597,1,prod_000768,sel_0036,3999,1
ord_001598,1,prod_000537,sel_0024,2749,1
ord_001599,1,prod_000747,sel_0059,2812,1
ord_001599,2,prod_000123,sel_0029,10499,1
ord_001600,1,prod_000755,sel_0032,559,1
ord_001600,2,prod_000319,sel_0059,959,1
ord_001601,1,prod_000225,sel_0006,1874,1
ord_001601,2,prod_000390,sel_0007,799,2
ord_001602,1,prod_000713,sel_0049,1599,2
ord_001602,2,prod_000938,sel_0039,1274,1
ord_001602,3,prod_000451,sel_0010,5524,1
ord_001603,1,prod_000133,sel_0055,17249,1
ord_001603,2,prod_000916,sel_0048,764,1
ord_001604,1,prod_000488,sel_0047,1439,1
ord_001605,1,prod_000063,sel_0006,1999,1
ord_001606,1,prod_000317,sel_0059,2449,1
ord_001606,2,prod_000844,sel_0020,4049,1
ord_001607,1,prod_000714,sel_0039,2474,2
ord_001607,2,prod_001049,sel_0009,1574,2
ord_001608,1,prod_000714,sel_0039,2474,2
ord_001608,2,prod_000554,sel_0014,12999,1
ord_001609,1,prod_000546,sel_0049,1749,1
ord_001609,2,prod_000843,sel_0052,1799,1
ord_001609,3,prod_000941,sel_0034,599,1
ord_001610,1,prod_000481,sel_0004,5999,1
ord_001611,1,prod_000607,sel_0015,4999,1
ord_001611,2,prod_001078,sel_0035,3749,1
ord_001611,3,prod_000034,sel_0051,1199,1
ord_001612,1,prod_000814,sel_0053,1079,1
ord_001613,1,prod_000007,sel_0051,2124,2
ord_001614,1,prod_000517,sel_0033,2749,1
ord_001615,1,prod_000650,sel_0033,1259,2
ord_001615,2,prod_000258,sel_0051,10449,1
ord_001616,1,prod_000036,sel_0028,594,1
ord_001617,1,prod_000481,sel_0004,5999,1
ord_001618,1,prod_000728,sel_0050,599,1
ord_001619,1,prod_000905,sel_0049,1899,1
ord_001619,2,prod_000581,sel_0002,12349,2
ord_001620,1,prod_000111,sel_0050,4599,2
ord_001621,1,prod_000272,sel_0010,4887,1
ord_001621,2,prod_000689,sel_0034,314,1
ord_001621,3,prod_000339,sel_0042,1439,1
ord_001622,1,prod_000410,sel_0038,8249,1
ord_001622,2,prod_001058,sel_0006,1139,1
ord_001623,1,prod_000215,sel_0035,1044,1
ord_001623,2,prod_000891,sel_0043,719,1
ord_001624,1,prod_001093,sel_0031,849,1
ord_001625,1,prod_000308,sel_0038,1399,2
ord_001625,2,prod_000686,sel_0012,1104,1
ord_001626,1,prod_000326,sel_0055,824,2
ord_001627,1,prod_000293,sel_0035,25499,1
ord_001627,2,prod_000934,sel_0032,2374,1
ord_001628,1,prod_000458,sel_0001,8249,1
ord_001629,1,prod_000666,sel_0048,719,1
ord_001629,2,prod_000485,sel_0024,11999,1
ord_001629,3,prod_001016,sel_0031,399,2
ord_001630,1,prod_000050,sel_0005,1529,1
ord_001631,1,prod_000543,sel_0012,3999,2
ord_001631,2,prod_000360,sel_0002,2999,1
ord_001631,3,prod_000364,sel_0008,2124,1
ord_001632,1,prod_000057,sel_0046,1574,2
ord_001633,1,prod_000782,sel_0030,719,1
ord_001634,1,prod_000106,sel_0039,11399,1
ord_001634,2,prod_000193,sel_0057,38699,1
ord_001634,3,prod_000833,sel_0006,719,2
ord_001635,1,prod_000527,sel_0011,1912,1
ord_001635,2,prod_000261,sel_0039,2749,1
ord_001635,3,prod_000784,sel_0060,2799,1
ord_001636,1,prod_000376,sel_0007,2249,1
ord_001636,2,prod_000538,sel_0029,1199,2
ord_001636,3,prod_000830,sel_0041,1199,1
ord_001637,1,prod_001022,sel_0036,599,1
ord_001637,2,prod_000718,sel_0029,489,1
ord_001638,1,prod_000192,sel_0027,1399,1
ord_001639,1,prod_000795,sel_0060,1169,1
ord_001640,1,prod_000206,sel_0046,2024,1
ord_001641,1,prod_000398,sel_0008,3399,2
ord_001641,2,prod_000253,sel_0053,27999,1
ord_001641,3,prod_000922,sel_0023,2024,1
ord_001642,1,prod_000502,sel_0003,9349,1
ord_001642,2,prod_000844,sel_0020,4049,1
ord_001643,1,prod_000293,sel_0035,25499,1
ord_001643,2,prod_000482,sel_0018,13599,1
ord_001643,3,prod_001080,sel_0012,1349,1
ord_001644,1,prod_000490,sel_0024,2749,1
ord_001645,1,prod_000122,sel_0048,11249,1
ord_001645,2,prod_000760,sel_0006,1199,1
ord_001646,1,prod_000527,sel_0011,1912,1
ord_001647,1,prod_000771,sel_0038,449,1
ord_001647,2,prod_000842,sel_0024,2437,1
ord_001648,1,prod_000673,sel_0006,427,1
ord_001649,1,prod_000030,sel_0044,2437,1
ord_001649,2,prod_000748,sel_0010,599,1
ord_001650,1,prod_000070,sel_0047,9999,2
ord_001651,1,prod_000816,sel_0031,769,1
ord_001652,1,prod_000788,sel_0056,349,1
ord_001652,2,prod_000727,sel_0035,1599,1
ord_001653,1,prod_000430,sel_0018,2999,1
ord_001654,1,prod_000415,sel_0019,2474,2
ord_001655,1,prod_000863,sel_0032,1274,1
ord_001655,2,prod_000218,sel_0002,10199,2
ord_001656,1,prod_000413,sel_0014,4274,1
ord_001657,1,prod_000238,sel_0043,679,1
ord_001658,1,prod_001022,sel_0036,599,1
ord_001659,1,prod_001057,sel_0019,509,1
ord_001660,1,prod_000868,sel_0018,664,1
ord_001661,1,prod_000799,sel_0012,2437,2
ord_001661,2,prod_000542,sel_0035,1899,2
ord_001661,3,prod_000157,sel_0057,1999,1
ord_001662,1,prod_000895,sel_0005,719,1
ord_001663,1,prod_000369,sel_0059,3824,1
ord_001663,2,prod_000019,sel_0007,9749,1
ord_001664,1,prod_000098,sel_0017,599,1
ord_001664,2,prod_000921,sel_0013,1259,1
ord_001665,1,prod_000806,sel_0032,349,2
ord_001665,2,prod_000382,sel_0046,764,2
ord_001666,1,prod_000475,sel_0040,1614,1
ord_001666,2,prod_000966,sel_0002,474,1
ord_001666,3,prod_000172,sel_0028,664,1
ord_001667,1,prod_000483,sel_0033,8999,1
ord_001667,2,prod_000262,sel_0015,19599,1
ord_001668,1,prod_000344,sel_0013,879,2
ord_001669,1,prod_000826,sel_0038,349,1
ord_001670,1,prod_001015,sel_0019,1259,1
ord_001671,1,prod_000480,sel_0042,16499,1
ord_001671,2,prod_000284,sel_0060,5949,1
ord_001672,1,prod_000221,sel_0049,1349,1
ord_001672,2,prod_000602,sel_0014,6499,2
ord_001672,3,prod_000075,sel_0051,3249,1
ord_001673,1,prod_000946,sel_0046,1199,1
ord_001673,2,prod_000464,sel_0034,2599,1
ord_001674,1,prod_000653,sel_0003,899,2
ord_001674,2,prod_000289,sel_0017,9899,2
ord_001675,1,prod_000731,sel_0018,539,2
ord_001675,2,prod_001060,sel_0055,8999,1
ord_001675,3,prod_000230,sel_0025,1799,1
ord_001676,1,prod_001031,sel_0008,399,1
ord_001676,2,prod_001075,sel_0025,559,2
ord_001677,1,prod_000902,sel_0035,1699,1
ord_001678,1,prod_000798,sel_0028,3324,1
ord_001678,2,prod_001071,sel_0013,4599,1
ord_001679,1,prod_000423,sel_0008,21999,1
ord_001679,2,prod_000062,sel_0048,279299,1
ord_001679,3,prod_000605,sel_0013,3999,1
ord_001680,1,prod_000325,sel_0040,2437,1
ord_001680,2,prod_000920,sel_0019,799,1
ord_001681,1,prod_000193,sel_0057,38699,1
ord_001682,1,prod_000547,sel_0049,1687,1
ord_001683,1,prod_000487,sel_0023,6174,1
ord_001683,2,prod_000685,sel_0025,854,1
ord_001683,3,prod_000322,sel_0040,1599,1
ord_001684,1,prod_000270,sel_0021,2999,1
ord_001684,2,prod_000764,sel_0027,854,1
ord_001684,3,prod_000628,sel_0051,4462,1
ord_001685,1,prod_000560,sel_0059,6887,1
ord_001685,2,prod_000432,sel_0012,10799,1
ord_001685,3,prod_000739,sel_0046,374,1
ord_001686,1,prod_000029,sel_0047,3937,1
ord_001687,1,prod_000929,sel_0024,1049,1
ord_001687,2,prod_000227,sel_0004,989,1
ord_001688,1,prod_000184,sel_0036,759,2
ord_001688,2,prod_000382,sel_0046,764,2
ord_001689,1,prod_000349,sel_0007,949,1
ord_001690,1,prod_000831,sel_0023,1424,1
ord_001691,1,prod_001088,sel_0035,629,1
ord_001691,2,prod_000368,sel_0010,594,1
ord_001691,3,prod_000957,sel_0027,934,1
ord_001692,1,prod_000023,sel_0033,3249,1
ord_001692,2,prod_000398,sel_0008,3399,2
ord_001693,1,prod_000894,sel_0044,1399,1
ord_001693,2,prod_001090,sel_0031,699,1
ord_001694,1,prod_000775,sel_0050,824,2
ord_001695,1,prod_000637,sel_0057,4499,1
ord_001696,1,prod_000157,sel_0057,1999,1
ord_001697,1,prod_000699,sel_0037,1199,2
ord_001698,1,prod_000978,sel_0023,599,1
ord_001699,1,prod_000582,sel_0045,12999,2
ord_001699,2,prod_000517,sel_0033,2749,2
ord_001700,1,prod_000953,sel_0036,639,1
ord_001701,1,prod_000250,sel_0050,489,2
ord_001701,2,prod_000867,sel_0030,1912,1
ord_001702,1,prod_000732,sel_0029,1519,1
ord_001702,2,prod_000346,sel_0036,1599,1
ord_001702,3,prod_001019,sel_0005,419,1
ord_001703,1,prod_000951,sel_0027,449,1
ord_001704,1,prod_000444,sel_0050,4987,1
ord_001704,2,prod_000971,sel_0023,254,1
ord_001704,3,prod_000015,sel_0039,5774,1
ord_001705,1,prod_000960,sel_0025,1044,1
ord_001706,1,prod_000137,sel_0059,6187,1
ord_001706,2,prod_000740,sel_0058,1912,1
ord_001706,3,prod_000191,sel_0012,2374,1
ord_001707,1,prod_000505,sel_0038,1444,1
ord_001708,1,prod_001036,sel_0001,1119,1
ord_001708,2,prod_000820,sel_0048,1999,1
ord_001709,1,prod_000702,sel_0008,474,1
ord_001709,2,prod_000841,sel_0023,2999,1
ord_001710,1,prod_000966,sel_0002,474,1
ord_001710,2,prod_000215,sel_0035,1044,1
ord_001711,1,prod_000191,sel_0012,2374,2
ord_001711,2,prod_000379,sel_0010,3149,1
ord_001712,1,prod_000691,sel_0055,664,1
ord_001713,1,prod_000807,sel_0001,1019,1
ord_001713,2,prod_000301,sel_0029,1424,1
ord_001713,3,prod_000805,sel_0010,679,1
ord_001714,1,prod_000971,sel_0023,254,1
ord_001714,2,prod_000125,sel_0032,9262,1
ord_001715,1,prod_000673,sel_0006,427,2
ord_001715,2,prod_000474,sel_0025,1439,1
ord_001715,3,prod_000451,sel_0010,5524,1
ord_001716,1,prod_000005,sel_0059,6499,1
ord_001716,2,prod_000425,sel_0029,11999,1
ord_001717,1,prod_000415,sel_0019,2474,1
ord_001717,2,prod_000042,sel_0037,1439,1
ord_001717,3,prod_001055,sel_0029,2924,2
ord_001718,1,prod_000311,sel_0027,1199,1
ord_001718,2,prod_000995,sel_0041,1799,1
ord_001719,1,prod_000647,sel_0008,559,1
ord_001719,2,prod_000979,sel_0041,2437,1
ord_001720,1,prod_000632,sel_0001,3149,1
ord_001720,2,prod_000236,sel_0042,1924,1
ord_001721,1,prod_001075,sel_0025,559,2
ord_001722,1,prod_000821,sel_0019,599,2
ord_001722,2,prod_000974,sel_0019,899,1
ord_001723,1,prod_000782,sel_0030,719,1
ord_001723,2,prod_000302,sel_0031,2599,2
ord_001723,3,prod_000329,sel_0059,1119,1
ord_001724,1,prod_000882,sel_0019,629,2
ord_001724,2,prod_000956,sel_0016,1199,1
ord_001725,1,prod_000941,sel_0034,599,1
ord_001726,1,prod_000835,sel_0003,1519,1
ord_001727,1,prod_000893,sel_0048,16199,2
ord_001728,1,prod_000882,sel_0019,629,1
ord_001729,1,prod_000825,sel_0029,1349,1
ord_001729,2,prod_000448,sel_0025,3562,1
ord_001729,3,prod_000078,sel_0041,489,2
ord_001730,1,prod_000042,sel_0037,1439,1
ord_001731,1,prod_000876,sel_0014,2137,2
ord_001731,2,prod_000903,sel_0039,699,2
ord_001732,1,prod_000335,sel_0042,1139,1
ord_001733,1,prod_000318,sel_0013,1259,1
ord_001733,2,prod_000637,sel_0057,4499,2
ord_001734,1,prod_000657,sel_0020,674,2
ord_001734,2,prod_000050,sel_0005,1529,1
ord_001735,1,prod_000270,sel_0021,2999,1
ord_001736,1,prod_000384,sel_0040,2249,1
ord_001737,1,prod_000303,sel_0057,1349,1
ord_001737,2,prod_000575,sel_0038,3324,1
ord_001738,1,prod_000745,sel_0017,559,2
ord_001739,1,prod_000044,sel_0038,4599,1
ord_001740,1,prod_000366,sel_0048,979,2
ord_001740,2,prod_000010,sel_0005,1499,1
ord_001740,3,prod_000316,sel_0023,3087,1
ord_001741,1,prod_000285,sel_0059,2137,1
ord_001741,2,prod_000077,sel_0003,7424,1
ord_001742,1,prod_000940,sel_0051,809,1
ord_001743,1,prod_000222,sel_0019,3199,2
ord_001743,2,prod_000086,sel_0025,1749,2
ord_001744,1,prod_000753,sel_0008,1199,2
ord_001744,2,prod_000146,sel_0057,9599,1
ord_001745,1,prod_000582,sel_0045,12999,1
ord_001746,1,prod_000438,sel_0041,4312,1
ord_001747,1,prod_000060,sel_0026,1099,2
ord_001748,1,prod_000447,sel_0035,3324,2
ord_001748,2,prod_000216,sel_0023,1049,1
ord_001749,1,prod_000192,sel_0027,1399,2
ord_001749,2,prod_000621,sel_0032,3374,2
ord_001750,1,prod_000006,sel_0050,20249,2
ord_001750,2,prod_000125,sel_0032,9262,1
ord_001751,1,prod_000939,sel_0038,1044,1
ord_001752,1,prod_001055,sel_0029,2924,1
ord_001753,1,prod_000362,sel_0007,769,1
ord_001753,2,prod_000793,sel_0052,799,1
ord_001754,1,prod_000392,sel_0033,2699,1
ord_001754,2,prod_000115,sel_0054,6399,1
ord_001755,1,prod_000891,sel_0043,719,1
ord_001755,2,prod_000591,sel_0029,8399,1
ord_001755,3,prod_000315,sel_0007,949,2
ord_001756,1,prod_000210,sel_0015,974,1
ord_001757,1,prod_001031,sel_0008,399,1
ord_001757,2,prod_000429,sel_0048,6299,1
ord_001758,1,prod_000764,sel_0027,854,1
ord_001759,1,prod_000863,sel_0032,1274,2
ord_001760,1,prod_000037,sel_0047,1999,1
ord_001760,2,prod_000143,sel_0014,7799,1
ord_001761,1,prod_000132,sel_0024,10449,1
ord_001761,2,prod_000966,sel_0002,474,1
ord_001761,3,prod_000381,sel_0043,3999,1
ord_001762,1,prod_000937,sel_0007,539,1
ord_001762,2,prod_000599,sel_0059,2624,1
ord_001763,1,prod_000976,sel_0022,1199,1
ord_001763,2,prod_001067,sel_0037,1999,1
ord_001763,3,prod_000867,sel_0030,1912,1
ord_001764,1,prod_000399,sel_0031,2437,1
ord_001765,1,prod_000016,sel_0013,4949,1
ord_001766,1,prod_000683,sel_0015,879,1
ord_001767,1,prod_000787,sel_0035,719,1
ord_001767,2,prod_000254,sel_0044,21249,1
ord_001768,1,prod_000666,sel_0048,719,1
ord_001768,2,prod_000307,sel_0034,1899,2
ord_001769,1,prod_000789,sel_0009,1044,2
ord_001770,1,prod_000341,sel_0022,2249,1
ord_001771,1,prod_000527,sel_0011,1912,1
ord_001771,2,prod_000509,sel_0023,6599,1
ord_001772,1,prod_000559,sel_0058,11899,1
ord_001772,2,prod_000697,sel_0013,799,1
ord_001773,1,prod_001023,sel_0042,1019,1
ord_001773,2,prod_000229,sel_0052,979,1
ord_001774,1,prod_000088,sel_0038,2762,1
ord_001775,1,prod_000493,sel_0031,31499,1
ord_001776,1,prod_000937,sel_0007,539,2
ord_001777,1,prod_000953,sel_0036,639,1
ord_001777,2,prod_000035,sel_0059,6499,1
ord_001777,3,prod_000563,sel_0049,6299,1
ord_001778,1,prod_000469,sel_0026,1709,1
ord_001779,1,prod_000809,sel_0001,1119,1
ord_001779,2,prod_000759,sel_0001,2249,1
ord_001780,1,prod_000588,sel_0039,7124,1
ord_001780,2,prod_000676,sel_0060,2099,2
ord_001781,1,prod_000462,sel_0014,26099,1
ord_001782,1,prod_000299,sel_0024,4037,1
ord_001783,1,prod_001075,sel_0025,559,1
ord_001783,2,prod_000285,sel_0059,2137,2
ord_001784,1,prod_001059,sel_0014,33999,2
ord_001785,1,prod_001016,sel_0031,399,2
ord_001786,1,prod_000210,sel_0015,974,1
ord_001786,2,prod_000698,sel_0003,1169,2
ord_001787,1,prod_000163,sel_0030,3249,2
ord_001787,2,prod_000968,sel_0055,2024,1
ord_001788,1,prod_000976,sel_0022,1199,2
ord_001789,1,prod_000479,sel_0037,2999,1
ord_001790,1,prod_001066,sel_0011,1519,2
ord_001791,1,prod_000051,sel_0007,6299,1
ord_001792,1,prod_000460,sel_0011,5749,1
ord_001793,1,prod_000536,sel_0022,1699,2
ord_001794,1,prod_000117,sel_0039,11999,1
ord_001795,1,prod_000069,sel_0033,4599,1
ord_001795,2,prod_000867,sel_0030,1912,1
ord_001796,1,prod_000845,sel_0053,824,1
ord_001797,1,prod_000497,sel_0045,40799,2
ord_001798,1,prod_000565,sel_0055,22799,1
ord_001798,2,prod_000874,sel_0002,1139,2
ord_001798,3,prod_000739,sel_0046,374,1
ord_001799,1,prod_000668,sel_0058,1749,1
ord_001800,1,prod_001007,sel_0054,319,1
ord_001801,1,prod_000525,sel_0036,974,1
ord_001802,1,prod_000125,sel_0032,9262,1
ord_001803,1,prod_000302,sel_0031,2599,1
ord_001804,1,prod_000499,sel_0041,16099,2
ord_001805,1,prod_001021,sel_0031,599,1
ord_001806,1,prod_000827,sel_0015,699,2
ord_001807,1,prod_001064,sel_0027,1359,1
ord_001808,1,prod_000072,sel_0008,1687,1
ord_001809,1,prod_000654,sel_0032,254,1
ord_001809,2,prod_000623,sel_0052,9349,1
ord_001810,1,prod_000167,sel_0005,1199,1
ord_001810,2,prod_000583,sel_0054,7199,1
ord_001811,1,prod_000099,sel_0053,1799,1
ord_001812,1,prod_000264,sel_0021,7124,1
ord_001812,2,prod_000033,sel_0014,11699,2
ord_001813,1,prod_000437,sel_0034,10499,2
ord_001813,2,prod_001051,sel_0056,974,1
ord_001814,1,prod_000364,sel_0008,2124,1
ord_001815,1,prod_000562,sel_0057,9499,2
ord_001816,1,prod_000015,sel_0039,5774,2
ord_001817,1,prod_000264,sel_0021,7124,1
ord_001817,2,prod_000459,sel_0024,3599,1
ord_001818,1,prod_000979,sel_0041,2437,1
ord_001819,1,prod_001068,sel_0030,10499,2
ord_001820,1,prod_000958,sel_0031,249,1
ord_001820,2,prod_000647,sel_0008,559,1
ord_001821,1,prod_001052,sel_0003,3999,2
ord_001822,1,prod_001071,sel_0013,4599,1
ord_001823,1,prod_000387,sel_0029,2274,2
ord_001823,2,prod_000118,sel_0028,6824,2
ord_001824,1,prod_000395,sel_0012,4312,2
ord_001824,2,prod_000694,sel_0003,1399,1
ord_001825,1,prod_000747,sel_0059,2812,1
ord_001825,2,prod_001076,sel_0008,1799,1
ord_001825,3,prod_000936,sel_0008,849,1
ord_001826,1,prod_000865,sel_0020,1199,1
ord_001826,2,prod_000749,sel_0028,629,1
ord_001827,1,prod_000265,sel_0037,3599,2
ord_001827,2,prod_001048,sel_0035,539,1
ord_001828,1,prod_000591,sel_0029,8399,1
ord_001829,1,prod_000137,sel_0059,6187,2
ord_001830,1,prod_000089,sel_0012,959,1
ord_001830,2,prod_000488,sel_0047,1439,1
ord_001831,1,prod_000040,sel_0017,719,1
ord_001831,2,prod_000452,sel_0045,3249,1
ord_001831,3,prod_000070,sel_0047,9999,1
ord_001832,1,prod_000633,sel_0057,6199,1
ord_001833,1,prod_000790,sel_0032,1119,1
ord_001833,2,prod_000935,sel_0005,2249,2
ord_001833,3,prod_000582,sel_0045,12999,1
ord_001834,1,prod_000764,sel_0027,854,2
ord_001834,2,prod_000989,sel_0040,449,1
ord_001835,1,prod_000492,sel_0048,7012,1
ord_001835,2,prod_000201,sel_0024,2999,1
ord_001835,3,prod_000192,sel_0027,1399,1
ord_001836,1,prod_000075,sel_0051,3249,1
ord_001837,1,prod_000702,sel_0008,474,2
ord_001838,1,prod_000749,sel_0028,629,1
ord_001839,1,prod_000969,sel_0025,1349,2
ord_001839,2,prod_000558,sel_0060,18199,1
ord_001840,1,prod_000611,sel_0053,1199,1
ord_001841,1,prod_000113,sel_0050,14999,1
ord_001842,1,prod_000449,sel_0012,23399,1
ord_001842,2,prod_000051,sel_0007,6299,2
ord_001842,3,prod_000337,sel_0020,1274,1
ord_001843,1,prod_000609,sel_0022,13599,1
ord_001844,1,prod_000697,sel_0013,799,2
ord_001844,2,prod_000650,sel_0033,1259,2
ord_001844,3,prod_000657,sel_0020,674,1
ord_001845,1,prod_000605,sel_0013,3999,1
ord_001845,2,prod_000887,sel_0022,1119,1
ord_001845,3,prod_000674,sel_0022,719,1
ord_001846,1,prod_000964,sel_0028,1599,2
ord_001846,2,prod_000136,sel_0014,9599,1
ord_001846,3,prod_000582,sel_0045,12999,1
ord_001847,1,prod_000448,sel_0025,3562,1
ord_001848,1,prod_000944,sel_0002,2249,1
ord_001849,1,prod_000061,sel_0011,1599,1
ord_001850,1,prod_000243,sel_0045,1709,1
ord_001850,2,prod_000785,sel_0026,839,1
ord_001850,3,prod_000156,sel_0013,1119,1
ord_001851,1,prod_001084,sel_0046,799,1
ord_001851,2,prod_000017,sel_0060,7199,1
ord_001851,3,prod_000136,sel_0014,9599,1
ord_001852,1,prod_000680,sel_0049,1039,1
ord_001852,2,prod_000466,sel_0032,11399,1
ord_001853,1,prod_000538,sel_0029,1199,1
ord_001854,1,prod_000491,sel_0048,3374,1
ord_001855,1,prod_000600,sel_0021,13999,1
ord_001856,1,prod_000616,sel_0030,14249,1
ord_001857,1,prod_000246,sel_0012,934,1
ord_001857,2,prod_000762,sel_0047,1119,2
ord_001858,1,prod_000406,sel_0035,5199,2
ord_001859,1,prod_000385,sel_0024,2374,1
ord_001860,1,prod_001017,sel_0005,639,1
ord_001861,1,prod_000046,sel_0035,6824,2
ord_001862,1,prod_000826,sel_0038,349,1
ord_001862,2,prod_000793,sel_0052,799,1
ord_001863,1,prod_000683,sel_0015,879,2
ord_001863,2,prod_000380,sel_0052,2249,1
ord_001864,1,prod_000148,sel_0040,6299,1
ord_001865,1,prod_000946,sel_0046,1199,1
ord_001866,1,prod_000147,sel_0027,13299,1
ord_001866,2,prod_000346,sel_0036,1599,2
ord_001866,3,prod_000742,sel_0011,1399,1
ord_001867,1,prod_000119,sel_0014,6199,1
ord_001867,2,prod_001070,sel_0023,11999,1
ord_001868,1,prod_000897,sel_0037,879,2
ord_001869,1,prod_001089,sel_0043,399,2
ord_001870,1,prod_000294,sel_0060,13599,2
ord_001871,1,prod_001097,sel_0042,799,2
ord_001871,2,prod_000168,sel_0025,11049,2
ord_001872,1,prod_000352,sel_0011,1044,1
ord_001873,1,prod_000418,sel_0028,8549,1
ord_001873,2,prod_001061,sel_0015,7999,1
ord_001874,1,prod_000738,sel_0039,599,1
ord_001874,2,prod_000830,sel_0041,1199,1
ord_001875,1,prod_000167,sel_0005,1199,2
ord_001876,1,prod_000534,sel_0014,2437,1
ord_001876,2,prod_000491,sel_0048,3374,1
ord_001876,3,prod_000590,sel_0010,4037,2
ord_001877,1,prod_000864,sel_0055,1912,1
ord_001878,1,prod_000885,sel_0008,759,1
ord_001879,1,prod_000732,sel_0029,1519,1
ord_001880,1,prod_000157,sel_0057,1999,2
ord_001880,2,prod_000534,sel_0014,2437,1
ord_001881,1,prod_000806,sel_0032,349,1
ord_001881,2,prod_000159,sel_0049,1599,1
ord_001882,1,prod_000648,sel_0033,1199,1
ord_001883,1,prod_000215,sel_0035,1044,2
ord_001884,1,prod_000814,sel_0053,1079,2
ord_001885,1,prod_000122,sel_0048,11249,1
ord_001885,2,prod_000134,sel_0016,34849,2
ord_001886,1,prod_001049,sel_0009,1574,1
ord_001887,1,prod_000335,sel_0042,1139,1
ord_001887,2,prod_000886,sel_0005,1044,1
ord_001888,1,prod_001004,sel_0025,679,1
ord_001889,1,prod_000013,sel_0009,2699,1
ord_001889,2,prod_000130,sel_0001,12799,1
ord_001890,1,prod_001090,sel_0031,699,2
ord_001890,2,prod_000475,sel_0040,1614,1
ord_001890,3,prod_000296,sel_0054,7599,1
ord_001891,1,prod_000017,sel_0060,7199,1
ord_001892,1,prod_000920,sel_0019,799,1
ord_001893,1,prod_000643,sel_0026,4887,1
ord_001894,1,prod_000177,sel_0003,1999,1
ord_001894,2,prod_000806,sel_0032,349,1
ord_001895,1,prod_000673,sel_0006,427,1
ord_001896,1,prod_000988,sel_0048,524,2
ord_001896,2,prod_000491,sel_0048,3374,1
ord_001896,3,prod_000377,sel_0012,1999,1
ord_001897,1,prod_000884,sel_0044,759,1
ord_001897,2,prod_001070,sel_0023,11999,2
ord_001898,1,prod_000044,sel_0038,4599,1
ord_001898,2,prod_000883,sel_0015,2249,1
ord_001899,1,prod_000140,sel_0058,5624,2
ord_001899,2,prod_000018,sel_0049,18999,1
ord_001900,1,prod_001030,sel_0003,854,1
ord_001900,2,prod_001061,sel_0015,7999,1
ord_001901,1,prod_000864,sel_0055,1912,1
ord_001901,2,prod_000009,sel_0014,1399,1
ord_001901,3,prod_000049,sel_0060,1349,1
ord_001902,1,prod_000413,sel_0014,4274,1
ord_001903,1,prod_000687,sel_0021,1279,1
ord_001904,1,prod_000689,sel_0034,314,2
ord_001904,2,prod_000761,sel_0032,639,2
ord_001904,3,prod_000538,sel_0029,1199,1
ord_001905,1,prod_000701,sel_0011,1329,1
ord_001906,1,prod_000407,sel_0050,3824,1
ord_001906,2,prod_000816,sel_0031,769,1
ord_001907,1,prod_000279,sel_0027,4599,2
ord_001907,2,prod_000150,sel_0057,8549,1
ord_001907,3,prod_000751,sel_0024,1199,1
ord_001908,1,prod_001035,sel_0029,674,1
ord_001908,2,prod_001039,sel_0018,989,1
ord_001909,1,prod_000648,sel_0033,1199,1
ord_001910,1,prod_000862,sel_0050,824,1
ord_001911,1,prod_000512,sel_0006,509,1
ord_001912,1,prod_000674,sel_0022,719,1
ord_001912,2,prod_001055,sel_0029,2924,1
ord_001913,1,prod_000207,sel_0055,2249,1
ord_001914,1,prod_000263,sel_0006,4999,2
ord_001915,1,prod_000202,sel_0006,3499,1
ord_001915,2,prod_000040,sel_0017,719,1
ord_001916,1,prod_000913,sel_0046,1139,1
ord_001917,1,prod_000246,sel_0012,934,1
ord_001917,2,prod_001040,sel_0007,2449,2
ord_001918,1,prod_000026,sel_0019,3399,1
ord_001918,2,prod_000772,sel_0022,594,1
ord_001919,1,prod_000901,sel_0021,759,1
ord_001920,1,prod_000018,sel_0049,18999,1
ord_001920,2,prod_001071,sel_0013,4599,1
ord_001921,1,prod_000975,sel_0022,1599,1
ord_001922,1,prod_000404,sel_0035,4749,1
ord_001922,2,prod_000477,sel_0006,5074,1
ord_001923,1,prod_000514,sel_0033,2062,1
ord_001923,2,prod_000728,sel_0050,599,1
ord_001924,1,prod_000435,sel_0029,10199,1
ord_001924,2,prod_000306,sel_0048,2024,2
ord_001924,3,prod_000573,sel_0013,17099,1
ord_001925,1,prod_000901,sel_0021,759,2
ord_001926,1,prod_000550,sel_0033,2399,1
ord_001926,2,prod_000658,sel_0008,13299,1
ord_001927,1,prod_000045,sel_0036,879,1
ord_001927,2,prod_000323,sel_0051,699,1
ord_001927,3,prod_000704,sel_0042,1199,1
ord_001928,1,prod_000272,sel_0010,4887,1
ord_001929,1,prod_000873,sel_0029,1599,2
ord_001929,2,prod_000680,sel_0049,1039,2
ord_001929,3,prod_000923,sel_0015,449,1
ord_001930,1,prod_000407,sel_0050,3824,1
ord_001931,1,prod_000907,sel_0024,1079,1
ord_001931,2,prod_000660,sel_0037,799,1
ord_001932,1,prod_000701,sel_0011,1329,2
ord_001933,1,prod_000688,sel_0057,1359,2
ord_001933,2,prod_000282,sel_0024,4599,1
ord_001934,1,prod_000245,sel_0050,2799,2
ord_001934,2,prod_000804,sel_0010,639,1
ord_001934,3,prod_000288,sel_0033,18699,1
ord_001935,1,prod_000664,sel_0042,934,2
ord_001936,1,prod_000635,sel_0056,1279,2
ord_001937,1,prod_000483,sel_0033,8999,1
ord_001938,1,prod_000064,sel_0009,2762,1
ord_001939,1,prod_000043,sel_0020,2612,1
ord_001940,1,prod_000964,sel_0028,1599,1
ord_001940,2,prod_000722,sel_0009,759,1
ord_001941,1,prod_000703,sel_0019,799,2
ord_001942,1,prod_000831,sel_0023,1424,2
ord_001942,2,prod_000942,sel_0051,1999,1
ord_001943,1,prod_000934,sel_0032,2374,1
ord_001943,2,prod_000632,sel_0001,3149,2
ord_001943,3,prod_000890,sel_0049,1439,1
ord_001944,1,prod_000992,sel_0005,699,1
ord_001944,2,prod_000845,sel_0053,824,2
ord_001945,1,prod_000369,sel_0059,3824,1
ord_001946,1,prod_000027,sel_0046,11049,1
ord_001946,2,prod_000651,sel_0038,1499,2
ord_001947,1,prod_000603,sel_0006,15199,1
ord_001947,2,prod_001030,sel_0003,854,1
ord_001948,1,prod_000970,sel_0056,4274,1
ord_001948,2,prod_000389,sel_0052,3999,2
ord_001948,3,prod_000097,sel_0052,35249,1
ord_001949,1,prod_000262,sel_0015,19599,1
ord_001949,2,prod_000411,sel_0002,1799,1
ord_001950,1,prod_000379,sel_0010,3149,2
ord_001951,1,prod_000240,sel_0046,1049,1
ord_001952,1,prod_000325,sel_0040,2437,1
ord_001952,2,prod_000580,sel_0051,9499,1
ord_001952,3,prod_000380,sel_0052,2249,1
ord_001953,1,prod_000742,sel_0011,1399,1
ord_001954,1,prod_000235,sel_0054,9099,2
ord_001955,1,prod_001078,sel_0035,3749,1
ord_001956,1,prod_000468,sel_0025,13999,1
ord_001956,2,prod_000564,sel_0033,6999,1
ord_001957,1,prod_000313,sel_0046,1399,2
ord_001958,1,prod_000033,sel_0014,11699,2
ord_001959,1,prod_000375,sel_0012,1519,2
ord_001959,2,prod_000064,sel_0009,2762,2
ord_001960,1,prod_000173,sel_0059,569,1
ord_001960,2,prod_000122,sel_0048,11249,1
ord_001961,1,prod_000203,sel_0041,15199,2
ord_001962,1,prod_000387,sel_0029,2274,1
ord_001962,2,prod_000624,sel_0014,629,1
ord_001963,1,prod_000616,sel_0030,14249,1
ord_001964,1,prod_000075,sel_0051,3249,1
ord_001964,2,prod_000273,sel_0032,14399,1
ord_001964,3,prod_000008,sel_0003,1924,1
ord_001965,1,prod_001002,sel_0008,2199,2
ord_001965,2,prod_000405,sel_0018,3399,1
ord_001966,1,prod_000370,sel_0015,1039,1
ord_001967,1,prod_000833,sel_0006,719,1
ord_001968,1,prod_000322,sel_0040,1599,2
ord_001969,1,prod_000987,sel_0030,879,1
ord_001970,1,prod_000699,sel_0037,1199,2
ord_001971,1,prod_001054,sel_0043,3799,1
ord_001972,1,prod_000908,sel_0053,269,1
ord_001973,1,prod_000297,sel_0034,5174,1
ord_001973,2,prod_000138,sel_0013,14249,1
ord_001974,1,prod_000213,sel_0053,16149,1
ord_001975,1,prod_000801,sel_0039,2249,1
ord_001975,2,prod_000624,sel_0014,629,1
ord_001975,3,prod_001027,sel_0033,719,2
ord_001976,1,prod_000882,sel_0019,629,2
ord_001976,2,prod_000137,sel_0059,6187,1
ord_001977,1,prod_000294,sel_0060,13599,1
ord_001978,1,prod_000080,sel_0037,1119,1
ord_001978,2,prod_000076,sel_0046,4499,1
ord_001978,3,prod_001029,sel_0040,749,1
ord_001979,1,prod_001038,sel_0052,2124,2
ord_001980,1,prod_000179,sel_0037,2474,1
ord_001981,1,prod_000737,sel_0013,2124,2
ord_001981,2,prod_000979,sel_0041,2437,1
ord_001981,3,prod_000784,sel_0060,2799,1
ord_001982,1,prod_000526,sel_0060,599,2
ord_001983,1,prod_000296,sel_0054,7599,1
ord_001983,2,prod_000131,sel_0028,7199,1
ord_001983,3,prod_000481,sel_0004,5999,1
ord_001984,1,prod_000260,sel_0001,6399,1
ord_001984,2,prod_000034,sel_0051,1199,1
ord_001985,1,prod_000252,sel_0048,8249,1
ord_001986,1,prod_000176,sel_0006,719,1
ord_001987,1,prod_000642,sel_0003,3187,1
ord_001987,2,prod_000992,sel_0005,699,1
ord_001988,1,prod_000636,sel_0016,3324,1
ord_001988,2,prod_000279,sel_0027,4599,1
ord_001989,1,prod_000969,sel_0025,1349,1
ord_001989,2,prod_000185,sel_0037,1199,1
ord_001990,1,prod_000413,sel_0014,4274,1
ord_001990,2,prod_000284,sel_0060,5949,1
ord_001991,1,prod_001021,sel_0031,599,1
ord_001991,2,prod_000041,sel_0018,3849,1
ord_001991,3,prod_000130,sel_0001,12799,1
ord_001992,1,prod_000904,sel_0035,1519,1
ord_001993,1,prod_000730,sel_0018,509,1
ord_001994,1,prod_000947,sel_0055,1799,1
ord_001994,2,prod_000039,sel_0020,1049,2
ord_001995,1,prod_000545,sel_0057,3562,2
ord_001996,1,prod_000765,sel_0001,1519,1
ord_001997,1,prod_000072,sel_0008,1687,1
ord_001998,1,prod_000127,sel_0016,22499,1
ord_001999,1,prod_000952,sel_0038,419,1
ord_002000,1,prod_000898,sel_0035,399,2
ord_002001,1,prod_000872,sel_0041,1099,1
ord_002001,2,prod_000338,sel_0041,1199,1
ord_002002,1,prod_000064,sel_0009,2762,1
ord_002003,1,prod_000874,sel_0002,1139,1
ord_002003,2,prod_001020,sel_0024,799,1
ord_002003,3,prod_000406,sel_0035,5199,1
ord_002004,1,prod_000453,sel_0018,3612,1
ord_002004,2,prod_000372,sel_0013,2437,1
ord_002004,3,prod_001072,sel_0051,899,1
ord_002005,1,prod_000018,sel_0049,18999,1
ord_002005,2,prod_000506,sel_0018,1999,1
ord_002005,3,prod_001065,sel_0001,2699,2
ord_002006,1,prod_000645,sel_0040,4999,1
ord_002007,1,prod_000366,sel_0048,979,1
ord_002008,1,prod_000586,sel_0012,13599,1
ord_002008,2,prod_000046,sel_0035,6824,1
ord_002009,1,prod_000686,sel_0012,1104,1
ord_002010,1,prod_000585,sel_0034,3749,1
ord_002011,1,prod_000380,sel_0052,2249,1
ord_002012,1,prod_000145,sel_0035,7862,1
ord_002012,2,prod_000236,sel_0042,1924,1
ord_002013,1,prod_000161,sel_0053,639,2
ord_002014,1,prod_000453,sel_0018,3612,2
ord_002014,2,prod_000423,sel_0008,21999,1
ord_002015,1,prod_000892,sel_0045,899,1
ord_002015,2,prod_000276,sel_0054,1999,1
ord_002016,1,prod_000512,sel_0006,509,1
ord_002017,1,prod_000388,sel_0008,2124,1
ord_002018,1,prod_000565,sel_0055,22799,1
ord_002018,2,prod_000229,sel_0052,979,1
ord_002018,3,prod_000153,sel_0047,2999,1
ord_002019,1,prod_000641,sel_0019,7799,1
ord_002020,1,prod_000717,sel_0043,1519,1
ord_002020,2,prod_000534,sel_0014,2437,1
ord_002021,1,prod_001027,sel_0033,719,1
ord_002022,1,prod_000965,sel_0053,854,1
ord_002023,1,prod_000506,sel_0018,1999,2
ord_002024,1,prod_000623,sel_0052,9349,1
ord_002025,1,prod_000123,sel_0029,10499,1
ord_002025,2,prod_001053,sel_0055,30749,1
ord_002026,1,prod_000575,sel_0038,3324,1
ord_002027,1,prod_001056,sel_0058,2924,2
ord_002028,1,prod_001055,sel_0029,2924,2
ord_002028,2,prod_000051,sel_0007,6299,2
ord_002029,1,prod_000417,sel_0033,5949,2
ord_002029,2,prod_000702,sel_0008,474,2
ord_002030,1,prod_000502,sel_0003,9349,1
ord_002031,1,prod_000427,sel_0023,4887,2
ord_002031,2,prod_000582,sel_0045,12999,1
ord_002031,3,prod_000418,sel_0028,8549,1
ord_002032,1,prod_000997,sel_0030,3499,1
ord_002032,2,prod_000615,sel_0034,5774,2
ord_002033,1,prod_000030,sel_0044,2437,1
ord_002034,1,prod_000750,sel_0014,2699,1
ord_002034,2,prod_000415,sel_0019,2474,1
ord_002035,1,prod_000567,sel_0032,11899,1
ord_002036,1,prod_000335,sel_0042,1139,1
ord_002037,1,prod_000376,sel_0007,2249,1
ord_002037,2,prod_000863,sel_0032,1274,1
ord_002038,1,prod_000499,sel_0041,16099,1
ord_002039,1,prod_000430,sel_0018,2999,1
ord_002040,1,prod_000002,sel_0037,4462,1
ord_002040,2,prod_000724,sel_0024,1049,1
ord_002040,3,prod_000471,sel_0029,6999,2
ord_002041,1,prod_000469,sel_0026,1709,2
ord_002041,2,prod_001089,sel_0043,399,1
ord_002042,1,prod_000372,sel_0013,2437,1
ord_002043,1,prod_000222,sel_0019,3199,2
ord_002043,2,prod_000241,sel_0026,339,1
ord_002043,3,prod_000649,sel_0047,7124,1
ord_002044,1,prod_000478,sel_0057,36399,2
ord_002045,1,prod_000259,sel_0019,21599,2
ord_002046,1,prod_000183,sel_0010,539,2
ord_002047,1,prod_000626,sel_0003,4312,1
ord_002048,1,prod_000137,sel_0059,6187,1
ord_002048,2,prod_000891,sel_0043,719,1
ord_002049,1,prod_000654,sel_0032,254,1
ord_002049,2,prod_001050,sel_0018,1439,1
ord_002050,1,prod_000709,sel_0051,319,1
ord_002050,2,prod_000634,sel_0012,1119,1
ord_002050,3,prod_000782,sel_0030,719,1
ord_002051,1,prod_000989,sel_0040,449,1
ord_002052,1,prod_000317,sel_0059,2449,1
ord_002053,1,prod_000256,sel_0031,5174,1
ord_002054,1,prod_000927,sel_0057,1139,1
ord_002054,2,prod_001030,sel_0003,854,1
ord_002055,1,prod_000210,sel_0015,974,1
ord_002056,1,prod_000616,sel_0030,14249,2
ord_002056,2,prod_000791,sel_0008,2124,1
ord_002056,3,prod_000179,sel_0037,2474,2
ord_002057,1,prod_000956,sel_0016,1199,1
ord_002057,2,prod_001094,sel_0055,594,1
ord_002058,1,prod_000414,sel_0012,3849,2
ord_002058,2,prod_000549,sel_0019,2924,1
ord_002058,3,prod_000460,sel_0011,5749,1
ord_002059,1,prod_000157,sel_0057,1999,2
ord_002059,2,prod_000839,sel_0018,1359,1
ord_002059,3,prod_001004,sel_0025,679,1
ord_002060,1,prod_000808,sel_0017,479,1
ord_002060,2,prod_000264,sel_0021,7124,1
ord_002060,3,prod_000961,sel_0054,899,1
ord_002061,1,prod_000735,sel_0013,1099,1
ord_002061,2,prod_000777,sel_0029,1329,2
ord_002061,3,prod_000580,sel_0051,9499,1
ord_002062,1,prod_000781,sel_0005,2249,1
ord_002062,2,prod_000220,sel_0055,719,1
ord_002062,3,prod_000949,sel_0051,2124,1
ord_002063,1,prod_001018,sel_0026,854,1
ord_002064,1,prod_000196,sel_0022,719,1
ord_002065,1,prod_001099,sel_0030,1259,1
ord_002065,2,prod_000153,sel_0047,2999,1
ord_002066,1,prod_000694,sel_0003,1399,2
ord_002066,2,prod_000985,sel_0038,3849,2
ord_002067,1,prod_000183,sel_0010,539,2
ord_002068,1,prod_000845,sel_0053,824,1
ord_002068,2,prod_000733,sel_0041,2124,1
ord_002069,1,prod_000421,sel_0033,2249,1
ord_002070,1,prod_001041,sel_0060,2612,1
ord_002070,2,prod_000604,sel_0055,2024,1
ord_002071,1,prod_000342,sel_0024,849,2
ord_002072,1,prod_000415,sel_0019,2474,1
ord_002073,1,prod_000870,sel_0050,1614,1
ord_002073,2,prod_000147,sel_0027,13299,1
ord_002073,3,prod_000455,sel_0029,3199,1
ord_002074,1,prod_000628,sel_0051,4462,1
ord_002074,2,prod_000613,sel_0047,4312,1
ord_002074,3,prod_000265,sel_0037,3599,1
ord_002075,1,prod_000156,sel_0013,1119,1
ord_002075,2,prod_001070,sel_0023,11999,2
ord_002076,1,prod_000733,sel_0041,2124,1
ord_002077,1,prod_000495,sel_0031,6374,1
ord_002078,1,prod_000872,sel_0041,1099,1
ord_002079,1,prod_000396,sel_0013,2124,1
ord_002079,2,prod_000803,sel_0054,2249,1
ord_002079,3,prod_000251,sel_0002,38949,2
ord_002080,1,prod_000214,sel_0003,2999,1
ord_002081,1,prod_000878,sel_0031,489,1
ord_002081,2,prod_000163,sel_0030,3249,2
ord_002082,1,prod_000134,sel_0016,34849,2
ord_002082,2,prod_000732,sel_0029,1519,1
ord_002082,3,prod_000120,sel_0052,16999,1
ord_002083,1,prod_000413,sel_0014,4274,1
ord_002084,1,prod_000258,sel_0051,10449,2
ord_002085,1,prod_000305,sel_0054,1049,1
ord_002085,2,prod_000106,sel_0039,11399,1
ord_002086,1,prod_000521,sel_0020,3187,1
ord_002086,2,prod_000595,sel_0016,2924,2
ord_002087,1,prod_000114,sel_0014,5437,2
ord_002088,1,prod_000039,sel_0020,1049,1
ord_002088,2,prod_001023,sel_0042,1019,2
ord_002088,3,prod_000429,sel_0048,6299,1
ord_002089,1,prod_000466,sel_0032,11399,1
ord_002089,2,prod_000548,sel_0046,749,1
ord_002090,1,prod_000517,sel_0033,2749,1
ord_002091,1,prod_000858,sel_0058,1329,1
ord_002092,1,prod_000042,sel_0037,1439,1
ord_002092,2,prod_000540,sel_0016,1499,1
ord_002093,1,prod_000083,sel_0009,1189,2
ord_002093,2,prod_000497,sel_0045,40799,2
ord_002094,1,prod_000623,sel_0052,9349,1
ord_002094,2,prod_000207,sel_0055,2249,2
ord_002095,1,prod_000557,sel_0023,2799,1
ord_002096,1,prod_000129,sel_0018,23999,1
ord_002097,1,prod_001086,sel_0006,449,1
ord_002098,1,prod_000194,sel_0049,359,1
ord_002098,2,prod_000296,sel_0054,7599,1
ord_002099,1,prod_000002,sel_0037,4462,1
ord_002100,1,prod_000716,sel_0014,539,2
ord_002100,2,prod_000590,sel_0010,4037,1
ord_002100,3,prod_000473,sel_0030,20299,2
ord_002101,1,prod_000752,sel_0035,262,1
ord_002102,1,prod_000573,sel_0013,17099,1
ord_002103,1,prod_000727,sel_0035,1599,1
ord_002104,1,prod_000523,sel_0023,26999,1
ord_002104,2,prod_001077,sel_0036,262,1
ord_002105,1,prod_000422,sel_0028,8999,1
ord_002105,2,prod_000164,sel_0040,2437,1
ord_002106,1,prod_000620,sel_0017,1019,1
ord_002107,1,prod_000435,sel_0029,10199,2
ord_002108,1,prod_000718,sel_0029,489,1
ord_002108,2,prod_000302,sel_0031,2599,1
ord_002108,3,prod_000861,sel_0034,1274,1
ord_002109,1,prod_000620,sel_0017,1019,2
ord_002109,2,prod_000280,sel_0033,4599,1
ord_002109,3,prod_000740,sel_0058,1912,1
ord_002110,1,prod_001017,sel_0005,639,1
ord_002110,2,prod_001092,sel_0026,559,1
ord_002111,1,prod_000333,sel_0052,1499,1
ord_002111,2,prod_000181,sel_0020,1439,1
ord_002111,3,prod_000629,sel_0013,71399,2
ord_002112,1,prod_000952,sel_0038,419,2
ord_002112,2,prod_000631,sel_0026,8774,1
ord_002113,1,prod_000288,sel_0033,18699,1
ord_002114,1,prod_000155,sel_0005,1079,1
ord_002115,1,prod_000164,sel_0040,2437,1
ord_002116,1,prod_000514,sel_0033,2062,1
ord_002116,2,prod_000351,sel_0055,1687,1
ord_002117,1,prod_000435,sel_0029,10199,1
ord_002117,2,prod_000589,sel_0002,8287,1
ord_002117,3,prod_000533,sel_0014,599,1
ord_002118,1,prod_000536,sel_0022,1699,1
ord_002118,2,prod_000906,sel_0044,699,1
ord_002119,1,prod_000604,sel_0055,2024,1
ord_002119,2,prod_001037,sel_0042,349,1
ord_002119,3,prod_000333,sel_0052,1499,1
ord_002120,1,prod_000766,sel_0031,899,1
ord_002120,2,prod_000324,sel_0050,1599,2
ord_002121,1,prod_000909,sel_0032,559,1
ord_002121,2,prod_001007,sel_0054,319,1
ord_002121,3,prod_000826,sel_0038,349,1
ord_002122,1,prod_000140,sel_0058,5624,1
ord_002123,1,prod_000837,sel_0040,1119,1
ord_002123,2,prod_000159,sel_0049,1599,1
ord_002123,3,prod_000661,sel_0032,639,1
ord_002124,1,prod_000131,sel_0028,7199,1
ord_002125,1,prod_000102,sel_0048,4599,1
ord_002126,1,prod_000229,sel_0052,979,2
ord_002127,1,prod_000489,sel_0043,2199,2
ord_002127,2,prod_000661,sel_0032,639,1
ord_002127,3,prod_001035,sel_0029,674,1
ord_002128,1,prod_000353,sel_0039,1874,1
ord_002128,2,prod_000299,sel_0024,4037,1
ord_002128,3,prod_000277,sel_0060,8999,1
ord_002129,1,prod_000389,sel_0052,3999,2
ord_002129,2,prod_000291,sel_0001,13599,2
ord_002130,1,prod_000979,sel_0041,2437,1
ord_002131,1,prod_000479,sel_0037,2999,1
ord_002131,2,prod_000308,sel_0038,1399,2
ord_002132,1,prod_000502,sel_0003,9349,1
ord_002132,2,prod_000425,sel_0029,11999,1
ord_002132,3,prod_000932,sel_0032,1614,1
ord_002133,1,prod_000341,sel_0022,2249,1
ord_002134,1,prod_000131,sel_0028,7199,2
ord_002134,2,prod_000083,sel_0009,1189,1
ord_002135,1,prod_000744,sel_0049,1104,1
ord_002135,2,prod_000740,sel_0058,1912,1
ord_002136,1,prod_001039,sel_0018,989,1
ord_002136,2,prod_000700,sel_0008,1119,1
ord_002137,1,prod_000762,sel_0047,1119,2
ord_002138,1,prod_000857,sel_0009,2249,1
ord_002138,2,prod_000460,sel_0011,5749,1
ord_002139,1,prod_000387,sel_0029,2274,1
ord_002140,1,prod_000958,sel_0031,249,1
ord_002140,2,prod_000431,sel_0038,4499,1
ord_002141,1,prod_000847,sel_0025,1799,1
ord_002142,1,prod_000878,sel_0031,489,2
ord_002142,2,prod_000086,sel_0025,1749,1
ord_002142,3,prod_000228,sel_0009,1039,1
ord_002143,1,prod_000871,sel_0037,1099,2
ord_002143,2,prod_000310,sel_0008,1439,2
ord_002144,1,prod_000478,sel_0057,36399,1
ord_002144,2,prod_000676,sel_0060,2099,1
ord_002145,1,prod_000803,sel_0054,2249,1
ord_002146,1,prod_000323,sel_0051,699,2
ord_002147,1,prod_000266,sel_0001,3249,2
ord_002147,2,prod_000219,sel_0018,1329,1
ord_002148,1,prod_000300,sel_0025,3499,1
ord_002149,1,prod_000380,sel_0052,2249,2
ord_002150,1,prod_001061,sel_0015,7999,1
ord_002151,1,prod_000781,sel_0005,2249,1
ord_002152,1,prod_000975,sel_0022,1599,1
ord_002152,2,prod_000846,sel_0040,2999,1
ord_002153,1,prod_000124,sel_0026,17999,1
ord_002154,1,prod_000026,sel_0019,3399,1
ord_002155,1,prod_000088,sel_0038,2762,1
ord_002155,2,prod_000625,sel_0022,4249,2
ord_002156,1,prod_000865,sel_0020,1199,1
ord_002157,1,prod_000758,sel_0029,949,1
ord_002157,2,prod_000213,sel_0053,16149,1
ord_002158,1,prod_000491,sel_0048,3374,1
ord_002159,1,prod_001069,sel_0035,1424,1
ord_002160,1,prod_000988,sel_0048,524,1
ord_002160,2,prod_000623,sel_0052,9349,2
ord_002161,1,prod_000776,sel_0046,1519,2
ord_002161,2,prod_000001,sel_0036,1874,1
ord_002161,3,prod_000946,sel_0046,1199,2
ord_002162,1,prod_000647,sel_0008,559,2
ord_002163,1,prod_000275,sel_0057,18399,1
ord_002163,2,prod_000371,sel_0003,1749,2
ord_002164,1,prod_000415,sel_0019,2474,1
ord_002164,2,prod_000372,sel_0013,2437,2
ord_002165,1,prod_000686,sel_0012,1104,1
ord_002166,1,prod_000245,sel_0050,2799,1
ord_002167,1,prod_000194,sel_0049,359,1
ord_002168,1,prod_000514,sel_0033,2062,1
ord_002169,1,prod_000881,sel_0040,1104,2
ord_002170,1,prod_000054,sel_0040,719,1
ord_002171,1,prod_000166,sel_0017,524,1
ord_002172,1,prod_000282,sel_0024,4599,1
ord_002172,2,prod_000528,sel_0036,1439,1
ord_002172,3,prod_000161,sel_0053,639,2
ord_002173,1,prod_000794,sel_0005,4037,2
ord_002173,2,prod_000143,sel_0014,7799,1
ord_002173,3,prod_000352,sel_0011,1044,1
ord_002174,1,prod_000048,sel_0005,719,2
ord_002175,1,prod_000585,sel_0034,3749,2
ord_002175,2,prod_000031,sel_0027,599,1
ord_002175,3,prod_000887,sel_0022,1119,1
ord_002176,1,prod_000436,sel_0041,10799,1
ord_002177,1,prod_000571,sel_0056,2612,2
ord_002178,1,prod_000286,sel_0014,27999,1
ord_002178,2,prod_000206,sel_0046,2024,1
ord_002179,1,prod_000114,sel_0014,5437,2
ord_002179,2,prod_001022,sel_0036,599,2
ord_002180,1,prod_000286,sel_0014,27999,1
ord_002181,1,prod_000196,sel_0022,719,1
ord_002182,1,prod_000813,sel_0033,509,2
ord_002182,2,prod_000770,sel_0032,599,1
ord_002182,3,prod_000573,sel_0013,17099,2
ord_002183,1,prod_000054,sel_0040,719,2
ord_002184,1,prod_000380,sel_0052,2249,1
ord_002185,1,prod_000221,sel_0049,1349,2
ord_002186,1,prod_000046,sel_0035,6824,1
ord_002187,1,prod_001042,sel_0014,749,1
ord_002188,1,prod_000816,sel_0031,769,1
ord_002189,1,prod_000213,sel_0053,16149,1
ord_002190,1,prod_000060,sel_0026,1099,1
ord_002190,2,prod_000495,sel_0031,6374,1
ord_002191,1,prod_000892,sel_0045,899,1
ord_002192,1,prod_000825,sel_0029,1349,1
ord_002192,2,prod_000162,sel_0036,854,2
ord_002192,3,prod_000923,sel_0015,449,2
ord_002193,1,prod_000046,sel_0035,6824,1
ord_002193,2,prod_000581,sel_0002,12349,1
ord_002194,1,prod_000027,sel_0046,11049,1
ord_002195,1,prod_000975,sel_0022,1599,1
ord_002195,2,prod_000185,sel_0037,1199,2
ord_002195,3,prod_000326,sel_0055,824,1
ord_002196,1,prod_000508,sel_0058,2399,1
ord_002197,1,prod_000042,sel_0037,1439,1
ord_002197,2,prod_000809,sel_0001,1119,1
ord_002198,1,prod_000567,sel_0032,11899,1
ord_002198,2,prod_000314,sel_0012,8549,2
ord_002199,1,prod_000465,sel_0047,20299,1
ord_002199,2,prod_000590,sel_0010,4037,1
ord_002199,3,prod_000994,sel_0043,359,1
ord_002200,1,prod_000675,sel_0057,1699,2
ord_002200,2,prod_000490,sel_0024,2749,2
ord_002201,1,prod_000517,sel_0033,2749,1
ord_002201,2,prod_000691,sel_0055,664,2
ord_002202,1,prod_001018,sel_0026,854,1
ord_002202,2,prod_000881,sel_0040,1104,1
ord_002203,1,prod_000468,sel_0025,13999,2
ord_002204,1,prod_000260,sel_0001,6399,1
ord_002205,1,prod_000203,sel_0041,15199,1
ord_002206,1,prod_000999,sel_0019,314,1
ord_002207,1,prod_000601,sel_0005,17599,2
ord_002208,1,prod_000164,sel_0040,2437,1
ord_002209,1,prod_000942,sel_0051,1999,2
ord_002210,1,prod_001047,sel_0058,10499,1
ord_002211,1,prod_000798,sel_0028,3324,1
ord_002212,1,prod_000015,sel_0039,5774,2
ord_002213,1,prod_000457,sel_0017,1529,2
ord_002213,2,prod_000152,sel_0032,629,1
ord_002214,1,prod_000418,sel_0028,8549,1
ord_002214,2,prod_000830,sel_0041,1199,1
ord_002215,1,prod_000428,sel_0022,11999,1
ord_002216,1,prod_000854,sel_0035,1049,1
ord_002216,2,prod_000869,sel_0017,759,1
ord_002216,3,prod_000820,sel_0048,1999,1
ord_002217,1,prod_000367,sel_0044,3399,1
ord_002218,1,prod_001022,sel_0036,599,1
ord_002218,2,prod_000714,sel_0039,2474,1
ord_002218,3,prod_000763,sel_0037,899,2
ord_002219,1,prod_000236,sel_0042,1924,1
ord_002219,2,prod_000104,sel_0006,6374,1
ord_002219,3,prod_000869,sel_0017,759,1
ord_002220,1,prod_000606,sel_0022,9262,1
ord_002220,2,prod_000419,sel_0026,10449,1
ord_002221,1,prod_000334,sel_0037,2337,1
ord_002222,1,prod_001063,sel_0001,769,2
ord_002222,2,prod_000020,sel_0020,1439,2
ord_002222,3,prod_000012,sel_0015,664,1
ord_002223,1,prod_000737,sel_0013,2124,1
ord_002223,2,prod_000159,sel_0049,1599,2
ord_002223,3,prod_000661,sel_0032,639,1
ord_002224,1,prod_000933,sel_0038,749,2
ord_002224,2,prod_000774,sel_0056,799,1
ord_002224,3,prod_000131,sel_0028,7199,1
ord_002225,1,prod_000133,sel_0055,17249,1
ord_002225,2,prod_001044,sel_0002,899,1
ord_002226,1,prod_000279,sel_0027,4599,1
ord_002226,2,prod_000017,sel_0060,7199,1
ord_002226,3,prod_000378,sel_0060,2762,1
ord_002227,1,prod_000598,sel_0006,12599,1
ord_002228,1,prod_000191,sel_0012,2374,1
ord_002228,2,prod_001041,sel_0060,2612,1
ord_002229,1,prod_000278,sel_0055,2337,2
ord_002230,1,prod_000269,sel_0035,19799,2
ord_002230,2,prod_001021,sel_0031,599,1
ord_002231,1,prod_000973,sel_0009,3599,1
ord_002232,1,prod_000464,sel_0034,2599,1
ord_002233,1,prod_000442,sel_0043,6599,1
ord_002234,1,prod_000298,sel_0033,2624,1
ord_002234,2,prod_000374,sel_0043,524,2
ord_002235,1,prod_000903,sel_0039,699,1
ord_002236,1,prod_000187,sel_0052,14399,1
ord_002236,2,prod_000467,sel_0011,42999,1
ord_002237,1,prod_000731,sel_0018,539,1
ord_002238,1,prod_000007,sel_0051,2124,1
ord_002239,1,prod_000418,sel_0028,8549,1
ord_002239,2,prod_000087,sel_0057,11999,1
ord_002240,1,prod_000352,sel_0011,1044,1
ord_002241,1,prod_000057,sel_0046,1574,1
ord_002241,2,prod_000608,sel_0020,1574,1
ord_002242,1,prod_000294,sel_0060,13599,2
ord_002243,1,prod_000084,sel_0048,679,1
ord_002244,1,prod_000386,sel_0036,1574,1
ord_002244,2,prod_000594,sel_0009,11999,2
ord_002244,3,prod_000080,sel_0037,1119,1
ord_002245,1,prod_000240,sel_0046,1049,1
ord_002246,1,prod_000594,sel_0009,11999,2
ord_002246,2,prod_000969,sel_0025,1349,1
ord_002247,1,prod_000972,sel_0058,539,1
ord_002247,2,prod_001000,sel_0029,2437,1
ord_002248,1,prod_000770,sel_0032,599,2
ord_002248,2,prod_000795,sel_0060,1169,1
ord_002249,1,prod_000576,sel_0040,4749,2
ord_002250,1,prod_000028,sel_0048,599,2
ord_002251,1,prod_000121,sel_0049,10449,2
ord_002252,1,prod_000862,sel_0050,824,1
ord_002253,1,prod_000724,sel_0024,1049,1
ord_002254,1,prod_000710,sel_0018,1199,1
ord_002255,1,prod_000460,sel_0011,5749,1
ord_002255,2,prod_001097,sel_0042,799,1
ord_002256,1,prod_000395,sel_0012,4312,2
ord_002257,1,prod_000989,sel_0040,449,1
ord_002257,2,prod_000316,sel_0023,3087,1
ord_002258,1,prod_000394,sel_0005,764,1
ord_002259,1,prod_000092,sel_0014,1169,1
ord_002260,1,prod_000483,sel_0033,8999,1
ord_002261,1,prod_000207,sel_0055,2249,2
ord_002261,2,prod_000861,sel_0034,1274,1
ord_002262,1,prod_000035,sel_0059,6499,1
ord_002262,2,prod_000962,sel_0044,599,1
ord_002262,3,prod_000984,sel_0035,1799,1
ord_002263,1,prod_000562,sel_0057,9499,1
ord_002263,2,prod_000652,sel_0054,989,1
ord_002264,1,prod_000220,sel_0055,719,1
ord_002264,2,prod_000733,sel_0041,2124,1
ord_002264,3,prod_000006,sel_0050,20249,2
ord_002265,1,prod_000160,sel_0043,3374,1
ord_002265,2,prod_000149,sel_0026,10999,2
ord_002265,3,prod_000521,sel_0020,3187,1
ord_002266,1,prod_000953,sel_0036,639,1
ord_002267,1,prod_000285,sel_0059,2137,1
ord_002268,1,prod_000653,sel_0003,899,1
ord_002268,2,prod_000576,sel_0040,4749,1
ord_002269,1,prod_000881,sel_0040,1104,1
ord_002270,1,prod_000235,sel_0054,9099,1
ord_002270,2,prod_000271,sel_0038,5174,1
ord_002271,1,prod_000400,sel_0035,1424,2
ord_002271,2,prod_001055,sel_0029,2924,1
ord_002272,1,prod_000470,sel_0026,3999,1
ord_002272,2,prod_000811,sel_0050,849,1
ord_002273,1,prod_000968,sel_0055,2024,1
ord_002274,1,prod_000466,sel_0032,11399,1
ord_002274,2,prod_000358,sel_0011,3249,1
ord_002275,1,prod_001062,sel_0026,299,1
ord_002276,1,prod_000278,sel_0055,2337,1
ord_002276,2,prod_001084,sel_0046,799,1
ord_002277,1,prod_000707,sel_0029,2749,1
ord_002277,2,prod_000258,sel_0051,10449,2
ord_002278,1,prod_000234,sel_0031,2999,2
ord_002278,2,prod_000882,sel_0019,629,1
ord_002279,1,prod_000496,sel_0014,17099,2
ord_002279,2,prod_000762,sel_0047,1119,2
ord_002280,1,prod_000060,sel_0026,1099,1
ord_002280,2,prod_000778,sel_0044,1912,1
ord_002281,1,prod_000186,sel_0027,599,1
ord_002282,1,prod_000518,sel_0037,1199,1
ord_002282,2,prod_000069,sel_0033,4599,1
ord_002283,1,prod_000214,sel_0003,2999,1
ord_002283,2,prod_000769,sel_0024,479,2
ord_002284,1,prod_000088,sel_0038,2762,1
ord_002285,1,prod_000205,sel_0039,2374,2
ord_002285,2,prod_000945,sel_0034,1699,1
ord_002285,3,prod_000696,sel_0032,854,1
ord_002286,1,prod_001033,sel_0028,419,2
ord_002287,1,prod_000588,sel_0039,7124,1
ord_002288,1,prod_000191,sel_0012,2374,2
ord_002288,2,prod_000476,sel_0028,1329,1
ord_002289,1,prod_000733,sel_0041,2124,2
ord_002289,2,prod_000689,sel_0034,314,1
ord_002289,3,prod_000819,sel_0032,664,1
ord_002290,1,prod_000884,sel_0044,759,1
ord_002291,1,prod_000068,sel_0038,14249,1
ord_002291,2,prod_000986,sel_0001,1349,1
ord_002291,3,prod_000977,sel_0007,299,1
ord_002292,1,prod_000802,sel_0007,4124,2
ord_002293,1,prod_000285,sel_0059,2137,1
ord_002293,2,prod_000324,sel_0050,1599,1
ord_002294,1,prod_001019,sel_0005,419,2
ord_002294,2,prod_000719,sel_0017,1079,1
ord_002294,3,prod_001089,sel_0043,399,1
ord_002295,1,prod_000629,sel_0013,71399,1
ord_002295,2,prod_000152,sel_0032,629,2
ord_002295,3,prod_001020,sel_0024,799,1
ord_002296,1,prod_000939,sel_0038,1044,1
ord_002296,2,prod_000830,sel_0041,1199,1
ord_002297,1,prod_001010,sel_0022,1329,1
ord_002298,1,prod_000485,sel_0024,11999,1
ord_002298,2,prod_000984,sel_0035,1799,1
ord_002298,3,prod_000022,sel_0026,1439,1
ord_002299,1,prod_000218,sel_0002,10199,1
ord_002300,1,prod_000380,sel_0052,2249,2
ord_002300,2,prod_000016,sel_0013,4949,1
ord_002301,1,prod_000029,sel_0047,3937,1
ord_002301,2,prod_000818,sel_0042,449,1
ord_002302,1,prod_000841,sel_0023,2999,1
ord_002302,2,prod_001096,sel_0028,1399,1
ord_002303,1,prod_000928,sel_0027,629,1
ord_002304,1,prod_000446,sel_0050,2812,1
ord_002304,2,prod_000390,sel_0007,799,2
ord_002305,1,prod_000910,sel_0006,629,1
ord_002305,2,prod_000172,sel_0028,664,1
ord_002306,1,prod_000530,sel_0009,379,1
ord_002306,2,prod_001080,sel_0012,1349,1
ord_002307,1,prod_000592,sel_0027,13599,2
ord_002307,2,prod_000134,sel_0016,34849,1
ord_002308,1,prod_000479,sel_0037,2999,2
ord_002308,2,prod_000322,sel_0040,1599,1
ord_002309,1,prod_000861,sel_0034,1274,1
ord_002310,1,prod_000383,sel_0045,2612,1
ord_002310,2,prod_000799,sel_0012,2437,1
ord_002311,1,prod_000201,sel_0024,2999,1
ord_002312,1,prod_000896,sel_0038,1119,1
ord_002313,1,prod_000192,sel_0027,1399,2
ord_002314,1,prod_001072,sel_0051,899,1
ord_002314,2,prod_001083,sel_0034,899,1
ord_002315,1,prod_000149,sel_0026,10999,1
ord_002316,1,prod_000487,sel_0023,6174,1
ord_002316,2,prod_000168,sel_0025,11049,1
ord_002317,1,prod_000561,sel_0022,11399,1
ord_002318,1,prod_000073,sel_0055,2599,1
ord_002319,1,prod_000893,sel_0048,16199,2
ord_002319,2,prod_000866,sel_0018,2624,2
ord_002320,1,prod_001099,sel_0030,1259,1
ord_002321,1,prod_000035,sel_0059,6499,1
ord_002321,2,prod_001006,sel_0056,849,2
ord_002322,1,prod_000027,sel_0046,11049,1
ord_002323,1,prod_000886,sel_0005,1044,1
ord_002323,2,prod_000900,sel_0001,1019,2
ord_002323,3,prod_000775,sel_0050,824,1
ord_002324,1,prod_000523,sel_0023,26999,2
ord_002325,1,prod_000124,sel_0026,17999,1
ord_002326,1,prod_001036,sel_0001,1119,2
ord_002326,2,prod_000892,sel_0045,899,1
ord_002326,3,prod_000760,sel_0006,1199,1
ord_002327,1,prod_000651,sel_0038,1499,1
ord_002327,2,prod_000339,sel_0042,1439,1
ord_002328,1,prod_001040,sel_0007,2449,1
ord_002328,2,prod_000410,sel_0038,8249,1
ord_002329,1,prod_000950,sel_0039,2849,1
ord_002329,2,prod_001053,sel_0055,30749,1
ord_002329,3,prod_000505,sel_0038,1444,2
ord_002330,1,prod_000326,sel_0055,824,1
ord_002330,2,prod_000871,sel_0037,1099,1
ord_002331,1,prod_000632,sel_0001,3149,1
ord_002331,2,prod_000044,sel_0038,4599,1
ord_002332,1,prod_001095,sel_0005,2612,1
ord_002332,2,prod_001001,sel_0030,17849,1
ord_002333,1,prod_000178,sel_0055,1399,1
ord_002334,1,prod_000961,sel_0054,899,1
ord_002334,2,prod_000415,sel_0019,2474,1
ord_002335,1,prod_000458,sel_0001,8249,1
ord_002336,1,prod_000092,sel_0014,1169,1
ord_002336,2,prod_000822,sel_0028,769,1
ord_002337,1,prod_000157,sel_0057,1999,1
ord_002338,1,prod_000825,sel_0029,1349,2
ord_002339,1,prod_000783,sel_0017,1259,1
ord_002340,1,prod_000280,sel_0033,4599,1
ord_002341,1,prod_000512,sel_0006,509,1
ord_002341,2,prod_000475,sel_0040,1614,2
ord_002342,1,prod_000226,sel_0011,719,2
ord_002342,2,prod_000810,sel_0034,899,2
ord_002343,1,prod_000506,sel_0018,1999,2
ord_002343,2,prod_000852,sel_0026,1599,1
ord_002343,3,prod_000739,sel_0046,374,2
ord_002344,1,prod_000827,sel_0015,699,2
ord_002345,1,prod_000343,sel_0024,1799,1
ord_002345,2,prod_000521,sel_0020,3187,1
ord_002346,1,prod_000884,sel_0044,759,1
ord_002347,1,prod_000781,sel_0005,2249,1
ord_002348,1,prod_000746,sel_0037,599,1
ord_002349,1,prod_000976,sel_0022,1199,2
ord_002349,2,prod_000853,sel_0040,629,2
ord_002349,3,prod_001061,sel_0015,7999,1
ord_002350,1,prod_000419,sel_0026,10449,2
ord_002350,2,prod_000111,sel_0050,4599,1
ord_002351,1,prod_000957,sel_0027,934,1
ord_002351,2,prod_001072,sel_0051,899,1
ord_002352,1,prod_000655,sel_0028,824,1
ord_002353,1,prod_000794,sel_0005,4037,1
ord_002353,2,prod_000911,sel_0029,699,1
ord_002354,1,prod_000999,sel_0019,314,1
ord_002354,2,prod_000898,sel_0035,399,2
ord_002355,1,prod_000596,sel_0015,13999,1
ord_002356,1,prod_000449,sel_0012,23399,1
ord_002357,1,prod_000264,sel_0021,7124,1
ord_002358,1,prod_000111,sel_0050,4599,1
ord_002359,1,prod_000961,sel_0054,899,1
ord_002359,2,prod_000152,sel_0032,629,1
ord_002360,1,prod_001047,sel_0058,10499,1
ord_002360,2,prod_000931,sel_0019,2124,1
ord_002361,1,prod_000572,sel_0037,9599,2
ord_002362,1,prod_000019,sel_0007,9749,1
ord_002363,1,prod_000908,sel_0053,269,2
ord_002363,2,prod_000147,sel_0027,13299,2
ord_002364,1,prod_000718,sel_0029,489,2
ord_002364,2,prod_000835,sel_0003,1519,2
ord_002364,3,prod_001005,sel_0054,1599,1
ord_002365,1,prod_000363,sel_0032,3499,1
ord_002365,2,prod_000392,sel_0033,2699,2
ord_002365,3,prod_000765,sel_0001,1519,2
ord_002366,1,prod_000963,sel_0015,1099,1
ord_002366,2,prod_000795,sel_0060,1169,1
ord_002366,3,prod_000842,sel_0024,2437,1
ord_002367,1,prod_000340,sel_0046,1279,1
ord_002368,1,prod_000981,sel_0055,559,1
ord_002369,1,prod_000053,sel_0050,20399,1
ord_002369,2,prod_000531,sel_0053,1439,1
ord_002370,1,prod_000889,sel_0060,2374,1
ord_002370,2,prod_000130,sel_0001,12799,1
ord_002371,1,prod_000163,sel_0030,3249,2
ord_002371,2,prod_000555,sel_0036,8999,1
ord_002372,1,prod_001080,sel_0012,1349,2
ord_002372,2,prod_000066,sel_0011,1874,2
ord_002373,1,prod_000733,sel_0041,2124,1
ord_002374,1,prod_001077,sel_0036,262,2
ord_002375,1,prod_000937,sel_0007,539,2
ord_002375,2,prod_000711,sel_0039,1709,1
ord_002376,1,prod_001053,sel_0055,30749,1
ord_002376,2,prod_001022,sel_0036,599,2
ord_002376,3,prod_000045,sel_0036,879,1
ord_002377,1,prod_000992,sel_0005,699,2
ord_002377,2,prod_000185,sel_0037,1199,1
ord_002378,1,prod_000485,sel_0024,11999,1
ord_002378,2,prod_001071,sel_0013,4599,1
ord_002379,1,prod_000201,sel_0024,2999,1
ord_002379,2,prod_000588,sel_0039,7124,1
ord_002379,3,prod_000361,sel_0054,1119,1
ord_002380,1,prod_000866,sel_0018,2624,1
ord_002381,1,prod_000273,sel_0032,14399,1
ord_002382,1,prod_000786,sel_0015,899,1
ord_002383,1,prod_000059,sel_0024,1749,1
ord_002383,2,prod_000997,sel_0030,3499,1
ord_002383,3,prod_000369,sel_0059,3824,1
ord_002384,1,prod_000322,sel_0040,1599,1
ord_002385,1,prod_000148,sel_0040,6299,1
ord_002386,1,prod_000761,sel_0032,639,1
ord_002386,2,prod_000210,sel_0015,974,1
ord_002387,1,prod_000547,sel_0049,1687,2
ord_002388,1,prod_000350,sel_0002,1079,1
ord_002389,1,prod_000436,sel_0041,10799,1
ord_002389,2,prod_000762,sel_0047,1119,2
ord_002390,1,prod_001031,sel_0008,399,2
ord_002390,2,prod_000387,sel_0029,2274,1
ord_002391,1,prod_000048,sel_0005,719,1
ord_002392,1,prod_000936,sel_0008,849,1
ord_002392,2,prod_000641,sel_0019,7799,1
ord_002392,3,prod_000556,sel_0013,7399,1
ord_002393,1,prod_000581,sel_0002,12349,2
ord_002393,2,prod_001043,sel_0022,839,1
ord_002394,1,prod_000279,sel_0027,4599,1
ord_002394,2,prod_001016,sel_0031,399,2
ord_002394,3,prod_000639,sel_0001,1874,1
ord_002395,1,prod_000683,sel_0015,879,1
ord_002395,2,prod_000267,sel_0006,5462,1
ord_002395,3,prod_000638,sel_0011,909,2
ord_002396,1,prod_000302,sel_0031,2599,1
ord_002396,2,prod_000108,sel_0032,5774,2
ord_002397,1,prod_000322,sel_0040,1599,1
ord_002397,2,prod_000554,sel_0014,12999,2
ord_002398,1,prod_000766,sel_0031,899,2
ord_002398,2,prod_000442,sel_0043,6599,2
ord_002399,1,prod_000214,sel_0003,2999,2
ord_002400,1,prod_000142,sel_0029,12799,1
ord_002400,2,prod_000546,sel_0049,1749,2
ord_002400,3,prod_000473,sel_0030,20299,1
ord_002401,1,prod_000836,sel_0024,1019,1
ord_002401,2,prod_000387,sel_0029,2274,1
ord_002402,1,prod_001047,sel_0058,10499,1
ord_002402,2,prod_000911,sel_0029,699,1
ord_002403,1,prod_000647,sel_0008,559,1
ord_002404,1,prod_000659,sel_0001,1359,1
ord_002404,2,prod_000236,sel_0042,1924,1
ord_002404,3,prod_000297,sel_0034,5174,2
ord_002405,1,prod_000982,sel_0054,399,1
ord_002405,2,prod_000717,sel_0043,1519,1
ord_002406,1,prod_000881,sel_0040,1104,1
ord_002406,2,prod_000912,sel_0040,1439,1
ord_002407,1,prod_000151,sel_0038,1599,1
ord_002408,1,prod_001060,sel_0055,8999,1
ord_002408,2,prod_000806,sel_0032,349,1
ord_002409,1,prod_000223,sel_0050,599,1
ord_002410,1,prod_000052,sel_0035,1999,1
ord_002410,2,prod_000835,sel_0003,1519,2
ord_002411,1,prod_000401,sel_0055,14699,1
ord_002411,2,prod_000525,sel_0036,974,1
ord_002412,1,prod_000141,sel_0010,12749,1
ord_002412,2,prod_001089,sel_0043,399,1
ord_002412,3,prod_000167,sel_0005,1199,1
ord_002413,1,prod_001090,sel_0031,699,1
ord_002414,1,prod_000223,sel_0050,599,1
ord_002414,2,prod_000221,sel_0049,1349,1
ord_002414,3,prod_000135,sel_0006,9099,1
ord_002415,1,prod_000721,sel_0046,9024,1
ord_002416,1,prod_000876,sel_0014,2137,2
ord_002416,2,prod_000982,sel_0054,399,1
ord_002417,1,prod_000966,sel_0002,474,1
ord_002418,1,prod_000601,sel_0005,17599,1
ord_002418,2,prod_000498,sel_0041,31499,2
ord_002419,1,prod_000392,sel_0033,2699,1
ord_002420,1,prod_000221,sel_0049,1349,2
ord_002421,1,prod_000659,sel_0001,1359,1
ord_002421,2,prod_000480,sel_0042,16499,1
ord_002422,1,prod_000529,sel_0056,1049,1
ord_002423,1,prod_000906,sel_0044,699,1
ord_002424,1,prod_000526,sel_0060,599,1
ord_002425,1,prod_000365,sel_0029,719,2
ord_002425,2,prod_000105,sel_0051,7599,1
ord_002426,1,prod_000513,sel_0040,1439,1
ord_002427,1,prod_000183,sel_0010,539,2
ord_002427,2,prod_000447,sel_0035,3324,1
ord_002428,1,prod_000062,sel_0048,279299,1
ord_002429,1,prod_000339,sel_0042,1439,2
ord_002429,2,prod_000484,sel_0020,4037,1
ord_002430,1,prod_000081,sel_0032,699,2
ord_002430,2,prod_000608,sel_0020,1574,1
ord_002431,1,prod_000812,sel_0037,1099,1
ord_002432,1,prod_000236,sel_0042,1924,1
ord_002432,2,prod_000582,sel_0045,12999,1
ord_002433,1,prod_000904,sel_0035,1519,1
ord_002433,2,prod_000126,sel_0041,19549,1
ord_002434,1,prod_001004,sel_0025,679,2
ord_002435,1,prod_000112,sel_0052,5424,2
ord_002436,1,prod_000094,sel_0046,974,2
ord_002437,1,prod_000645,sel_0040,4999,1
ord_002437,2,prod_000404,sel_0035,4749,1
ord_002438,1,prod_000968,sel_0055,2024,1
ord_002438,2,prod_000058,sel_0032,1499,1
ord_002438,3,prod_000823,sel_0042,559,1
ord_002439,1,prod_000591,sel_0029,8399,2
ord_002439,2,prod_000583,sel_0054,7199,1
ord_002440,1,prod_000900,sel_0001,1019,2
ord_002440,2,prod_000674,sel_0022,719,1
ord_002441,1,prod_000312,sel_0031,1687,2
ord_002442,1,prod_000481,sel_0004,5999,2
ord_002443,1,prod_000908,sel_0053,269,1
ord_002443,2,prod_000052,sel_0035,1999,1
ord_002444,1,prod_000843,sel_0052,1799,1
ord_002444,2,prod_000918,sel_0029,1039,1
ord_002445,1,prod_000629,sel_0013,71399,2
ord_002445,2,prod_000814,sel_0053,1079,2
ord_002445,3,prod_000246,sel_0012,934,1
ord_002446,1,prod_000569,sel_0043,42749,1
ord_002446,2,prod_000941,sel_0034,599,2
ord_002447,1,prod_000688,sel_0057,1359,1
ord_002448,1,prod_000319,sel_0059,959,1
ord_002448,2,prod_000711,sel_0039,1709,1
ord_002449,1,prod_000995,sel_0041,1799,1
ord_002449,2,prod_001055,sel_0029,2924,1
ord_002450,1,prod_000287,sel_0045,3799,1
ord_002451,1,prod_000050,sel_0005,1529,1
ord_002451,2,prod_000974,sel_0019,899,1
ord_002451,3,prod_000723,sel_0039,934,1
ord_002452,1,prod_000580,sel_0051,9499,2
ord_002453,1,prod_001043,sel_0022,839,1
ord_002454,1,prod_000559,sel_0058,11899,1
ord_002454,2,prod_000350,sel_0002,1079,1
ord_002455,1,prod_000317,sel_0059,2449,1
ord_002456,1,prod_000932,sel_0032,1614,1
ord_002456,2,prod_000388,sel_0008,2124,1
ord_002456,3,prod_000254,sel_0044,21249,1
ord_002457,1,prod_000763,sel_0037,899,2
ord_002457,2,prod_000718,sel_0029,489,1
ord_002457,3,prod_000937,sel_0007,539,1
ord_002458,1,prod_000739,sel_0046,374,1
ord_002458,2,prod_000165,sel_0056,1329,1
ord_002459,1,prod_000626,sel_0003,4312,1
ord_002460,1,prod_000992,sel_0005,699,1
ord_002460,2,prod_000397,sel_0001,3187,1
ord_002460,3,prod_000855,sel_0031,599,1
ord_002461,1,prod_000594,sel_0009,11999,1
ord_002462,1,prod_000004,sel_0022,13499,2
ord_002462,2,prod_000828,sel_0048,1499,1
ord_002463,1,prod_000198,sel_0029,3562,2
ord_002463,2,prod_000157,sel_0057,1999,1
ord_002463,3,prod_000583,sel_0054,7199,2
ord_002464,1,prod_000558,sel_0060,18199,2
ord_002464,2,prod_000834,sel_0003,1709,1
ord_002464,3,prod_001080,sel_0012,1349,1
ord_002465,1,prod_000324,sel_0050,1599,1
ord_002466,1,prod_000588,sel_0039,7124,2
ord_002466,2,prod_000069,sel_0033,4599,1
ord_002467,1,prod_001093,sel_0031,849,1
ord_002468,1,prod_001028,sel_0060,9599,1
ord_002469,1,prod_000777,sel_0029,1329,1
ord_002470,1,prod_001041,sel_0060,2612,2
ord_002470,2,prod_000273,sel_0032,14399,1
ord_002470,3,prod_000946,sel_0046,1199,2
ord_002471,1,prod_000533,sel_0014,599,1
ord_002472,1,prod_000584,sel_0013,14449,1
ord_002472,2,prod_001067,sel_0037,1999,2
ord_002472,3,prod_000696,sel_0032,854,1
ord_002473,1,prod_000845,sel_0053,824,1
ord_002473,2,prod_000374,sel_0043,524,2
ord_002473,3,prod_000877,sel_0050,5312,2
ord_002474,1,prod_000910,sel_0006,629,1
ord_002475,1,prod_000379,sel_0010,3149,2
ord_002475,2,prod_000777,sel_0029,1329,1
ord_002475,3,prod_000876,sel_0014,2137,1
ord_002476,1,prod_001099,sel_0030,1259,2
ord_002477,1,prod_000690,sel_0024,989,1
ord_002478,1,prod_000820,sel_0048,1999,2
ord_002479,1,prod_000405,sel_0018,3399,1
ord_002479,2,prod_000152,sel_0032,629,2
ord_002479,3,prod_000322,sel_0040,1599,2
ord_002480,1,prod_000011,sel_0009,1687,1
ord_002480,2,prod_000226,sel_0011,719,1
ord_002481,1,prod_000697,sel_0013,799,1
ord_002481,2,prod_000227,sel_0004,989,1
ord_002482,1,prod_000989,sel_0040,449,2
ord_002482,2,prod_000575,sel_0038,3324,1
ord_002483,1,prod_000676,sel_0060,2099,1
ord_002484,1,prod_000934,sel_0032,2374,1
ord_002484,2,prod_000203,sel_0041,15199,1
ord_002485,1,prod_000556,sel_0013,7399,1
ord_002486,1,prod_001004,sel_0025,679,1
ord_002487,1,prod_000344,sel_0013,879,1
ord_002487,2,prod_000230,sel_0025,1799,1
ord_002487,3,prod_000230,sel_0025,1799,1
ord_002488,1,prod_000038,sel_0009,10449,1
ord_002489,1,prod_000764,sel_0027,854,1
ord_002489,2,prod_000450,sel_0043,5174,2
ord_002490,1,prod_000148,sel_0040,6299,1
ord_002491,1,prod_000098,sel_0017,599,1
ord_002492,1,prod_000585,sel_0034,3749,1
ord_002493,1,prod_000178,sel_0055,1399,1
ord_002493,2,prod_000533,sel_0014,599,1
ord_002494,1,prod_000617,sel_0003,11999,1
ord_002494,2,prod_000817,sel_0015,3374,2
ord_002495,1,prod_000752,sel_0035,262,1
ord_002495,2,prod_000976,sel_0022,1199,1
ord_002496,1,prod_000750,sel_0014,2699,1
ord_002496,2,prod_000640,sel_0025,1079,1
ord_002496,3,prod_000171,sel_0017,1199,1
ord_002497,1,prod_000836,sel_0024,1019,1
ord_002498,1,prod_001048,sel_0035,539,2
ord_002499,1,prod_000479,sel_0037,2999,2
ord_002499,2,prod_000561,sel_0022,11399,2
ord_002500,1,prod_000824,sel_0010,1139,1
ord_002500,2,prod_000638,sel_0011,909,2
ord_002501,1,prod_000874,sel_0002,1139,1
ord_002501,2,prod_000375,sel_0012,1519,1
ord_002502,1,prod_000040,sel_0017,719,1
ord_002502,2,prod_000588,sel_0039,7124,2
ord_002502,3,prod_000932,sel_0032,1614,1
ord_002503,1,prod_001085,sel_0028,799,1
ord_002504,1,prod_000118,sel_0028,6824,1
ord_002505,1,prod_001050,sel_0018,1439,1
ord_002505,2,prod_000694,sel_0003,1399,1
ord_002505,3,prod_000744,sel_0049,1104,1
ord_002506,1,prod_000069,sel_0033,4599,1
ord_002507,1,prod_001077,sel_0036,262,2
ord_002507,2,prod_000693,sel_0009,799,2
ord_002508,1,prod_000773,sel_0055,639,1
ord_002508,2,prod_001099,sel_0030,1259,2
ord_002509,1,prod_000097,sel_0052,35249,1
ord_002509,2,prod_000432,sel_0012,10799,1
ord_002509,3,prod_000826,sel_0038,349,2
ord_002510,1,prod_001038,sel_0052,2124,2
ord_002510,2,prod_000491,sel_0048,3374,1
ord_002511,1,prod_000058,sel_0032,1499,1
ord_002512,1,prod_000410,sel_0038,8249,1
ord_002512,2,prod_000887,sel_0022,1119,2
ord_002513,1,prod_000072,sel_0008,1687,1
ord_002513,2,prod_001045,sel_0001,404,1
ord_002513,3,prod_000703,sel_0019,799,1
ord_002514,1,prod_000515,sel_0044,11399,2
ord_002514,2,prod_000927,sel_0057,1139,1
ord_002515,1,prod_000758,sel_0029,949,1
ord_002515,2,prod_000363,sel_0032,3499,1
ord_002516,1,prod_000869,sel_0017,759,1
ord_002516,2,prod_000444,sel_0050,4987,2
ord_002516,3,prod_000781,sel_0005,2249,1
ord_002517,1,prod_000700,sel_0008,1119,2
ord_002517,2,prod_000206,sel_0046,2024,1
ord_002518,1,prod_000685,sel_0025,854,2
ord_002518,2,prod_000902,sel_0035,1699,1
ord_002518,3,prod_000566,sel_0028,14249,2
ord_002519,1,prod_000739,sel_0046,374,2
ord_002519,2,prod_001011,sel_0052,1049,2
ord_002520,1,prod_000885,sel_0008,759,1
ord_002521,1,prod_000367,sel_0044,3399,1
ord_002521,2,prod_000785,sel_0026,839,1
ord_002522,1,prod_000381,sel_0043,3999,1
ord_002522,2,prod_000146,sel_0057,9599,1
ord_002522,3,prod_000689,sel_0034,314,2
ord_002523,1,prod_000855,sel_0031,599,1
ord_002524,1,prod_000083,sel_0009,1189,2
ord_002524,2,prod_000392,sel_0033,2699,2
ord_002525,1,prod_000655,sel_0028,824,1
ord_002526,1,prod_000192,sel_0027,1399,1
ord_002526,2,prod_000976,sel_0022,1199,1
ord_002526,3,prod_000881,sel_0040,1104,1
ord_002527,1,prod_000101,sel_0039,26399,1
ord_002528,1,prod_000182,sel_0024,879,1
ord_002529,1,prod_000300,sel_0025,3499,1
ord_002529,2,prod_000524,sel_0058,934,1
ord_002530,1,prod_000123,sel_0029,10499,1
ord_002531,1,prod_000422,sel_0028,8999,1
ord_002531,2,prod_000168,sel_0025,11049,2
ord_002531,3,prod_001001,sel_0030,17849,1
ord_002532,1,prod_000367,sel_0044,3399,1
ord_002532,2,prod_000819,sel_0032,664,2
ord_002533,1,prod_000158,sel_0058,979,1
ord_002533,2,prod_000675,sel_0057,1699,1
ord_002533,3,prod_001077,sel_0036,262,1
ord_002534,1,prod_000286,sel_0014,27999,1
ord_002535,1,prod_001090,sel_0031,699,1
ord_002536,1,prod_001089,sel_0043,399,2
ord_002536,2,prod_000905,sel_0049,1899,1
ord_002537,1,prod_001063,sel_0001,769,1
ord_002538,1,prod_000025,sel_0027,1049,2
ord_002539,1,prod_000609,sel_0022,13599,1
ord_002539,2,prod_000859,sel_0016,3612,1
ord_002539,3,prod_001018,sel_0026,854,2
ord_002540,1,prod_000933,sel_0038,749,1
ord_002541,1,prod_000582,sel_0045,12999,1
ord_002542,1,prod_000962,sel_0044,599,1
ord_002542,2,prod_000362,sel_0007,769,1
ord_002543,1,prod_000817,sel_0015,3374,1
ord_002544,1,prod_000530,sel_0009,379,2
ord_002544,2,prod_000549,sel_0019,2924,1
ord_002545,1,prod_000695,sel_0060,2337,2
ord_002546,1,prod_000857,sel_0009,2249,2
ord_002547,1,prod_000613,sel_0047,4312,2
ord_002548,1,prod_000843,sel_0052,1799,2
ord_002548,2,prod_000870,sel_0050,1614,1
ord_002549,1,prod_000464,sel_0034,2599,1
ord_002550,1,prod_000042,sel_0037,1439,1
ord_002551,1,prod_000945,sel_0034,1699,1
ord_002552,1,prod_001091,sel_0017,1119,1
ord_002553,1,prod_000367,sel_0044,3399,1
ord_002554,1,prod_000496,sel_0014,17099,1
ord_002554,2,prod_000120,sel_0052,16999,2
ord_002555,1,prod_000170,sel_0045,22399,2
ord_002555,2,prod_000638,sel_0011,909,1
ord_002556,1,prod_000036,sel_0028,594,1
ord_002556,2,prod_000278,sel_0055,2337,2
ord_002557,1,prod_000514,sel_0033,2062,1
ord_002558,1,prod_000253,sel_0053,27999,1
ord_002559,1,prod_001065,sel_0001,2699,1
ord_002560,1,prod_000798,sel_0028,3324,1
ord_002560,2,prod_000537,sel_0024,2749,1
ord_002561,1,prod_000529,sel_0056,1049,1
ord_002561,2,prod_000167,sel_0005,1199,1
ord_002562,1,prod_000394,sel_0005,764,1
ord_002562,2,prod_000390,sel_0007,799,1
ord_002563,1,prod_000602,sel_0014,6499,1
ord_002563,2,prod_000883,sel_0015,2249,2
ord_002564,1,prod_000071,sel_0049,489,1
ord_002565,1,prod_000492,sel_0048,7012,1
ord_002566,1,prod_000163,sel_0030,3249,1
ord_002567,1,prod_000730,sel_0018,509,1
ord_002568,1,prod_000175,sel_0009,719,1
ord_002568,2,prod_001066,sel_0011,1519,1
ord_002568,3,prod_000775,sel_0050,824,1
ord_002569,1,prod_000351,sel_0055,1687,1
ord_002569,2,prod_000086,sel_0025,1749,1
ord_002570,1,prod_000256,sel_0031,5174,1
ord_002571,1,prod_000903,sel_0039,699,1
ord_002572,1,prod_000732,sel_0029,1519,1
ord_002573,1,prod_000339,sel_0042,1439,2
ord_002573,2,prod_000242,sel_0007,764,2
ord_002574,1,prod_000203,sel_0041,15199,2
ord_002575,1,prod_000776,sel_0046,1519,1
ord_002575,2,prod_000106,sel_0039,11399,2
ord_002576,1,prod_000898,sel_0035,399,1
ord_002576,2,prod_000347,sel_0027,6999,1
ord_002577,1,prod_000786,sel_0015,899,1
ord_002578,1,prod_000677,sel_0032,664,2
ord_002578,2,prod_001017,sel_0005,639,1
ord_002578,3,prod_000241,sel_0026,339,1
ord_002579,1,prod_000704,sel_0042,1199,2
ord_002580,1,prod_000525,sel_0036,974,1
ord_002580,2,prod_000203,sel_0041,15199,1
ord_002580,3,prod_000518,sel_0037,1199,1
ord_002581,1,prod_000452,sel_0045,3249,1
ord_002582,1,prod_000848,sel_0025,899,1
ord_002583,1,prod_000548,sel_0046,749,2
ord_002583,2,prod_000420,sel_0018,6974,1
ord_002584,1,prod_000647,sel_0008,559,2
ord_002585,1,prod_000031,sel_0027,599,1
ord_002585,2,prod_001049,sel_0009,1574,1
ord_002586,1,prod_000266,sel_0001,3249,1
ord_002586,2,prod_000717,sel_0043,1519,1
ord_002587,1,prod_000487,sel_0023,6174,1
ord_002587,2,prod_000815,sel_0025,4687,1
ord_002588,1,prod_000026,sel_0019,3399,1
ord_002588,2,prod_000755,sel_0032,559,1
ord_002588,3,prod_000315,sel_0007,949,1
ord_002589,1,prod_000767,sel_0049,594,2
ord_002590,1,prod_000093,sel_0039,1899,1
ord_002590,2,prod_000833,sel_0006,719,1
ord_002590,3,prod_000773,sel_0055,639,1
ord_002591,1,prod_001085,sel_0028,799,2
ord_002591,2,prod_000787,sel_0035,719,2
ord_002592,1,prod_000553,sel_0051,8249,1
ord_002592,2,prod_000947,sel_0055,1799,1
ord_002593,1,prod_000730,sel_0018,509,1
ord_002594,1,prod_000901,sel_0021,759,1
ord_002594,2,prod_000728,sel_0050,599,2
ord_002594,3,prod_000870,sel_0050,1614,1
ord_002595,1,prod_000911,sel_0029,699,1
ord_002595,2,prod_000626,sel_0003,4312,1
ord_002596,1,prod_000829,sel_0019,699,2
ord_002597,1,prod_000992,sel_0005,699,2
ord_002598,1,prod_001071,sel_0013,4599,1
ord_002598,2,prod_000966,sel_0002,474,1
ord_002599,1,prod_000737,sel_0013,2124,2
ord_002600,1,prod_001062,sel_0026,299,2
ord_002601,1,prod_001086,sel_0006,449,1
ord_002601,2,prod_000922,sel_0023,2024,2
ord_002602,1,prod_000860,sel_0006,759,1
ord_002602,2,prod_000498,sel_0041,31499,2
ord_002603,1,prod_000298,sel_0033,2624,1
ord_002604,1,prod_000897,sel_0037,879,1
ord_002605,1,prod_000582,sel_0045,12999,1
ord_002606,1,prod_000338,sel_0041,1199,1
ord_002607,1,prod_000724,sel_0024,1049,1
ord_002607,2,prod_001079,sel_0016,332,2
ord_002608,1,prod_000114,sel_0014,5437,1
ord_002608,2,prod_000700,sel_0008,1119,1
ord_002608,3,prod_000147,sel_0027,13299,1
ord_002609,1,prod_000894,sel_0044,1399,1
ord_002609,2,prod_000627,sel_0008,854,1
ord_002610,1,prod_000252,sel_0048,8249,1
ord_002611,1,prod_000480,sel_0042,16499,1
ord_002611,2,prod_000246,sel_0012,934,2
ord_002611,3,prod_000456,sel_0054,2249,2
ord_002612,1,prod_000373,sel_0004,3749,2
ord_002613,1,prod_000599,sel_0059,2624,1
ord_002614,1,prod_000484,sel_0020,4037,1
ord_002614,2,prod_000023,sel_0033,3249,2
ord_002615,1,prod_000521,sel_0020,3187,1
ord_002615,2,prod_000821,sel_0019,599,2
ord_002616,1,prod_000095,sel_0026,4874,1
ord_002617,1,prod_000827,sel_0015,699,2
ord_002618,1,prod_000091,sel_0053,31499,1
ord_002618,2,prod_000163,sel_0030,3249,1
ord_002619,1,prod_000708,sel_0007,799,1
ord_002619,2,prod_000526,sel_0060,599,2
ord_002619,3,prod_000346,sel_0036,1599,1
ord_002620,1,prod_000279,sel_0027,4599,1
ord_002621,1,prod_000860,sel_0006,759,1
ord_002621,2,prod_000969,sel_0025,1349,1
ord_002622,1,prod_000902,sel_0035,1699,1
ord_002623,1,prod_000830,sel_0041,1199,1
ord_002624,1,prod_000687,sel_0021,1279,1
ord_002624,2,prod_001074,sel_0060,1329,1
ord_002624,3,prod_000855,sel_0031,599,1
ord_002625,1,prod_000718,sel_0029,489,1
ord_002625,2,prod_000365,sel_0029,719,1
ord_002625,3,prod_000894,sel_0044,1399,2
ord_002626,1,prod_000515,sel_0044,11399,2
ord_002626,2,prod_000384,sel_0040,2249,1
ord_002626,3,prod_000118,sel_0028,6824,1
ord_002627,1,prod_000772,sel_0022,594,1
ord_002628,1,prod_000913,sel_0046,1139,1
ord_002628,2,prod_000900,sel_0001,1019,1
ord_002628,3,prod_000597,sel_0035,6649,1
ord_002629,1,prod_000140,sel_0058,5624,1
ord_002629,2,prod_000783,sel_0017,1259,1
ord_002629,3,prod_000377,sel_0012,1999,1
ord_002630,1,prod_000356,sel_0025,629,1
ord_002631,1,prod_000269,sel_0035,19799,1
ord_002632,1,prod_001057,sel_0019,509,1
ord_002632,2,prod_000600,sel_0021,13999,1
ord_002632,3,prod_000072,sel_0008,1687,1
ord_002633,1,prod_000398,sel_0008,3399,1
ord_002633,2,prod_000685,sel_0025,854,2
ord_002634,1,prod_001073,sel_0033,629,2
ord_002634,2,prod_000024,sel_0052,9499,1
ord_002635,1,prod_000937,sel_0007,539,1
ord_002635,2,prod_000551,sel_0004,10799,1
ord_002636,1,prod_000641,sel_0019,7799,2
ord_002637,1,prod_000756,sel_0042,489,1
ord_002638,1,prod_000438,sel_0041,4312,1
ord_002638,2,prod_000730,sel_0018,509,2
ord_002639,1,prod_000453,sel_0018,3612,1
ord_002640,1,prod_000673,sel_0006,427,1
ord_002641,1,prod_000900,sel_0001,1019,1
ord_002642,1,prod_000529,sel_0056,1049,1
ord_002643,1,prod_000180,sel_0020,1399,1
ord_002643,2,prod_000205,sel_0039,2374,2
ord_002644,1,prod_000255,sel_0041,21249,1
ord_002645,1,prod_000669,sel_0024,489,1
ord_002646,1,prod_000523,sel_0023,26999,2
ord_002647,1,prod_001032,sel_0046,839,1
ord_002648,1,prod_000195,sel_0040,2924,1
ord_002648,2,prod_000969,sel_0025,1349,2
ord_002648,3,prod_000034,sel_0051,1199,2
ord_002649,1,prod_000659,sel_0001,1359,1
ord_002650,1,prod_000975,sel_0022,1599,1
ord_002650,2,prod_000248,sel_0052,629,1
ord_002651,1,prod_000756,sel_0042,489,2
ord_002652,1,prod_000722,sel_0009,759,1
ord_002653,1,prod_000308,sel_0038,1399,2
ord_002653,2,prod_000728,sel_0050,599,1
ord_002654,1,prod_000349,sel_0007,949,1
ord_002655,1,prod_000926,sel_0058,1199,1
ord_002656,1,prod_001040,sel_0007,2449,1
ord_002656,2,prod_000188,sel_0053,489,1
ord_002657,1,prod_000867,sel_0030,1912,1
ord_002658,1,prod_000383,sel_0045,2612,1
ord_002658,2,prod_000072,sel_0008,1687,1
ord_002659,1,prod_000666,sel_0048,719,1
ord_002659,2,prod_000401,sel_0055,14699,1
ord_002659,3,prod_001001,sel_0030,17849,2
ord_002660,1,prod_000843,sel_0052,1799,1
ord_002661,1,prod_000030,sel_0044,2437,1
ord_002662,1,prod_000725,sel_0005,599,1
ord_002662,2,prod_000196,sel_0022,719,2
ord_002663,1,prod_000995,sel_0041,1799,1
ord_002663,2,prod_000943,sel_0015,824,2
ord_002664,1,prod_001083,sel_0034,899,1
ord_002665,1,prod_000515,sel_0044,11399,1
ord_002665,2,prod_000477,sel_0006,5074,1
ord_002666,1,prod_000172,sel_0028,664,1
ord_002667,1,prod_000980,sel_0046,3249,1
ord_002668,1,prod_000362,sel_0007,769,1
ord_002668,2,prod_000454,sel_0014,1169,2
ord_002668,3,prod_000163,sel_0030,3249,1
ord_002669,1,prod_000773,sel_0055,639,1
ord_002669,2,prod_000469,sel_0026,1709,1
ord_002670,1,prod_001010,sel_0022,1329,2
ord_002670,2,prod_000902,sel_0035,1699,1
ord_002670,3,prod_001098,sel_0059,2099,1
ord_002671,1,prod_000706,sel_0040,2374,1
ord_002671,2,prod_000646,sel_0028,12799,1
ord_002672,1,prod_000017,sel_0060,7199,1
ord_002672,2,prod_000274,sel_0044,3399,1
ord_002673,1,prod_001035,sel_0029,674,2
ord_002673,2,prod_000209,sel_0043,769,2
ord_002674,1,prod_000025,sel_0027,1049,1
ord_002674,2,prod_000409,sel_0056,3999,1
ord_002675,1,prod_000694,sel_0003,1399,1
ord_002675,2,prod_000156,sel_0013,1119,2
ord_002676,1,prod_000193,sel_0057,38699,2
ord_002677,1,prod_000207,sel_0055,2249,2
ord_002677,2,prod_000902,sel_0035,1699,1
ord_002678,1,prod_001051,sel_0056,974,1
ord_002678,2,prod_000707,sel_0029,2749,1
ord_002679,1,prod_000324,sel_0050,1599,1
ord_002679,2,prod_000163,sel_0030,3249,2
ord_002679,3,prod_000226,sel_0011,719,1
ord_002680,1,prod_000299,sel_0024,4037,1
ord_002681,1,prod_000381,sel_0043,3999,1
ord_002682,1,prod_000337,sel_0020,1274,1
ord_002682,2,prod_000673,sel_0006,427,1
ord_002683,1,prod_000814,sel_0053,1079,1
ord_002684,1,prod_000263,sel_0006,4999,1
ord_002684,2,prod_000080,sel_0037,1119,1
ord_002684,3,prod_000450,sel_0043,5174,1
ord_002685,1,prod_000095,sel_0026,4874,1
ord_002686,1,prod_000072,sel_0008,1687,1
ord_002686,2,prod_000957,sel_0027,934,1
ord_002687,1,prod_000401,sel_0055,14699,2
ord_002688,1,prod_000652,sel_0054,989,2
ord_002689,1,prod_000800,sel_0035,949,1
ord_002690,1,prod_000620,sel_0017,1019,2
ord_002690,2,prod_000774,sel_0056,799,1
ord_002690,3,prod_000128,sel_0018,15999,1
ord_002691,1,prod_000601,sel_0005,17599,1
ord_002692,1,prod_000565,sel_0055,22799,1
ord_002692,2,prod_000758,sel_0029,949,1
ord_002693,1,prod_000370,sel_0015,1039,1
ord_002693,2,prod_000739,sel_0046,374,1
ord_002694,1,prod_000335,sel_0042,1139,2
ord_002694,2,prod_000355,sel_0013,699,1
ord_002695,1,prod_000164,sel_0040,2437,1
ord_002695,2,prod_000645,sel_0040,4999,1
ord_002695,3,prod_000311,sel_0027,1199,2
ord_002696,1,prod_000218,sel_0002,10199,1
ord_002696,2,prod_000845,sel_0053,824,1
ord_002697,1,prod_001025,sel_0053,1119,1
ord_002697,2,prod_001014,sel_0034,1519,2
ord_002698,1,prod_000273,sel_0032,14399,1
ord_002699,1,prod_000374,sel_0043,524,1
ord_002699,2,prod_000518,sel_0037,1199,1
ord_002700,1,prod_000620,sel_0017,1019,1
ord_002701,1,prod_000156,sel_0013,1119,2
ord_002702,1,prod_000636,sel_0016,3324,1
ord_002703,1,prod_000872,sel_0041,1099,1
ord_002703,2,prod_000139,sel_0046,7837,2
ord_002704,1,prod_000208,sel_0060,1529,2
ord_002705,1,prod_000809,sel_0001,1119,1
ord_002705,2,prod_000164,sel_0040,2437,1
ord_002705,3,prod_000154,sel_0049,1499,1
ord_002706,1,prod_001028,sel_0060,9599,1
ord_002706,2,prod_000560,sel_0059,6887,1
ord_002707,1,prod_000622,sel_0022,379,1
ord_002708,1,prod_000488,sel_0047,1439,2
ord_002708,2,prod_000942,sel_0051,1999,1
ord_002709,1,prod_001049,sel_0009,1574,1
ord_002709,2,prod_000903,sel_0039,699,2
ord_002710,1,prod_001082,sel_0030,1259,2
ord_002710,2,prod_000552,sel_0033,13299,1
ord_002711,1,prod_000270,sel_0021,2999,1
ord_002711,2,prod_000350,sel_0002,1079,2
ord_002712,1,prod_000151,sel_0038,1599,2
ord_002712,2,prod_001047,sel_0058,10499,2
ord_002713,1,prod_000061,sel_0011,1599,1
ord_002714,1,prod_000919,sel_0037,1439,1
ord_002715,1,prod_000459,sel_0024,3599,1
ord_002716,1,prod_000177,sel_0003,1999,1
ord_002716,2,prod_000757,sel_0013,759,1
ord_002717,1,prod_000784,sel_0060,2799,1
ord_002718,1,prod_000384,sel_0040,2249,2
ord_002719,1,prod_000598,sel_0006,12599,1
ord_002719,2,prod_000773,sel_0055,639,1
ord_002720,1,prod_000476,sel_0028,1329,1
ord_002720,2,prod_000293,sel_0035,25499,1
ord_002720,3,prod_000934,sel_0032,2374,1
ord_002721,1,prod_000951,sel_0027,449,1
ord_002721,2,prod_000706,sel_0040,2374,1
ord_002722,1,prod_000192,sel_0027,1399,1
ord_002722,2,prod_000015,sel_0039,5774,1
ord_002723,1,prod_001043,sel_0022,839,2
ord_002723,2,prod_000245,sel_0050,2799,1
ord_002724,1,prod_000503,sel_0037,679,1
ord_002724,2,prod_000806,sel_0032,349,1
ord_002725,1,prod_000425,sel_0029,11999,1
ord_002725,2,prod_000618,sel_0058,2399,1
ord_002726,1,prod_000107,sel_0051,9899,1
ord_002726,2,prod_000482,sel_0018,13599,2
ord_002727,1,prod_000304,sel_0010,1189,1
ord_002727,2,prod_000528,sel_0036,1439,1
ord_002727,3,prod_000127,sel_0016,22499,1
ord_002728,1,prod_000444,sel_0050,4987,1
ord_002728,2,prod_000457,sel_0017,1529,1
ord_002729,1,prod_000339,sel_0042,1439,1
ord_002729,2,prod_000327,sel_0024,1899,2
ord_002730,1,prod_000054,sel_0040,719,2
ord_002730,2,prod_000536,sel_0022,1699,1
ord_002730,3,prod_000521,sel_0020,3187,1
ord_002731,1,prod_000150,sel_0057,8549,1
ord_002732,1,prod_000291,sel_0001,13599,1
ord_002733,1,prod_000386,sel_0036,1574,1
ord_002733,2,prod_000587,sel_0048,10999,1
ord_002733,3,prod_001016,sel_0031,399,1
ord_002734,1,prod_000521,sel_0020,3187,2
ord_002735,1,prod_001067,sel_0037,1999,1
ord_002735,2,prod_000417,sel_0033,5949,1
ord_002735,3,prod_000583,sel_0054,7199,1
ord_002736,1,prod_000682,sel_0045,799,1
ord_002737,1,prod_000441,sel_0023,4462,1
ord_002738,1,prod_000608,sel_0020,1574,2
ord_002738,2,prod_001045,sel_0001,404,2
ord_002738,3,prod_000859,sel_0016,3612,1
ord_002739,1,prod_000969,sel_0025,1349,1
ord_002740,1,prod_000532,sel_0035,10199,1
ord_002740,2,prod_000178,sel_0055,1399,1
ord_002741,1,prod_000203,sel_0041,15199,2
ord_002742,1,prod_000614,sel_0034,16499,2
ord_002743,1,prod_000256,sel_0031,5174,1
ord_002743,2,prod_000117,sel_0039,11999,2
ord_002743,3,prod_000853,sel_0040,629,1
ord_002744,1,prod_000850,sel_0035,2437,1
ord_002744,2,prod_000677,sel_0032,664,1
ord_002745,1,prod_000440,sel_0018,1619,2
ord_002746,1,prod_000644,sel_0032,18899,1
ord_002746,2,prod_000417,sel_0033,5949,1
ord_002747,1,prod_000744,sel_0049,1104,1
ord_002747,2,prod_000379,sel_0010,3149,1
ord_002748,1,prod_000334,sel_0037,2337,1
ord_002748,2,prod_000776,sel_0046,1519,1
ord_002748,3,prod_000920,sel_0019,799,2
ord_002749,1,prod_000151,sel_0038,1599,1
ord_002750,1,prod_000191,sel_0012,2374,1
ord_002751,1,prod_000103,sel_0016,18899,1
ord_002752,1,prod_000698,sel_0003,1169,1
ord_002752,2,prod_000869,sel_0017,759,1
ord_002752,3,prod_000272,sel_0010,4887,1
ord_002753,1,prod_000245,sel_0050,2799,1
ord_002753,2,prod_000003,sel_0027,899,1
ord_002754,1,prod_000433,sel_0046,4274,1
ord_002754,2,prod_000100,sel_0044,809,1
ord_002754,3,prod_000417,sel_0033,5949,1
ord_002755,1,prod_000508,sel_0058,2399,1
ord_002756,1,prod_000217,sel_0009,719,2
ord_002757,1,prod_000872,sel_0041,1099,1
ord_002757,2,prod_001071,sel_0013,4599,2
ord_002758,1,prod_000806,sel_0032,349,2
ord_002758,2,prod_001069,sel_0035,1424,1
ord_002758,3,prod_000635,sel_0056,1279,1
ord_002759,1,prod_000532,sel_0035,10199,1
ord_002760,1,prod_000776,sel_0046,1519,1
ord_002760,2,prod_000089,sel_0012,959,1
ord_002761,1,prod_000680,sel_0049,1039,1
ord_002762,1,prod_000698,sel_0003,1169,1
ord_002763,1,prod_000358,sel_0011,3249,1
ord_002763,2,prod_000922,sel_0023,2024,1
ord_002763,3,prod_000150,sel_0057,8549,2
ord_002764,1,prod_000396,sel_0013,2124,2
ord_002764,2,prod_000259,sel_0019,21599,1
ord_002765,1,prod_000613,sel_0047,4312,1
ord_002765,2,prod_001059,sel_0014,33999,1
ord_002766,1,prod_000097,sel_0052,35249,1
ord_002766,2,prod_000368,sel_0010,594,1
ord_002766,3,prod_000485,sel_0024,11999,1
ord_002767,1,prod_000978,sel_0023,599,2
ord_002768,1,prod_000719,sel_0017,1079,2
ord_002769,1,prod_000512,sel_0006,509,1
ord_002769,2,prod_000324,sel_0050,1599,1
ord_002769,3,prod_000718,sel_0029,489,2
ord_002770,1,prod_001053,sel_0055,30749,1
ord_002770,2,prod_000620,sel_0017,1019,2
ord_002771,1,prod_000071,sel_0049,489,1
ord_002771,2,prod_000177,sel_0003,1999,1
ord_002772,1,prod_000063,sel_0006,1999,1
ord_002772,2,prod_000207,sel_0055,2249,1
ord_002772,3,prod_000271,sel_0038,5174,1
ord_002773,1,prod_000421,sel_0033,2249,1
ord_002774,1,prod_000091,sel_0053,31499,2
ord_002775,1,prod_000467,sel_0011,42999,1
ord_002775,2,prod_000453,sel_0018,3612,1
ord_002775,3,prod_000236,sel_0042,1924,1
ord_002776,1,prod_000405,sel_0018,3399,1
ord_002776,2,prod_000195,sel_0040,2924,2
ord_002776,3,prod_000544,sel_0001,11999,1
ord_002777,1,prod_000606,sel_0022,9262,1
ord_002778,1,prod_000097,sel_0052,35249,2
ord_002778,2,prod_000774,sel_0056,799,1
ord_002778,3,prod_000976,sel_0022,1199,2
ord_002779,1,prod_000399,sel_0031,2437,1
ord_002779,2,prod_000256,sel_0031,5174,2
ord_002780,1,prod_000737,sel_0013,2124,1
ord_002780,2,prod_001061,sel_0015,7999,1
ord_002781,1,prod_000809,sel_0001,1119,2
ord_002781,2,prod_000072,sel_0008,1687,1
ord_002782,1,prod_001019,sel_0005,419,1
ord_002782,2,prod_000684,sel_0025,594,1
ord_002783,1,prod_000757,sel_0013,759,1
ord_002784,1,prod_000287,sel_0045,3799,1
ord_002784,2,prod_000106,sel_0039,11399,2
ord_002784,3,prod_000205,sel_0039,2374,1
ord_002785,1,prod_000383,sel_0045,2612,1
ord_002786,1,prod_000549,sel_0019,2924,1
ord_002786,2,prod_001047,sel_0058,10499,1
ord_002787,1,prod_001042,sel_0014,749,2
ord_002787,2,prod_000345,sel_0035,1499,1
ord_002788,1,prod_000762,sel_0047,1119,2
ord_002788,2,prod_000376,sel_0007,2249,1
ord_002788,3,prod_000738,sel_0039,599,1
ord_002789,1,prod_000640,sel_0025,1079,1
ord_002789,2,prod_000879,sel_0018,1039,1
ord_002790,1,prod_000566,sel_0028,14249,1
ord_002790,2,prod_001008,sel_0036,479,1
ord_002791,1,prod_000097,sel_0052,35249,1
ord_002792,1,prod_000940,sel_0051,809,1
ord_002793,1,prod_000940,sel_0051,809,2
ord_002793,2,prod_000016,sel_0013,4949,1
ord_002793,3,prod_000709,sel_0051,319,1
ord_002794,1,prod_000030,sel_0044,2437,2
ord_002795,1,prod_000916,sel_0048,764,2
ord_002796,1,prod_000467,sel_0011,42999,1
ord_002796,2,prod_000642,sel_0003,3187,1
ord_002797,1,prod_000273,sel_0032,14399,1
ord_002798,1,prod_000702,sel_0008,474,2
ord_002799,1,prod_000925,sel_0045,1359,2
ord_002799,2,prod_000745,sel_0017,559,1
ord_002800,1,prod_000646,sel_0028,12799,1
ord_002800,2,prod_001006,sel_0056,849,1
ord_002801,1,prod_000245,sel_0050,2799,1
ord_002802,1,prod_000978,sel_0023,599,1
ord_002802,2,prod_000281,sel_0016,3374,2
ord_002803,1,prod_000194,sel_0049,359,1
ord_002803,2,prod_000345,sel_0035,1499,1
ord_002803,3,prod_001083,sel_0034,899,1
ord_002804,1,prod_000760,sel_0006,1199,1
ord_002804,2,prod_001016,sel_0031,399,1
ord_002805,1,prod_000833,sel_0006,719,2
ord_002805,2,prod_000778,sel_0044,1912,2
ord_002806,1,prod_000761,sel_0032,639,1
ord_002807,1,prod_000996,sel_0012,2137,2
ord_002808,1,prod_001070,sel_0023,11999,1
ord_002809,1,prod_000751,sel_0024,1199,2
ord_002810,1,prod_000227,sel_0004,989,1
ord_002811,1,prod_001062,sel_0026,299,1
ord_002812,1,prod_000517,sel_0033,2749,1
ord_002812,2,prod_000499,sel_0041,16099,1
ord_002813,1,prod_001012,sel_0039,2274,1
ord_002813,2,prod_000757,sel_0013,759,1
ord_002814,1,prod_000944,sel_0002,2249,1
ord_002814,2,prod_000204,sel_0007,2812,2
ord_002814,3,prod_000859,sel_0016,3612,1
ord_002815,1,prod_000954,sel_0007,799,1
ord_002816,1,prod_000896,sel_0038,1119,2
ord_002816,2,prod_001053,sel_0055,30749,1
ord_002817,1,prod_001087,sel_0004,639,1
ord_002817,2,prod_000165,sel_0056,1329,1
ord_002817,3,prod_000756,sel_0042,489,1
ord_002818,1,prod_000882,sel_0019,629,1
ord_002818,2,prod_000113,sel_0050,14999,1
ord_002818,3,prod_000005,sel_0059,6499,1
ord_002819,1,prod_000319,sel_0059,959,1
ord_002819,2,prod_000820,sel_0048,1999,2
ord_002820,1,prod_000649,sel_0047,7124,1
ord_002820,2,prod_000325,sel_0040,2437,2
ord_002820,3,prod_000111,sel_0050,4599,1
ord_002821,1,prod_000168,sel_0025,11049,1
ord_002822,1,prod_000200,sel_0005,539,2
ord_002823,1,prod_000988,sel_0048,524,1
ord_002824,1,prod_000064,sel_0009,2762,1
ord_002824,2,prod_000397,sel_0001,3187,1
ord_002824,3,prod_000170,sel_0045,22399,1
ord_002825,1,prod_000301,sel_0029,1424,2
ord_002825,2,prod_000534,sel_0014,2437,1
ord_002826,1,prod_000386,sel_0036,1574,1
ord_002826,2,prod_000313,sel_0046,1399,1
ord_002827,1,prod_000858,sel_0058,1329,1
ord_002827,2,prod_000218,sel_0002,10199,1
ord_002827,3,prod_000968,sel_0055,2024,2
ord_002828,1,prod_000968,sel_0055,2024,1
ord_002828,2,prod_000957,sel_0027,934,1
ord_002829,1,prod_000843,sel_0052,1799,1
ord_002829,2,prod_000381,sel_0043,3999,2
ord_002830,1,prod_001039,sel_0018,989,1
ord_002831,1,prod_000503,sel_0037,679,2
ord_002832,1,prod_000072,sel_0008,1687,1
ord_002832,2,prod_000190,sel_0019,934,1
ord_002833,1,prod_000353,sel_0039,1874,1
ord_002834,1,prod_001084,sel_0046,799,1
ord_002835,1,prod_000411,sel_0002,1799,1
ord_002836,1,prod_000782,sel_0030,719,2
ord_002837,1,prod_000818,sel_0042,449,1
ord_002837,2,prod_000510,sel_0053,399,1
ord_002838,1,prod_000197,sel_0048,899,1
ord_002839,1,prod_000520,sel_0011,989,2
ord_002839,2,prod_000354,sel_0007,1574,1
ord_002839,3,prod_001022,sel_0036,599,1
ord_002840,1,prod_000283,sel_0034,199,1
ord_002840,2,prod_000379,sel_0010,3149,1
ord_002840,3,prod_000365,sel_0029,719,1
ord_002841,1,prod_000467,sel_0011,42999,2
ord_002841,2,prod_000438,sel_0041,4312,1
ord_002842,1,prod_000512,sel_0006,509,1
ord_002843,1,prod_000383,sel_0045,2612,1
ord_002843,2,prod_000967,sel_0041,1439,1
ord_002844,1,prod_000356,sel_0025,629,1
ord_002845,1,prod_000221,sel_0049,1349,1
ord_002846,1,prod_000792,sel_0024,839,1
ord_002846,2,prod_000192,sel_0027,1399,2
ord_002846,3,prod_000365,sel_0029,719,1
ord_002847,1,prod_000108,sel_0032,5774,1
ord_002847,2,prod_000012,sel_0015,664,1
ord_002848,1,prod_000449,sel_0012,23399,1
ord_002849,1,prod_000410,sel_0038,8249,2
ord_002850,1,prod_000848,sel_0025,899,1
ord_002851,1,prod_000116,sel_0010,7424,2
ord_002851,2,prod_000479,sel_0037,2999,1
ord_002851,3,prod_001005,sel_0054,1599,2
ord_002852,1,prod_000852,sel_0026,1599,2
ord_002852,2,prod_000062,sel_0048,279299,2
ord_002853,1,prod_000418,sel_0028,8549,1
ord_002854,1,prod_000342,sel_0024,849,1
ord_002854,2,prod_000751,sel_0024,1199,1
ord_002854,3,prod_000656,sel_0044,799,2
ord_002855,1,prod_000249,sel_0007,7837,1
ord_002855,2,prod_000373,sel_0004,3749,2
ord_002856,1,prod_001071,sel_0013,4599,1
ord_002857,1,prod_000692,sel_0033,319,1
ord_002857,2,prod_000161,sel_0053,639,1
ord_002857,3,prod_000149,sel_0026,10999,1
ord_002858,1,prod_000051,sel_0007,6299,1
ord_002859,1,prod_000887,sel_0022,1119,1
ord_002860,1,prod_000686,sel_0012,1104,1
ord_002860,2,prod_000090,sel_0039,27999,2
ord_002860,3,prod_000313,sel_0046,1399,1
ord_002861,1,prod_000961,sel_0054,899,1
ord_002862,1,prod_000749,sel_0028,629,2
ord_002863,1,prod_000465,sel_0047,20299,1
ord_002863,2,prod_000008,sel_0003,1924,1
ord_002863,3,prod_001076,sel_0008,1799,1
ord_002864,1,prod_000342,sel_0024,849,1
ord_002864,2,prod_000375,sel_0012,1519,1
ord_002864,3,prod_000550,sel_0033,2399,1
ord_002865,1,prod_000962,sel_0044,599,2
ord_002865,2,prod_000158,sel_0058,979,1
ord_002866,1,prod_000084,sel_0048,679,1
ord_002867,1,prod_000044,sel_0038,4599,1
ord_002867,2,prod_000172,sel_0028,664,1
ord_002867,3,prod_000841,sel_0023,2999,1
ord_002868,1,prod_000210,sel_0015,974,2
ord_002868,2,prod_000571,sel_0056,2612,1
ord_002869,1,prod_001075,sel_0025,559,1
ord_002869,2,prod_000232,sel_0012,5999,1
ord_002870,1,prod_000170,sel_0045,22399,1
ord_002871,1,prod_000686,sel_0012,1104,1
ord_002872,1,prod_000149,sel_0026,10999,1
ord_002873,1,prod_000833,sel_0006,719,2
ord_002873,2,prod_000541,sel_0025,3499,1
ord_002874,1,prod_000501,sel_0048,1999,1
ord_002874,2,prod_000151,sel_0038,1599,2
ord_002875,1,prod_000012,sel_0015,664,2
ord_002875,2,prod_000564,sel_0033,6999,1
ord_002875,3,prod_001009,sel_0018,479,1
ord_002876,1,prod_000587,sel_0048,10999,2
ord_002877,1,prod_000920,sel_0019,799,1
ord_002878,1,prod_000943,sel_0015,824,1
ord_002878,2,prod_000109,sel_0051,5524,1
ord_002878,3,prod_000863,sel_0032,1274,1
ord_002879,1,prod_000707,sel_0029,2749,2
ord_002879,2,prod_000588,sel_0039,7124,2
ord_002880,1,prod_000304,sel_0010,1189,1
ord_002880,2,prod_000278,sel_0055,2337,2
ord_002881,1,prod_000527,sel_0011,1912,1
ord_002882,1,prod_001075,sel_0025,559,1
ord_002883,1,prod_000425,sel_0029,11999,1
ord_002883,2,prod_000358,sel_0011,3249,1
ord_002884,1,prod_000160,sel_0043,3374,1
ord_002884,2,prod_000082,sel_0005,599,1
ord_002885,1,prod_000887,sel_0022,1119,1
ord_002886,1,prod_000510,sel_0053,399,2
ord_002886,2,prod_000987,sel_0030,879,1
ord_002887,1,prod_000603,sel_0006,15199,1
ord_002887,2,prod_000183,sel_0010,539,1
ord_002888,1,prod_000366,sel_0048,979,1
ord_002889,1,prod_000790,sel_0032,1119,1
ord_002890,1,prod_000048,sel_0005,719,2
ord_002890,2,prod_000675,sel_0057,1699,2
ord_002891,1,prod_000930,sel_0056,854,1
ord_002891,2,prod_000258,sel_0051,10449,1
ord_002891,3,prod_000532,sel_0035,10199,1
ord_002892,1,prod_000591,sel_0029,8399,1
ord_002892,2,prod_000727,sel_0035,1599,1
ord_002893,1,prod_000750,sel_0014,2699,2
ord_002894,1,prod_000733,sel_0041,2124,1
ord_002894,2,prod_000516,sel_0051,1924,2
ord_002895,1,prod_000231,sel_0028,3999,2
ord_002896,1,prod_000837,sel_0040,1119,1
ord_002897,1,prod_000474,sel_0025,1439,1
ord_002897,2,prod_001039,sel_0018,989,1
ord_002897,3,prod_000987,sel_0030,879,2
ord_002898,1,prod_001097,sel_0042,799,2
ord_002899,1,prod_000409,sel_0056,3999,1
ord_002900,1,prod_000254,sel_0044,21249,1
ord_002900,2,prod_000848,sel_0025,899,1
ord_002901,1,prod_000434,sel_0048,11699,1
ord_002901,2,prod_000849,sel_0016,664,1
ord_002902,1,prod_000262,sel_0015,19599,1
ord_002903,1,prod_000347,sel_0027,6999,1
ord_002904,1,prod_000017,sel_0060,7199,1
ord_002905,1,prod_000459,sel_0024,3599,1
ord_002906,1,prod_000825,sel_0029,1349,2
ord_002906,2,prod_000007,sel_0051,2124,2
ord_002907,1,prod_000375,sel_0012,1519,1
ord_002908,1,prod_001050,sel_0018,1439,1
ord_002909,1,prod_000588,sel_0039,7124,1
ord_002909,2,prod_000104,sel_0006,6374,2
ord_002910,1,prod_000124,sel_0026,17999,1
ord_002911,1,prod_000873,sel_0029,1599,1
ord_002912,1,prod_000370,sel_0015,1039,1
ord_002912,2,prod_000580,sel_0051,9499,1
ord_002913,1,prod_000482,sel_0018,13599,1
ord_002914,1,prod_000776,sel_0046,1519,1
ord_002914,2,prod_000566,sel_0028,14249,2
ord_002914,3,prod_000349,sel_0007,949,2
ord_002915,1,prod_000116,sel_0010,7424,1
ord_002916,1,prod_001046,sel_0010,1119,1
ord_002916,2,prod_000116,sel_0010,7424,1
ord_002917,1,prod_000922,sel_0023,2024,1
ord_002917,2,prod_000333,sel_0052,1499,1
ord_002917,3,prod_000136,sel_0014,9599,2
ord_002918,1,prod_000771,sel_0038,449,1
ord_002919,1,prod_000524,sel_0058,934,2
ord_002920,1,prod_000063,sel_0006,1999,1
ord_002920,2,prod_000817,sel_0015,3374,1
ord_002920,3,prod_000042,sel_0037,1439,1
ord_002921,1,prod_001081,sel_0011,1439,2
ord_002921,2,prod_000458,sel_0001,8249,1
ord_002921,3,prod_000368,sel_0010,594,1
ord_002922,1,prod_000446,sel_0050,2812,2
ord_002922,2,prod_000278,sel_0055,2337,2
ord_002923,1,prod_000654,sel_0032,254,1
ord_002924,1,prod_000654,sel_0032,254,1
ord_002924,2,prod_001033,sel_0028,419,1
ord_002924,3,prod_000089,sel_0012,959,1
ord_002925,1,prod_000254,sel_0044,21249,1
ord_002925,2,prod_000066,sel_0011,1874,1
ord_002926,1,prod_000839,sel_0018,1359,1
ord_002926,2,prod_000249,sel_0007,7837,1
ord_002926,3,prod_000398,sel_0008,3399,2
ord_002927,1,prod_000058,sel_0032,1499,1
ord_002927,2,prod_000376,sel_0007,2249,1
ord_002927,3,prod_000476,sel_0028,1329,1
ord_002928,1,prod_000732,sel_0029,1519,1
ord_002928,2,prod_000955,sel_0043,2499,2
ord_002928,3,prod_000004,sel_0022,13499,1
ord_002929,1,prod_000063,sel_0006,1999,1
ord_002930,1,prod_000826,sel_0038,349,1
ord_002930,2,prod_000715,sel_0019,1499,1
ord_002931,1,prod_000385,sel_0024,2374,1
ord_002931,2,prod_000486,sel_0059,26099,2
ord_002931,3,prod_000304,sel_0010,1189,1
ord_002932,1,prod_000203,sel_0041,15199,1
ord_002933,1,prod_000968,sel_0055,2024,1
ord_002933,2,prod_000622,sel_0022,379,1
ord_002934,1,prod_000948,sel_0046,1259,2
ord_002934,2,prod_000097,sel_0052,35249,1
ord_002935,1,prod_000134,sel_0016,34849,1
ord_002935,2,prod_000288,sel_0033,18699,2
ord_002935,3,prod_001063,sel_0001,769,1
ord_002936,1,prod_000179,sel_0037,2474,2
ord_002936,2,prod_000290,sel_0015,1599,2
ord_002937,1,prod_001048,sel_0035,539,1
ord_002938,1,prod_000018,sel_0049,18999,1
ord_002939,1,prod_000983,sel_0002,1619,1
ord_002939,2,prod_000208,sel_0060,1529,1
ord_002939,3,prod_000164,sel_0040,2437,1
ord_002940,1,prod_000120,sel_0052,16999,2
ord_002940,2,prod_000714,sel_0039,2474,1
ord_002941,1,prod_000630,sel_0012,36099,2
ord_002941,2,prod_000388,sel_0008,2124,1
ord_002942,1,prod_000065,sel_0008,1599,1
ord_002943,1,prod_000854,sel_0035,1049,1
ord_002943,2,prod_000844,sel_0020,4049,1
ord_002944,1,prod_001065,sel_0001,2699,1
ord_002945,1,prod_000516,sel_0051,1924,1
ord_002945,2,prod_001009,sel_0018,479,1
ord_002946,1,prod_000551,sel_0004,10799,1
ord_002947,1,prod_000557,sel_0023,2799,1
ord_002948,1,prod_000281,sel_0016,3374,1
ord_002948,2,prod_000722,sel_0009,759,1
ord_002948,3,prod_000054,sel_0040,719,1
ord_002949,1,prod_000266,sel_0001,3249,1
ord_002949,2,prod_000110,sel_0048,26099,2
ord_002950,1,prod_000885,sel_0008,759,1
ord_002951,1,prod_000413,sel_0014,4274,1
ord_002952,1,prod_000188,sel_0053,489,2
ord_002953,1,prod_000092,sel_0014,1169,1
ord_002953,2,prod_000465,sel_0047,20299,1
ord_002953,3,prod_000402,sel_0025,8249,1
ord_002954,1,prod_000733,sel_0041,2124,1
ord_002955,1,prod_000035,sel_0059,6499,1
ord_002955,2,prod_000967,sel_0041,1439,1
ord_002956,1,prod_000177,sel_0003,1999,1
ord_002957,1,prod_000430,sel_0018,2999,2
ord_002958,1,prod_000409,sel_0056,3999,1
ord_002958,2,prod_000875,sel_0007,599,2
ord_002959,1,prod_000559,sel_0058,11899,1
ord_002959,2,prod_000345,sel_0035,1499,1
ord_002960,1,prod_000578,sel_0016,6187,1
ord_002961,1,prod_000371,sel_0003,1749,1
ord_002961,2,prod_000465,sel_0047,20299,1
ord_002962,1,prod_000513,sel_0040,1439,1
ord_002963,1,prod_000809,sel_0001,1119,1
ord_002963,2,prod_001060,sel_0055,8999,1
ord_002963,3,prod_000490,sel_0024,2749,1
ord_002964,1,prod_000690,sel_0024,989,1
ord_002965,1,prod_000589,sel_0002,8287,1
ord_002965,2,prod_000010,sel_0005,1499,1
ord_002965,3,prod_000756,sel_0042,489,2
ord_002966,1,prod_000170,sel_0045,22399,1
ord_002967,1,prod_000971,sel_0023,254,1
ord_002967,2,prod_001080,sel_0012,1349,2
ord_002967,3,prod_000362,sel_0007,769,1
ord_002968,1,prod_000849,sel_0016,664,2
ord_002969,1,prod_000030,sel_0044,2437,1
ord_002969,2,prod_000639,sel_0001,1874,1
ord_002970,1,prod_000758,sel_0029,949,2
ord_002970,2,prod_000957,sel_0027,934,1
ord_002971,1,prod_000427,sel_0023,4887,2
ord_002972,1,prod_000482,sel_0018,13599,1
ord_002973,1,prod_000523,sel_0023,26999,1
ord_002974,1,prod_000127,sel_0016,22499,1
ord_002975,1,prod_000225,sel_0006,1874,1
ord_002976,1,prod_000112,sel_0052,5424,1
ord_002977,1,prod_001037,sel_0042,349,1
ord_002977,2,prod_000438,sel_0041,4312,1
ord_002978,1,prod_000957,sel_0027,934,2
ord_002979,1,prod_000333,sel_0052,1499,1
ord_002980,1,prod_000534,sel_0014,2437,1
ord_002981,1,prod_000064,sel_0009,2762,1
ord_002981,2,prod_000795,sel_0060,1169,1
ord_002982,1,prod_000894,sel_0044,1399,1
ord_002982,2,prod_000646,sel_0028,12799,1
ord_002983,1,prod_000157,sel_0057,1999,1
ord_002984,1,prod_000946,sel_0046,1199,1
ord_002985,1,prod_000112,sel_0052,5424,1
ord_002986,1,prod_000760,sel_0006,1199,2
ord_002986,2,prod_000306,sel_0048,2024,1
ord_002987,1,prod_000366,sel_0048,979,1
ord_002988,1,prod_000290,sel_0015,1599,1
ord_002989,1,prod_000098,sel_0017,599,2
ord_002990,1,prod_000816,sel_0031,769,1
ord_002991,1,prod_000816,sel_0031,769,1
ord_002991,2,prod_000283,sel_0034,199,2
ord_002991,3,prod_000368,sel_0010,594,2
ord_002992,1,prod_000349,sel_0007,949,1
ord_002992,2,prod_000300,sel_0025,3499,1
ord_002993,1,prod_000513,sel_0040,1439,1
ord_002993,2,prod_000751,sel_0024,1199,1
ord_002994,1,prod_000139,sel_0046,7837,1
ord_002995,1,prod_000534,sel_0014,2437,2
ord_002995,2,prod_000466,sel_0032,11399,1
ord_002996,1,prod_000295,sel_0035,4312,1
ord_002997,1,prod_000405,sel_0018,3399,1
ord_002997,2,prod_000961,sel_0054,899,1
ord_002997,3,prod_000543,sel_0012,3999,1
ord_002998,1,prod_000151,sel_0038,1599,1
ord_002999,1,prod_000101,sel_0039,26399,2
ord_003000,1,prod_000600,sel_0021,13999,1
ord_003000,2,prod_000114,sel_0014,5437,1
ord_003001,1,prod_000314,sel_0012,8549,2
ord_003001,2,prod_000685,sel_0025,854,1
ord_003001,3,prod_000609,sel_0022,13599,1
ord_003002,1,prod_000233,sel_0058,799,1
ord_003002,2,prod_000455,sel_0029,3199,1
ord_003003,1,prod_000678,sel_0050,999,2
ord_003004,1,prod_000228,sel_0009,1039,1
ord_003005,1,prod_000718,sel_0029,489,1
ord_003006,1,prod_000134,sel_0016,34849,1
ord_003006,2,prod_000761,sel_0032,639,1
ord_003006,3,prod_000052,sel_0035,1999,1
ord_003007,1,prod_000701,sel_0011,1329,1
ord_003007,2,prod_000850,sel_0035,2437,1
ord_003008,1,prod_000783,sel_0017,1259,1
ord_003009,1,prod_000133,sel_0055,17249,1
ord_003010,1,prod_000339,sel_0042,1439,1
ord_003011,1,prod_000700,sel_0008,1119,1
ord_003012,1,prod_001094,sel_0055,594,2
ord_003013,1,prod_000989,sel_0040,449,1
ord_003013,2,prod_000575,sel_0038,3324,1
ord_003014,1,prod_000653,sel_0003,899,1
ord_003014,2,prod_001059,sel_0014,33999,2
ord_003015,1,prod_000131,sel_0028,7199,2
ord_003015,2,prod_000788,sel_0056,349,2
ord_003016,1,prod_000638,sel_0011,909,2
ord_003016,2,prod_000354,sel_0007,1574,1
ord_003017,1,prod_000711,sel_0039,1709,1
ord_003018,1,prod_000025,sel_0027,1049,1
ord_003018,2,prod_001090,sel_0031,699,1
ord_003019,1,prod_000995,sel_0041,1799,1
ord_003020,1,prod_000395,sel_0012,4312,1
ord_003020,2,prod_001082,sel_0030,1259,1
ord_003021,1,prod_000453,sel_0018,3612,1
ord_003021,2,prod_000730,sel_0018,509,1
ord_003021,3,prod_000467,sel_0011,42999,1
ord_003022,1,prod_000764,sel_0027,854,1
ord_003023,1,prod_000143,sel_0014,7799,1
ord_003023,2,prod_000129,sel_0018,23999,1
ord_003023,3,prod_001098,sel_0059,2099,1
ord_003024,1,prod_000699,sel_0037,1199,1
ord_003024,2,prod_000693,sel_0009,799,1
ord_003025,1,prod_001059,sel_0014,33999,1
ord_003026,1,prod_000080,sel_0037,1119,1
ord_003026,2,prod_000908,sel_0053,269,1
ord_003026,3,prod_000112,sel_0052,5424,1
ord_003027,1,prod_000521,sel_0020,3187,1
ord_003027,2,prod_000119,sel_0014,6199,1
ord_003028,1,prod_000548,sel_0046,749,1
ord_003028,2,prod_000937,sel_0007,539,1
ord_003029,1,prod_000737,sel_0013,2124,2
ord_003029,2,prod_001078,sel_0035,3749,1
ord_003029,3,prod_000208,sel_0060,1529,1
ord_003030,1,prod_000806,sel_0032,349,1
ord_003030,2,prod_000233,sel_0058,799,1
ord_003031,1,prod_000947,sel_0055,1799,1
ord_003032,1,prod_000635,sel_0056,1279,1
ord_003033,1,prod_000723,sel_0039,934,2
ord_003034,1,prod_001032,sel_0046,839,1
ord_003034,2,prod_000701,sel_0011,1329,2
ord_003034,3,prod_000973,sel_0009,3599,1
ord_003035,1,prod_000316,sel_0023,3087,1
ord_003036,1,prod_000022,sel_0026,1439,1
ord_003037,1,prod_000971,sel_0023,254,1
ord_003037,2,prod_000868,sel_0018,664,1
ord_003038,1,prod_000466,sel_0032,11399,1
ord_003038,2,prod_000102,sel_0048,4599,2
ord_003038,3,prod_000808,sel_0017,479,2
ord_003039,1,prod_000513,sel_0040,1439,1
ord_003040,1,prod_000201,sel_0024,2999,1
ord_003040,2,prod_000449,sel_0012,23399,1
ord_003041,1,prod_000229,sel_0052,979,2
ord_003041,2,prod_000187,sel_0052,14399,1
ord_003042,1,prod_000961,sel_0054,899,1
ord_003042,2,prod_000815,sel_0025,4687,1
ord_003042,3,prod_001081,sel_0011,1439,1
ord_003043,1,prod_000723,sel_0039,934,1
ord_003043,2,prod_000804,sel_0010,639,1
ord_003043,3,prod_001000,sel_0029,2437,1
ord_003044,1,prod_000316,sel_0023,3087,1
ord_003045,1,prod_000806,sel_0032,349,1
ord_003046,1,prod_000743,sel_0031,1709,1
ord_003047,1,prod_000537,sel_0024,2749,1
ord_003048,1,prod_000099,sel_0053,1799,1
ord_003049,1,prod_000874,sel_0002,1139,2
ord_003049,2,prod_000015,sel_0039,5774,1
ord_003050,1,prod_001073,sel_0033,629,1
ord_003050,2,prod_000821,sel_0019,599,2
ord_003051,1,prod_000254,sel_0044,21249,1
ord_003052,1,prod_000892,sel_0045,899,1
ord_003053,1,prod_000264,sel_0021,7124,1
ord_003053,2,prod_000037,sel_0047,1999,1
ord_003054,1,prod_000914,sel_0057,629,1
ord_003054,2,prod_001100,sel_0013,639,1
ord_003054,3,prod_000923,sel_0015,449,2
ord_003055,1,prod_000566,sel_0028,14249,1
ord_003056,1,prod_000341,sel_0022,2249,2
ord_003056,2,prod_000980,sel_0046,3249,2
ord_003057,1,prod_000503,sel_0037,679,1
ord_003057,2,prod_000298,sel_0033,2624,1
ord_003057,3,prod_000469,sel_0026,1709,2
ord_003058,1,prod_000588,sel_0039,7124,1
ord_003059,1,prod_000367,sel_0044,3399,1
ord_003060,1,prod_000325,sel_0040,2437,2
ord_003061,1,prod_000376,sel_0007,2249,2
ord_003062,1,prod_000082,sel_0005,599,1
ord_003063,1,prod_001040,sel_0007,2449,1
ord_003063,2,prod_001092,sel_0026,559,1
ord_003064,1,prod_000892,sel_0045,899,1
ord_003064,2,prod_000612,sel_0040,2249,1
ord_003065,1,prod_000455,sel_0029,3199,1
ord_003065,2,prod_001028,sel_0060,9599,2
ord_003066,1,prod_000725,sel_0005,599,1
ord_003067,1,prod_000681,sel_0036,934,2
ord_003067,2,prod_000888,sel_0037,799,1
ord_003067,3,prod_000093,sel_0039,1899,1
ord_003068,1,prod_000576,sel_0040,4749,1
ord_003069,1,prod_000431,sel_0038,4499,2
ord_003070,1,prod_000449,sel_0012,23399,2
ord_003071,1,prod_000618,sel_0058,2399,1
ord_003071,2,prod_000588,sel_0039,7124,1
ord_003072,1,prod_000268,sel_0045,4199,1
ord_003072,2,prod_000199,sel_0002,839,1
ord_003073,1,prod_000004,sel_0022,13499,1
ord_003074,1,prod_000088,sel_0038,2762,1
ord_003074,2,prod_000336,sel_0009,839,1
ord_003075,1,prod_000653,sel_0003,899,1
ord_003076,1,prod_000062,sel_0048,279299,1
ord_003076,2,prod_001008,sel_0036,479,1
ord_003077,1,prod_000601,sel_0005,17599,1
ord_003077,2,prod_000907,sel_0024,1079,2
ord_003078,1,prod_000719,sel_0017,1079,1
ord_003078,2,prod_000787,sel_0035,719,1
ord_003079,1,prod_000613,sel_0047,4312,2
ord_003080,1,prod_000008,sel_0003,1924,1
ord_003081,1,prod_000194,sel_0049,359,1
ord_003081,2,prod_000238,sel_0043,679,1
ord_003082,1,prod_000898,sel_0035,399,2
ord_003082,2,prod_000209,sel_0043,769,1
ord_003083,1,prod_000897,sel_0037,879,2
ord_003084,1,prod_000394,sel_0005,764,1
ord_003085,1,prod_000681,sel_0036,934,2
ord_003086,1,prod_000833,sel_0006,719,1
ord_003086,2,prod_000161,sel_0053,639,1
ord_003087,1,prod_000444,sel_0050,4987,2
ord_003087,2,prod_000014,sel_0035,6499,2
ord_003087,3,prod_000198,sel_0029,3562,1
ord_003088,1,prod_000272,sel_0010,4887,1
ord_003088,2,prod_000615,sel_0034,5774,1
ord_003088,3,prod_000661,sel_0032,639,1
ord_003089,1,prod_000341,sel_0022,2249,1
ord_003089,2,prod_000813,sel_0033,509,1
ord_003090,1,prod_000865,sel_0020,1199,1
ord_003091,1,prod_000937,sel_0007,539,1
ord_003091,2,prod_000279,sel_0027,4599,1
ord_003091,3,prod_000039,sel_0020,1049,1
ord_003092,1,prod_000838,sel_0043,1099,1
ord_003092,2,prod_000039,sel_0020,1049,2
ord_003093,1,prod_000204,sel_0007,2812,1
ord_003094,1,prod_000931,sel_0019,2124,1
ord_003095,1,prod_000414,sel_0012,3849,2
ord_003096,1,prod_000568,sel_0020,8999,1
ord_003097,1,prod_000004,sel_0022,13499,1
ord_003098,1,prod_000835,sel_0003,1519,2
ord_003099,1,prod_000025,sel_0027,1049,1
ord_003099,2,prod_000545,sel_0057,3562,1
ord_003099,3,prod_000656,sel_0044,799,2
ord_003100,1,prod_000436,sel_0041,10799,1
ord_003101,1,prod_000372,sel_0013,2437,1
ord_003102,1,prod_000350,sel_0002,1079,1
ord_003103,1,prod_000902,sel_0035,1699,1
ord_003104,1,prod_000577,sel_0004,11199,2
ord_003105,1,prod_000655,sel_0028,824,1
ord_003106,1,prod_000292,sel_0051,2999,2
ord_003106,2,prod_000054,sel_0040,719,1
ord_003107,1,prod_000122,sel_0048,11249,2
ord_003108,1,prod_000852,sel_0026,1599,1
ord_003109,1,prod_000217,sel_0009,719,1
ord_003109,2,prod_000746,sel_0037,599,1
ord_003110,1,prod_000515,sel_0044,11399,1
ord_003110,2,prod_000619,sel_0034,1599,2
ord_003111,1,prod_000204,sel_0007,2812,1
ord_003112,1,prod_000894,sel_0044,1399,1
ord_003113,1,prod_000934,sel_0032,2374,1
ord_003113,2,prod_000169,sel_0048,2999,1
ord_003113,3,prod_000889,sel_0060,2374,1
ord_003114,1,prod_000802,sel_0007,4124,1
ord_003115,1,prod_000946,sel_0046,1199,1
ord_003115,2,prod_001069,sel_0035,1424,1
ord_003115,3,prod_000660,sel_0037,799,1
ord_003116,1,prod_000739,sel_0046,374,1
ord_003117,1,prod_000733,sel_0041,2124,1
ord_003117,2,prod_000598,sel_0006,12599,1
ord_003118,1,prod_000249,sel_0007,7837,1
ord_003119,1,prod_000484,sel_0020,4037,1
ord_003119,2,prod_000716,sel_0014,539,2
ord_003119,3,prod_000869,sel_0017,759,2
ord_003120,1,prod_000841,sel_0023,2999,1
ord_003121,1,prod_000138,sel_0013,14249,2
ord_003121,2,prod_000605,sel_0013,3999,1
ord_003122,1,prod_000238,sel_0043,679,1
ord_003123,1,prod_000484,sel_0020,4037,1
ord_003123,2,prod_000301,sel_0029,1424,1
ord_003124,1,prod_001020,sel_0024,799,1
ord_003125,1,prod_000160,sel_0043,3374,2
ord_003125,2,prod_000470,sel_0026,3999,2
ord_003126,1,prod_000287,sel_0045,3799,1
ord_003127,1,prod_000045,sel_0036,879,1
ord_003127,2,prod_000716,sel_0014,539,1
ord_003128,1,prod_001045,sel_0001,404,1
ord_003129,1,prod_000567,sel_0032,11899,1
ord_003129,2,prod_000480,sel_0042,16499,2
ord_003130,1,prod_000833,sel_0006,719,1
ord_003130,2,prod_000981,sel_0055,559,2
ord_003131,1,prod_000464,sel_0034,2599,2
ord_003132,1,prod_000719,sel_0017,1079,2
ord_003133,1,prod_000230,sel_0025,1799,2
ord_003133,2,prod_000011,sel_0009,1687,2
ord_003133,3,prod_000808,sel_0017,479,1
ord_003134,1,prod_000585,sel_0034,3749,2
ord_003135,1,prod_000871,sel_0037,1099,1
ord_003136,1,prod_000288,sel_0033,18699,1
ord_003137,1,prod_000403,sel_0043,2799,2
ord_003137,2,prod_000045,sel_0036,879,1
ord_003137,3,prod_000775,sel_0050,824,1
ord_003138,1,prod_000421,sel_0033,2249,1
ord_003138,2,prod_000172,sel_0028,664,1
ord_003139,1,prod_000018,sel_0049,18999,2
ord_003139,2,prod_000619,sel_0034,1599,1
ord_003139,3,prod_000483,sel_0033,8999,1
ord_003140,1,prod_000654,sel_0032,254,1
ord_003140,2,prod_000837,sel_0040,1119,2
ord_003140,3,prod_000175,sel_0009,719,2
ord_003141,1,prod_000156,sel_0013,1119,1
ord_003141,2,prod_000695,sel_0060,2337,1
ord_003142,1,prod_000364,sel_0008,2124,1
ord_003142,2,prod_000769,sel_0024,479,1
ord_003143,1,prod_000524,sel_0058,934,2
ord_003143,2,prod_000713,sel_0049,1599,2
ord_003144,1,prod_000613,sel_0047,4312,1
ord_003145,1,prod_000806,sel_0032,349,1
ord_003146,1,prod_000296,sel_0054,7599,1
ord_003146,2,prod_000381,sel_0043,3999,1
ord_003147,1,prod_001029,sel_0040,749,1
ord_003147,2,prod_000267,sel_0006,5462,1
ord_003148,1,prod_000793,sel_0052,799,2
ord_003149,1,prod_000945,sel_0034,1699,2
ord_003149,2,prod_000171,sel_0017,1199,1
ord_003150,1,prod_000235,sel_0054,9099,2
ord_003150,2,prod_000305,sel_0054,1049,2
ord_003151,1,prod_000532,sel_0035,10199,1
ord_003152,1,prod_000678,sel_0050,999,1
ord_003153,1,prod_000009,sel_0014,1399,1
ord_003154,1,prod_001006,sel_0056,849,1
ord_003154,2,prod_000686,sel_0012,1104,2
ord_003155,1,prod_000853,sel_0040,629,1
ord_003156,1,prod_000401,sel_0055,14699,1
ord_003157,1,prod_000066,sel_0011,1874,2
ord_003157,2,prod_000650,sel_0033,1259,1
ord_003157,3,prod_000156,sel_0013,1119,1
ord_003158,1,prod_001081,sel_0011,1439,2
ord_003159,1,prod_000728,sel_0050,599,1
ord_003160,1,prod_000207,sel_0055,2249,1
ord_003161,1,prod_000833,sel_0006,719,1
ord_003161,2,prod_000891,sel_0043,719,1
ord_003162,1,prod_000113,sel_0050,14999,1
ord_003162,2,prod_000031,sel_0027,599,1
ord_003163,1,prod_000209,sel_0043,769,2
ord_003163,2,prod_001025,sel_0053,1119,1
ord_003163,3,prod_000228,sel_0009,1039,1
ord_003164,1,prod_000131,sel_0028,7199,2
ord_003164,2,prod_000378,sel_0060,2762,1
ord_003165,1,prod_000014,sel_0035,6499,1
ord_003165,2,prod_000724,sel_0024,1049,1
ord_003166,1,prod_000621,sel_0032,3374,1
ord_003167,1,prod_001039,sel_0018,989,1
ord_003168,1,prod_000161,sel_0053,639,1
ord_003168,2,prod_000961,sel_0054,899,2
ord_003169,1,prod_000762,sel_0047,1119,1
ord_003169,2,prod_000138,sel_0013,14249,1
ord_003170,1,prod_000002,sel_0037,4462,1
ord_003171,1,prod_000970,sel_0056,4274,1
ord_003171,2,prod_000872,sel_0041,1099,1
ord_003172,1,prod_000858,sel_0058,1329,1
ord_003173,1,prod_000281,sel_0016,3374,1
ord_003174,1,prod_000443,sel_0017,11049,1
ord_003174,2,prod_000270,sel_0021,2999,1
ord_003175,1,prod_000726,sel_0006,999,1
ord_003175,2,prod_000387,sel_0029,2274,1
ord_003175,3,prod_000187,sel_0052,14399,1
ord_003176,1,prod_000547,sel_0049,1687,2
ord_003176,2,prod_000297,sel_0034,5174,1
ord_003177,1,prod_000564,sel_0033,6999,1
ord_003178,1,prod_000819,sel_0032,664,1
ord_003178,2,prod_001091,sel_0017,1119,1
ord_003179,1,prod_000791,sel_0008,2124,2
ord_003179,2,prod_000967,sel_0041,1439,1
ord_003179,3,prod_000476,sel_0028,1329,1
ord_003180,1,prod_000907,sel_0024,1079,1
ord_003180,2,prod_001010,sel_0022,1329,2
ord_003180,3,prod_000057,sel_0046,1574,1
ord_003181,1,prod_000060,sel_0026,1099,1
ord_003181,2,prod_000916,sel_0048,764,1
ord_003182,1,prod_000939,sel_0038,1044,1
ord_003182,2,prod_000664,sel_0042,934,1
ord_003182,3,prod_000200,sel_0005,539,1
ord_003183,1,prod_000179,sel_0037,2474,2
ord_003184,1,prod_000172,sel_0028,664,2
ord_003185,1,prod_000301,sel_0029,1424,1
ord_003186,1,prod_000946,sel_0046,1199,1
ord_003187,1,prod_000684,sel_0025,594,1
ord_003187,2,prod_000806,sel_0032,349,1
ord_003188,1,prod_000327,sel_0024,1899,1
ord_003188,2,prod_000787,sel_0035,719,1
ord_003188,3,prod_000970,sel_0056,4274,1
ord_003189,1,prod_000583,sel_0054,7199,1
ord_003190,1,prod_000090,sel_0039,27999,1
ord_003190,2,prod_000200,sel_0005,539,1
ord_003191,1,prod_000758,sel_0029,949,1
ord_003192,1,prod_000665,sel_0029,1399,2
ord_003193,1,prod_000693,sel_0009,799,1
ord_003194,1,prod_000815,sel_0025,4687,1
ord_003194,2,prod_001094,sel_0055,594,1
ord_003195,1,prod_000477,sel_0006,5074,1
ord_003196,1,prod_000230,sel_0025,1799,2
ord_003197,1,prod_000854,sel_0035,1049,1
ord_003197,2,prod_000007,sel_0051,2124,1
ord_003197,3,prod_000167,sel_0005,1199,1
ord_003198,1,prod_000256,sel_0031,5174,2
ord_003198,2,prod_000946,sel_0046,1199,1
ord_003199,1,prod_000082,sel_0005,599,1
ord_003200,1,prod_000154,sel_0049,1499,1
ord_003200,2,prod_000967,sel_0041,1439,1
ord_003201,1,prod_000820,sel_0048,1999,1
ord_003202,1,prod_000900,sel_0001,1019,1
ord_003203,1,prod_000207,sel_0055,2249,1
ord_003203,2,prod_000434,sel_0048,11699,1
ord_003204,1,prod_000399,sel_0031,2437,1
ord_003205,1,prod_000442,sel_0043,6599,1
ord_003205,2,prod_000050,sel_0005,1529,2
ord_003206,1,prod_000548,sel_0046,749,1
ord_003207,1,prod_000199,sel_0002,839,1
ord_003207,2,prod_000465,sel_0047,20299,1
ord_003207,3,prod_000739,sel_0046,374,2
ord_003208,1,prod_000272,sel_0010,4887,1
ord_003208,2,prod_001003,sel_0025,4249,1
ord_003209,1,prod_000602,sel_0014,6499,1
ord_003210,1,prod_000953,sel_0036,639,1
ord_003210,2,prod_000714,sel_0039,2474,1
ord_003210,3,prod_000291,sel_0001,13599,1
ord_003211,1,prod_000531,sel_0053,1439,1
ord_003212,1,prod_001034,sel_0040,1749,1
ord_003213,1,prod_001095,sel_0005,2612,2
ord_003213,2,prod_000295,sel_0035,4312,1
ord_003213,3,prod_000620,sel_0017,1019,2
ord_003214,1,prod_000593,sel_0055,4499,2
ord_003215,1,prod_000485,sel_0024,11999,2
ord_003216,1,prod_000949,sel_0051,2124,1
ord_003216,2,prod_000792,sel_0024,839,1
ord_003217,1,prod_000544,sel_0001,11999,1
ord_003218,1,prod_000001,sel_0036,1874,1
ord_003219,1,prod_000924,sel_0028,799,1
ord_003220,1,prod_000956,sel_0016,1199,2
ord_003220,2,prod_000271,sel_0038,5174,2
ord_003220,3,prod_000433,sel_0046,4274,1
ord_003221,1,prod_000484,sel_0020,4037,1
ord_003221,2,prod_000972,sel_0058,539,1
ord_003221,3,prod_000098,sel_0017,599,1
ord_003222,1,prod_000899,sel_0004,1687,1
ord_003223,1,prod_000857,sel_0009,2249,1
ord_003224,1,prod_000123,sel_0029,10499,2
ord_003225,1,prod_000059,sel_0024,1749,1
ord_003226,1,prod_000594,sel_0009,11999,2
ord_003227,1,prod_001036,sel_0001,1119,1
ord_003227,2,prod_000879,sel_0018,1039,2
ord_003228,1,prod_001071,sel_0013,4599,1
ord_003228,2,prod_000393,sel_0027,3199,1
ord_003229,1,prod_000580,sel_0051,9499,2
ord_003230,1,prod_000700,sel_0008,1119,2
ord_003230,2,prod_000467,sel_0011,42999,1
ord_003230,3,prod_000390,sel_0007,799,1
ord_003231,1,prod_000280,sel_0033,4599,1
ord_003231,2,prod_001015,sel_0019,1259,1
ord_003232,1,prod_000517,sel_0033,2749,2
ord_003233,1,prod_000863,sel_0032,1274,1
ord_003233,2,prod_000165,sel_0056,1329,1
ord_003233,3,prod_000647,sel_0008,559,1
ord_003234,1,prod_000641,sel_0019,7799,1
ord_003234,2,prod_000247,sel_0052,699,1
ord_003234,3,prod_000295,sel_0035,4312,1
ord_003235,1,prod_000891,sel_0043,719,1
ord_003236,1,prod_000473,sel_0030,20299,1
ord_003236,2,prod_000749,sel_0028,629,1
ord_003237,1,prod_000879,sel_0018,1039,1
ord_003238,1,prod_000599,sel_0059,2624,1
ord_003238,2,prod_000373,sel_0004,3749,2
ord_003239,1,prod_000297,sel_0034,5174,1
ord_003240,1,prod_000669,sel_0024,489,1
ord_003240,2,prod_001016,sel_0031,399,1
ord_003241,1,prod_000171,sel_0017,1199,1
ord_003242,1,prod_000372,sel_0013,2437,1
ord_003242,2,prod_001004,sel_0025,679,1
ord_003242,3,prod_000101,sel_0039,26399,1
ord_003243,1,prod_000753,sel_0008,1199,1
ord_003244,1,prod_000412,sel_0002,6299,1
ord_003244,2,prod_000234,sel_0031,2999,1
ord_003244,3,prod_000097,sel_0052,35249,1
ord_003245,1,prod_000887,sel_0022,1119,1
ord_003246,1,prod_000537,sel_0024,2749,1
ord_003246,2,prod_000754,sel_0023,3374,1
ord_003246,3,prod_001062,sel_0026,299,1
ord_003247,1,prod_000720,sel_0008,1104,1
ord_003247,2,prod_000124,sel_0026,17999,1
ord_003247,3,prod_000620,sel_0017,1019,2
ord_003248,1,prod_000831,sel_0023,1424,1
ord_003249,1,prod_000088,sel_0038,2762,1
ord_003249,2,prod_000730,sel_0018,509,2
ord_003250,1,prod_000049,sel_0060,1349,1
ord_003251,1,prod_000019,sel_0007,9749,1
ord_003251,2,prod_001090,sel_0031,699,1
ord_003252,1,prod_000707,sel_0029,2749,1
ord_003252,2,prod_000479,sel_0037,2999,1
ord_003253,1,prod_000559,sel_0058,11899,1
ord_003253,2,prod_000216,sel_0023,1049,2
ord_003253,3,prod_000551,sel_0004,10799,1
ord_003254,1,prod_000291,sel_0001,13599,1
ord_003254,2,prod_000145,sel_0035,7862,2
ord_003255,1,prod_000370,sel_0015,1039,1
ord_003256,1,prod_000163,sel_0030,3249,1
ord_003257,1,prod_000649,sel_0047,7124,2
ord_003258,1,prod_000918,sel_0029,1039,1
ord_003258,2,prod_000805,sel_0010,679,1
ord_003259,1,prod_000906,sel_0044,699,1
ord_003259,2,prod_000885,sel_0008,759,1
ord_003260,1,prod_001073,sel_0033,629,1
ord_003261,1,prod_000496,sel_0014,17099,1
ord_003262,1,prod_000833,sel_0006,719,2
ord_003262,2,prod_000923,sel_0015,449,2
ord_003263,1,prod_000455,sel_0029,3199,1
ord_003264,1,prod_000946,sel_0046,1199,1
ord_003265,1,prod_000816,sel_0031,769,2
ord_003266,1,prod_000251,sel_0002,38949,2
ord_003266,2,prod_000158,sel_0058,979,1
ord_003267,1,prod_000465,sel_0047,20299,1
ord_003268,1,prod_000739,sel_0046,374,2
ord_003268,2,prod_000193,sel_0057,38699,2
ord_003269,1,prod_000476,sel_0028,1329,2
ord_003269,2,prod_000475,sel_0040,1614,1
ord_003270,1,prod_000678,sel_0050,999,1
ord_003271,1,prod_000159,sel_0049,1599,1
ord_003272,1,prod_000746,sel_0037,599,2
ord_003273,1,prod_001015,sel_0019,1259,1
ord_003273,2,prod_000885,sel_0008,759,2
ord_003273,3,prod_000745,sel_0017,559,1
ord_003274,1,prod_000666,sel_0048,719,1
ord_003275,1,prod_000454,sel_0014,1169,2
ord_003276,1,prod_000289,sel_0017,9899,1
ord_003276,2,prod_000366,sel_0048,979,1
ord_003277,1,prod_000062,sel_0048,279299,1
ord_003277,2,prod_000044,sel_0038,4599,1
ord_003278,1,prod_001060,sel_0055,8999,2
ord_003278,2,prod_001067,sel_0037,1999,1
ord_003279,1,prod_000557,sel_0023,2799,2
ord_003279,2,prod_000208,sel_0060,1529,1
ord_003279,3,prod_000243,sel_0045,1709,1
ord_003280,1,prod_000250,sel_0050,489,1
ord_003281,1,prod_000806,sel_0032,349,2
ord_003282,1,prod_000706,sel_0040,2374,1
ord_003283,1,prod_001031,sel_0008,399,1
ord_003283,2,prod_000791,sel_0008,2124,2
ord_003284,1,prod_000334,sel_0037,2337,1
ord_003285,1,prod_000472,sel_0050,7199,2
ord_003285,2,prod_000628,sel_0051,4462,1
ord_003285,3,prod_001036,sel_0001,1119,1
ord_003286,1,prod_000390,sel_0007,799,2
ord_003287,1,prod_000368,sel_0010,594,1
ord_003287,2,prod_001049,sel_0009,1574,1
ord_003288,1,prod_001066,sel_0011,1519,1
ord_003288,2,prod_000567,sel_0032,11899,1
ord_003289,1,prod_000954,sel_0007,799,1
ord_003290,1,prod_000618,sel_0058,2399,1
ord_003290,2,prod_000528,sel_0036,1439,1
ord_003291,1,prod_000803,sel_0054,2249,1
ord_003292,1,prod_001032,sel_0046,839,1
ord_003292,2,prod_000928,sel_0027,629,1
ord_003293,1,prod_000268,sel_0045,4199,1
ord_003293,2,prod_000985,sel_0038,3849,1
ord_003293,3,prod_000108,sel_0032,5774,1
ord_003294,1,prod_000703,sel_0019,799,1
ord_003295,1,prod_000678,sel_0050,999,1
ord_003296,1,prod_000486,sel_0059,26099,2
ord_003297,1,prod_000525,sel_0036,974,1
ord_003298,1,prod_000555,sel_0036,8999,1
ord_003299,1,prod_000887,sel_0022,1119,1
ord_003299,2,prod_000755,sel_0032,559,1
ord_003300,1,prod_001000,sel_0029,2437,2
ord_003300,2,prod_000523,sel_0023,26999,2
ord_003301,1,prod_000080,sel_0037,1119,1
ord_003302,1,prod_000482,sel_0018,13599,1
ord_003302,2,prod_001020,sel_0024,799,1
ord_003303,1,prod_000726,sel_0006,999,1
ord_003303,2,prod_000425,sel_0029,11999,1
ord_003304,1,prod_000702,sel_0008,474,1
ord_003304,2,prod_000653,sel_0003,899,1
ord_003304,3,prod_000579,sel_0013,1039,1
ord_003305,1,prod_000875,sel_0007,599,1
ord_003306,1,prod_000189,sel_0019,4874,1
ord_003306,2,prod_000548,sel_0046,749,1
ord_003307,1,prod_000112,sel_0052,5424,1
ord_003308,1,prod_000529,sel_0056,1049,1
ord_003308,2,prod_000083,sel_0009,1189,1
ord_003308,3,prod_000531,sel_0053,1439,1
ord_003309,1,prod_000871,sel_0037,1099,1
ord_003309,2,prod_000527,sel_0011,1912,1
ord_003310,1,prod_000640,sel_0025,1079,1
ord_003310,2,prod_000381,sel_0043,3999,2
ord_003310,3,prod_000149,sel_0026,10999,1
ord_003311,1,prod_000026,sel_0019,3399,1
ord_003312,1,prod_000930,sel_0056,854,1
ord_003312,2,prod_000676,sel_0060,2099,1
ord_003313,1,prod_001007,sel_0054,319,2
ord_003313,2,prod_000621,sel_0032,3374,2
ord_003313,3,prod_000877,sel_0050,5312,1
ord_003314,1,prod_000603,sel_0006,15199,1
ord_003314,2,prod_001097,sel_0042,799,1
ord_003314,3,prod_000537,sel_0024,2749,1
ord_003315,1,prod_000699,sel_0037,1199,1
ord_003315,2,prod_000436,sel_0041,10799,2
ord_003315,3,prod_000790,sel_0032,1119,1
ord_003316,1,prod_000116,sel_0010,7424,2
ord_003317,1,prod_000637,sel_0057,4499,1
ord_003317,2,prod_000926,sel_0058,1199,1
ord_003318,1,prod_000008,sel_0003,1924,1
ord_003319,1,prod_000159,sel_0049,1599,1
ord_003320,1,prod_000781,sel_0005,2249,1
ord_003321,1,prod_000912,sel_0040,1439,1
ord_003322,1,prod_000546,sel_0049,1749,1
ord_003323,1,prod_000705,sel_0052,479,1
ord_003324,1,prod_000323,sel_0051,699,1
ord_003325,1,prod_000762,sel_0047,1119,1
ord_003326,1,prod_000219,sel_0018,1329,1
ord_003326,2,prod_000689,sel_0034,314,1
ord_003327,1,prod_000588,sel_0039,7124,1
ord_003328,1,prod_000012,sel_0015,664,2
ord_003329,1,prod_000131,sel_0028,7199,1
ord_003329,2,prod_000694,sel_0003,1399,1
ord_003330,1,prod_000316,sel_0023,3087,1
ord_003330,2,prod_000690,sel_0024,989,2
ord_003331,1,prod_001098,sel_0059,2099,1
ord_003331,2,prod_000640,sel_0025,1079,1
ord_003331,3,prod_000707,sel_0029,2749,1
ord_003332,1,prod_000649,sel_0047,7124,2
ord_003333,1,prod_000468,sel_0025,13999,1
ord_003333,2,prod_000746,sel_0037,599,2
ord_003334,1,prod_000770,sel_0032,599,2
ord_003335,1,prod_000543,sel_0012,3999,2
ord_003335,2,prod_000817,sel_0015,3374,1
ord_003335,3,prod_000959,sel_0009,1359,2
ord_003336,1,prod_000269,sel_0035,19799,2
ord_003336,2,prod_000343,sel_0024,1799,1
ord_003337,1,prod_000657,sel_0020,674,1
ord_003338,1,prod_000498,sel_0041,31499,1
ord_003339,1,prod_001009,sel_0018,479,2
ord_003339,2,prod_000597,sel_0035,6649,1
ord_003339,3,prod_000865,sel_0020,1199,1
ord_003340,1,prod_000415,sel_0019,2474,1
ord_003340,2,prod_000724,sel_0024,1049,1
ord_003340,3,prod_000059,sel_0024,1749,1
ord_003341,1,prod_000885,sel_0008,759,1
ord_003342,1,prod_000385,sel_0024,2374,1
ord_003342,2,prod_000613,sel_0047,4312,2
ord_003343,1,prod_000562,sel_0057,9499,2
ord_003343,2,prod_000083,sel_0009,1189,1
ord_003344,1,prod_000229,sel_0052,979,2
ord_003345,1,prod_000559,sel_0058,11899,1
ord_003346,1,prod_000257,sel_0054,4887,2
ord_003346,2,prod_000087,sel_0057,11999,2
ord_003347,1,prod_001095,sel_0005,2612,2
ord_003347,2,prod_001093,sel_0031,849,1
ord_003348,1,prod_001096,sel_0028,1399,1
ord_003349,1,prod_000390,sel_0007,799,1
ord_003349,2,prod_000364,sel_0008,2124,1
ord_003350,1,prod_000653,sel_0003,899,1
ord_003351,1,prod_001068,sel_0030,10499,1
ord_003351,2,prod_000011,sel_0009,1687,1
ord_003352,1,prod_000184,sel_0036,759,1
ord_003353,1,prod_000248,sel_0052,629,1
ord_003354,1,prod_000565,sel_0055,22799,1
ord_003355,1,prod_000591,sel_0029,8399,1
ord_003355,2,prod_000344,sel_0013,879,2
ord_003356,1,prod_000336,sel_0009,839,2
ord_003356,2,prod_000465,sel_0047,20299,1
ord_003356,3,prod_001033,sel_0028,419,1
ord_003357,1,prod_000946,sel_0046,1199,1
ord_003358,1,prod_000539,sel_0025,1189,1
ord_003358,2,prod_000875,sel_0007,599,1
ord_003359,1,prod_000844,sel_0020,4049,1
ord_003360,1,prod_000877,sel_0050,5312,1
ord_003360,2,prod_000751,sel_0024,1199,1
ord_003361,1,prod_001039,sel_0018,989,1
ord_003361,2,prod_000525,sel_0036,974,1
ord_003362,1,prod_000039,sel_0020,1049,1
ord_003363,1,prod_000945,sel_0034,1699,2
ord_003364,1,prod_000214,sel_0003,2999,1
ord_003365,1,prod_000271,sel_0038,5174,1
ord_003365,2,prod_000774,sel_0056,799,2
ord_003366,1,prod_001071,sel_0013,4599,1
ord_003366,2,prod_000195,sel_0040,2924,1
ord_003366,3,prod_000543,sel_0012,3999,1
ord_003367,1,prod_000274,sel_0044,3399,1
ord_003368,1,prod_000377,sel_0012,1999,1
ord_003369,1,prod_000804,sel_0010,639,2
ord_003370,1,prod_000511,sel_0021,934,1
ord_003371,1,prod_000598,sel_0006,12599,1
ord_003372,1,prod_000002,sel_0037,4462,2
ord_003373,1,prod_001029,sel_0040,749,2
ord_003374,1,prod_000663,sel_0001,989,2
ord_003375,1,prod_000101,sel_0039,26399,1
ord_003376,1,prod_001018,sel_0026,854,1
ord_003376,2,prod_000839,sel_0018,1359,1
ord_003376,3,prod_000196,sel_0022,719,2
ord_003377,1,prod_001065,sel_0001,2699,1
ord_003377,2,prod_001091,sel_0017,1119,1
ord_003377,3,prod_000171,sel_0017,1199,1
ord_003378,1,prod_000686,sel_0012,1104,1
ord_003379,1,prod_000238,sel_0043,679,1
ord_003379,2,prod_001038,sel_0052,2124,1
ord_003380,1,prod_000279,sel_0027,4599,1
ord_003380,2,prod_001060,sel_0055,8999,1
ord_003381,1,prod_001045,sel_0001,404,1
ord_003382,1,prod_000071,sel_0049,489,1
ord_003382,2,prod_000739,sel_0046,374,1
ord_003382,3,prod_000774,sel_0056,799,1
ord_003383,1,prod_000128,sel_0018,15999,1
ord_003384,1,prod_000543,sel_0012,3999,1
ord_003384,2,prod_000615,sel_0034,5774,2
ord_003385,1,prod_000052,sel_0035,1999,1
ord_003386,1,prod_000304,sel_0010,1189,1
ord_003387,1,prod_000149,sel_0026,10999,1
ord_003387,2,prod_000708,sel_0007,799,1
ord_003388,1,prod_000569,sel_0043,42749,1
ord_003388,2,prod_001089,sel_0043,399,1
ord_003388,3,prod_000043,sel_0020,2612,2
ord_003389,1,prod_000556,sel_0013,7399,1
ord_003389,2,prod_000208,sel_0060,1529,1
ord_003389,3,prod_000889,sel_0060,2374,1
ord_003390,1,prod_000497,sel_0045,40799,1
ord_003390,2,prod_000226,sel_0011,719,1
ord_003391,1,prod_000837,sel_0040,1119,2
ord_003391,2,prod_000274,sel_0044,3399,1
ord_003392,1,prod_000074,sel_0031,7649,1
ord_003392,2,prod_001017,sel_0005,639,1
ord_003393,1,prod_000810,sel_0034,899,2
ord_003393,2,prod_000432,sel_0012,10799,1
ord_003394,1,prod_000302,sel_0031,2599,1
ord_003395,1,prod_000039,sel_0020,1049,2
ord_003395,2,prod_000054,sel_0040,719,2
ord_003396,1,prod_000341,sel_0022,2249,1
ord_003397,1,prod_000240,sel_0046,1049,2
ord_003397,2,prod_001080,sel_0012,1349,1
ord_003397,3,prod_000093,sel_0039,1899,2
ord_003398,1,prod_001050,sel_0018,1439,2
ord_003398,2,prod_000885,sel_0008,759,2
ord_003398,3,prod_000833,sel_0006,719,1
ord_003399,1,prod_000190,sel_0019,934,1
ord_003400,1,prod_000756,sel_0042,489,1
ord_003400,2,prod_000028,sel_0048,599,1
ord_003401,1,prod_000284,sel_0060,5949,2
ord_003401,2,prod_000232,sel_0012,5999,2
ord_003401,3,prod_000298,sel_0033,2624,2
ord_003402,1,prod_001045,sel_0001,404,1
ord_003402,2,prod_000589,sel_0002,8287,1
ord_003403,1,prod_000122,sel_0048,11249,1
ord_003403,2,prod_000650,sel_0033,1259,2
ord_003404,1,prod_000823,sel_0042,559,1
ord_003404,2,prod_000293,sel_0035,25499,1
ord_003404,3,prod_000375,sel_0012,1519,1
ord_003405,1,prod_000318,sel_0013,1259,1
ord_003405,2,prod_001004,sel_0025,679,1
ord_003405,3,prod_000488,sel_0047,1439,2
ord_003406,1,prod_000075,sel_0051,3249,1
ord_003406,2,prod_001062,sel_0026,299,2
ord_003407,1,prod_000169,sel_0048,2999,1
ord_003408,1,prod_000781,sel_0005,2249,1
ord_003409,1,prod_000664,sel_0042,934,1
ord_003410,1,prod_000929,sel_0024,1049,2
ord_003410,2,prod_001027,sel_0033,719,1
ord_003411,1,prod_000533,sel_0014,599,1
ord_003411,2,prod_000213,sel_0053,16149,1
ord_003412,1,prod_000226,sel_0011,719,1
ord_003412,2,prod_000736,sel_0015,699,1
ord_003412,3,prod_000260,sel_0001,6399,2
ord_003413,1,prod_000978,sel_0023,599,1
ord_003414,1,prod_000552,sel_0033,13299,1
ord_003415,1,prod_000292,sel_0051,2999,1
ord_003416,1,prod_000040,sel_0017,719,1
ord_003417,1,prod_001066,sel_0011,1519,1
ord_003417,2,prod_000558,sel_0060,18199,1
ord_003417,3,prod_000451,sel_0010,5524,1
ord_003418,1,prod_000783,sel_0017,1259,1
ord_003418,2,prod_000785,sel_0026,839,2
ord_003419,1,prod_000785,sel_0026,839,1
ord_003420,1,prod_000113,sel_0050,14999,1
ord_003420,2,prod_000346,sel_0036,1599,2
ord_003420,3,prod_000923,sel_0015,449,2
ord_003421,1,prod_000257,sel_0054,4887,1
ord_003421,2,prod_000161,sel_0053,639,1
ord_003422,1,prod_000185,sel_0037,1199,1
ord_003423,1,prod_000237,sel_0033,5524,2
ord_003423,2,prod_000970,sel_0056,4274,1
ord_003423,3,prod_000294,sel_0060,13599,2
ord_003424,1,prod_000418,sel_0028,8549,1
ord_003424,2,prod_001089,sel_0043,399,1
ord_003425,1,prod_000641,sel_0019,7799,2
ord_003426,1,prod_000059,sel_0024,1749,1
ord_003426,2,prod_000965,sel_0053,854,1
ord_003427,1,prod_000492,sel_0048,7012,1
ord_003427,2,prod_000260,sel_0001,6399,1
ord_003427,3,prod_000644,sel_0032,18899,1
ord_003428,1,prod_000695,sel_0060,2337,1
ord_003429,1,prod_000131,sel_0028,7199,1
ord_003429,2,prod_001077,sel_0036,262,1
ord_003429,3,prod_000842,sel_0024,2437,1
ord_003430,1,prod_000577,sel_0004,11199,1
ord_003430,2,prod_000254,sel_0044,21249,1
ord_003430,3,prod_000015,sel_0039,5774,1
ord_003431,1,prod_000120,sel_0052,16999,2
ord_003431,2,prod_000181,sel_0020,1439,1
ord_003431,3,prod_000108,sel_0032,5774,1
ord_003432,1,prod_001051,sel_0056,974,1
ord_003432,2,prod_000006,sel_0050,20249,1
ord_003433,1,prod_000077,sel_0003,7424,1
ord_003434,1,prod_000388,sel_0008,2124,1
ord_003435,1,prod_000497,sel_0045,40799,1
ord_003435,2,prod_000997,sel_0030,3499,1
ord_003436,1,prod_000804,sel_0010,639,2
ord_003437,1,prod_000442,sel_0043,6599,1
ord_003438,1,prod_000582,sel_0045,12999,1
ord_003438,2,prod_001027,sel_0033,719,1
ord_003438,3,prod_000326,sel_0055,824,1
ord_003439,1,prod_000543,sel_0012,3999,1
ord_003440,1,prod_000378,sel_0060,2762,2
ord_003441,1,prod_000456,sel_0054,2249,2
ord_003441,2,prod_000026,sel_0019,3399,2
ord_003442,1,prod_000099,sel_0053,1799,2
ord_003443,1,prod_000300,sel_0025,3499,1
ord_003443,2,prod_000100,sel_0044,809,2
ord_003444,1,prod_000080,sel_0037,1119,1
ord_003445,1,prod_000097,sel_0052,35249,1
ord_003445,2,prod_000382,sel_0046,764,1
ord_003446,1,prod_000334,sel_0037,2337,1
ord_003446,2,prod_000426,sel_0041,2274,1
ord_003447,1,prod_001096,sel_0028,1399,2
ord_003447,2,prod_000696,sel_0032,854,2
ord_003447,3,prod_000891,sel_0043,719,1
ord_003448,1,prod_000763,sel_0037,899,1
ord_003448,2,prod_000357,sel_0054,2249,1
ord_003449,1,prod_000304,sel_0010,1189,1
ord_003450,1,prod_000132,sel_0024,10449,1
ord_003451,1,prod_001079,sel_0016,332,1
ord_003452,1,prod_000211,sel_0050,599,1
ord_003453,1,prod_000359,sel_0043,1924,1
ord_003454,1,prod_000605,sel_0013,3999,2
ord_003454,2,prod_000771,sel_0038,449,2
ord_003455,1,prod_000291,sel_0001,13599,2
ord_003455,2,prod_001032,sel_0046,839,1
ord_003455,3,prod_000912,sel_0040,1439,1
ord_003456,1,prod_000356,sel_0025,629,2
ord_003456,2,prod_000661,sel_0032,639,1
ord_003456,3,prod_000708,sel_0007,799,1
ord_003457,1,prod_000680,sel_0049,1039,1
ord_003458,1,prod_000840,sel_0036,1519,1
ord_003458,2,prod_001029,sel_0040,749,2
ord_003458,3,prod_001012,sel_0039,2274,1
ord_003459,1,prod_000752,sel_0035,262,2
ord_003459,2,prod_000576,sel_0040,4749,1
ord_003460,1,prod_000490,sel_0024,2749,1
ord_003460,2,prod_000323,sel_0051,699,2
ord_003461,1,prod_000044,sel_0038,4599,1
ord_003462,1,prod_000879,sel_0018,1039,1
ord_003462,2,prod_000757,sel_0013,759,1
ord_003463,1,prod_000122,sel_0048,11249,2
ord_003464,1,prod_000645,sel_0040,4999,1
ord_003465,1,prod_000025,sel_0027,1049,2
ord_003466,1,prod_000989,sel_0040,449,1
ord_003466,2,prod_001099,sel_0030,1259,1
ord_003466,3,prod_000751,sel_0024,1199,1
ord_003467,1,prod_000338,sel_0041,1199,2
ord_003467,2,prod_000158,sel_0058,979,1
ord_003468,1,prod_000385,sel_0024,2374,2
ord_003469,1,prod_001049,sel_0009,1574,1
ord_003469,2,prod_000925,sel_0045,1359,2
ord_003470,1,prod_000874,sel_0002,1139,2
ord_003470,2,prod_000870,sel_0050,1614,2
ord_003471,1,prod_000543,sel_0012,3999,1
ord_003472,1,prod_000181,sel_0020,1439,1
ord_003472,2,prod_000346,sel_0036,1599,1
ord_003472,3,prod_000405,sel_0018,3399,1
ord_003473,1,prod_000028,sel_0048,599,1
ord_003473,2,prod_000120,sel_0052,16999,1
ord_003473,3,prod_001047,sel_0058,10499,1
ord_003474,1,prod_000102,sel_0048,4599,1
ord_003475,1,prod_000535,sel_0038,764,1
ord_003476,1,prod_000914,sel_0057,629,1
ord_003476,2,prod_000307,sel_0034,1899,2
ord_003477,1,prod_000681,sel_0036,934,1
ord_003478,1,prod_000526,sel_0060,599,1
ord_003479,1,prod_001026,sel_0027,559,1
ord_003480,1,prod_000598,sel_0006,12599,1
ord_003481,1,prod_000272,sel_0010,4887,1
ord_003481,2,prod_000625,sel_0022,4249,2
ord_003482,1,prod_000231,sel_0028,3999,1
ord_003482,2,prod_000904,sel_0035,1519,1
ord_003483,1,prod_000871,sel_0037,1099,2
ord_003484,1,prod_000205,sel_0039,2374,1
ord_003485,1,prod_000556,sel_0013,7399,1
ord_003486,1,prod_000438,sel_0041,4312,1
ord_003486,2,prod_000564,sel_0033,6999,1
ord_003486,3,prod_000736,sel_0015,699,2
ord_003487,1,prod_000670,sel_0036,1399,1
ord_003488,1,prod_000017,sel_0060,7199,1
ord_003488,2,prod_000141,sel_0010,12749,1
ord_003489,1,prod_000887,sel_0022,1119,2
ord_003490,1,prod_000477,sel_0006,5074,1
ord_003490,2,prod_001025,sel_0053,1119,1
ord_003490,3,prod_000104,sel_0006,6374,1
ord_003491,1,prod_000087,sel_0057,11999,1
ord_003491,2,prod_000628,sel_0051,4462,1
ord_003492,1,prod_000929,sel_0024,1049,1
ord_003493,1,prod_000275,sel_0057,18399,1
ord_003494,1,prod_000659,sel_0001,1359,1
ord_003495,1,prod_000395,sel_0012,4312,2
ord_003495,2,prod_000255,sel_0041,21249,1
ord_003496,1,prod_000843,sel_0052,1799,2
ord_003497,1,prod_000189,sel_0019,4874,1
ord_003498,1,prod_000193,sel_0057,38699,2
ord_003499,1,prod_000165,sel_0056,1329,1
ord_003500,1,prod_000621,sel_0032,3374,2
