product_id,category_id,seller_id,name,sku,price,discount_percent,stock,rating,review_count,units_sold,image,description
prod_000001,1,sel_0036,"Wireless Earbuds, Bluetooth 5.3 Earphones with 4 HD ENC Noise Canceling Mic, 42H Playtime, Bluetooth Sport Headphones Touch Control with...",CRT-AUD-00001,2499,25,113,4.7,1609,802,https://m.media-amazon.com/images/I/71FbxVUAVyL._AC_UL320_.jpg,"Authentic Headphones & Audio product. Built with high-grade components, tested for peak durability, and backed by a 1-year manufacturer warranty. Complete with original accessories and certified packaging."
prod_000002,1,sel_0037,"JBL Tune 710BT Wireless Over-Ear Bluetooth Headphones with Microphone, 50H Battery, Hands-Free Calls, Portable (Blue)",CRT-AUD-00002,5249,15,118,4.5,5304,866,https://m.media-amazon.com/images/I/61WaMevsRHS._AC_UL320_.jpg,"Authentic Headphones & Audio product. Built with high-grade components, tested for peak durability, and backed by a 1-year manufacturer warranty. Complete with original accessories and certified packaging."
prod_000003,1,sel_0027,"sephia SP3060 Earbuds - HD Bass Driven Audio, Lightweight Aluminum Wired in Ear Earbud Headphones, S/M/L Ear Bud Tips, Earphone Case...",CRT-AUD-00003,1199,25,75,4.3,33881,1223,https://m.media-amazon.com/images/I/71R07jDtoGL._AC_UL320_.jpg,"Authentic Headphones & Audio product. Built with high-grade components, tested for peak durability, and backed by a 1-year manufacturer warranty. Complete with original accessories and certified packaging."
prod_000004,1,sel_0022,"SAMSUNG Galaxy Buds 2 Pro True Wireless Bluetooth Earbuds w/ Noise Cancelling, Hi-Fi Sound, 360 Audio, Comfort Ear Fit, HD Voice...",CRT-AUD-00004,14999,10,126,4.5,3250,708,https://m.media-amazon.com/images/I/51146mqL2nL._AC_UL320_.jpg,"Authentic Headphones & Audio product. Built with high-grade components, tested for peak durability, and backed by a 1-year manufacturer warranty. Complete with original accessories and certified packaging."
prod_000005,1,sel_0059,Raycon The Everyday Bluetooth Wireless Earbuds with Microphone- Stereo Sound in-Ear Bluetooth Headset True Wireless Earbuds 32 Hours...,CRT-AUD-00005,6499,0,64,4.4,24653,419,https://m.media-amazon.com/images/I/61RGAsH2ljL._AC_UL320_.jpg,"Authentic Headphones & Audio product. Built with high-grade components, tested for peak durability, and backed by a 1-year manufacturer warranty. Complete with original accessories and certified packaging."
prod_000006,1,sel_0050,"Bose QuietComfort 45 Wireless Bluetooth Noise Cancelling Headphones, Over-Ear Headphones with Microphone, Personalized Noise...",CRT-AUD-00006,26999,25,134,4.6,19197,1153,https://m.media-amazon.com/images/I/51BsejsSTqL._AC_UL320_.jpg,"Authentic Headphones & Audio product. Built with high-grade components, tested for peak durability, and backed by a 1-year manufacturer warranty. Complete with original accessories and certified packaging."
prod_000007,1,sel_0051,OneOdio Wired Over Ear Headphones Studio Monitor & Mixing DJ Stereo Headsets with 50mm Neodymium Drivers and 1/4 to 3.5mm Jack for AMP...,CRT-AUD-00007,2499,15,52,4.4,67310,1314,https://m.media-amazon.com/images/I/811RreTN3rL._AC_UL320_.jpg,"Authentic Headphones & Audio product. Built with high-grade components, tested for peak durability, and backed by a 1-year manufacturer warranty. Complete with original accessories and certified packaging."
prod_000008,1,sel_0003,TAGRY Bluetooth Headphones True Wireless Earbuds 60H Playback LED Power Display Earphones with Wireless Charging Case IPX5 Waterproof...,CRT-AUD-00008,2749,30,77,4.5,54998,640,https://m.media-amazon.com/images/I/61zJ3-tanCL._AC_UL320_.jpg,"Authentic Headphones & Audio product. Built with high-grade components, tested for peak durability, and backed by a 1-year manufacturer warranty. Complete with original accessories and certified packaging."
prod_000009,1,sel_0014,Kids Headphones - noot products K11 Foldable Stereo Tangle-Free 3.5mm Jack Wired Cord On-Ear Headset for...,CRT-AUD-00009,1399,0,123,4.7,37666,1433,https://m.media-amazon.com/images/I/715Sv8XftgL._AC_UL320_.jpg,"Authentic Headphones & Audio product. Built with high-grade components, tested for peak durability, and backed by a 1-year manufacturer warranty. Complete with original accessories and certified packaging."
prod_000010,1,sel_0005,"PIFFA Bluetooth Headphones Wireless Earbuds, 132Hr Playtime Sports Ear Buds with 1800mAh Digital Display Charging Case, IPX5 Waterproof...",CRT-AUD-00010,1499,0,128,4.8,1161,1308,https://m.media-amazon.com/images/I/71RE7wKOcbL._AC_UL320_.jpg,"Authentic Headphones & Audio product. Built with high-grade components, tested for peak durability, and backed by a 1-year manufacturer warranty. Complete with original accessories and certified packaging."
prod_000011,1,sel_0009,Wireless Earbuds Bluetooth V5.3 Headphones 50H Playback Deep Bass Stereo Ear Buds with LED Power Display Charging Case IPX7 Waterproof...,CRT-AUD-00011,2249,25,75,4.8,436,751,https://m.media-amazon.com/images/I/61-18UB3WWL._AC_UL320_.jpg,"Authentic Headphones & Audio product. Built with high-grade components, tested for peak durability, and backed by a 1-year manufacturer warranty. Complete with original accessories and certified packaging."
prod_000012,1,sel_0015,"Amazon Basics In Ear Wired Headphones, Earbuds with Microphone No Wireless Technology, Black, 0.96 x 0.56 x 0.64in",CRT-AUD-00012,699,5,51,4.2,15947,1285,https://m.media-amazon.com/images/I/51xZdrJfCzL._AC_UL320_.jpg,"Authentic Headphones & Audio product. Built with high-grade components, tested for peak durability, and backed by a 1-year manufacturer warranty. Complete with original accessories and certified packaging."
prod_000013,1,sel_0009,Bluetooth Headphones Wireless Earbuds 80hrs Playtime Wireless Charging Case Digital Display Sports Ear buds with Earhook Premium Deep...,CRT-AUD-00013,2999,10,51,4.7,5096,355,https://m.media-amazon.com/images/I/71G9a1iSpHL._AC_UL320_.jpg,"Authentic Headphones & Audio product. Built with high-grade components, tested for peak durability, and backed by a 1-year manufacturer warranty. Complete with original accessories and certified packaging."
prod_000014,1,sel_0035,"Soundodo Wireless Earbuds for Tv Listening Watching with 5.1 Transmitter Charging Dock,2023 New TWS Ture Wireless Earbuds for tv with...",CRT-AUD-00014,6499,0,66,4.7,8,423,https://m.media-amazon.com/images/I/61AfSZ6o5VL._AC_UL320_.jpg,"Authentic Headphones & Audio product. Built with high-grade components, tested for peak durability, and backed by a 1-year manufacturer warranty. Complete with original accessories and certified packaging."
prod_000015,1,sel_0039,JBL Tune 130NC TWS True Wireless In-Ear Noise Cancelling Headphones,CRT-AUD-00015,8249,30,148,4.2,8392,1268,https://m.media-amazon.com/images/I/51RI5KppdXL._AC_UL320_.jpg,"Authentic Headphones & Audio product. Built with high-grade components, tested for peak durability, and backed by a 1-year manufacturer warranty. Complete with original accessories and certified packaging."
prod_000016,1,sel_0013,"Samsung Galaxy Buds Live, Wireless Earbuds w/Active Noise Cancelling, Mystic Black, International Version",CRT-AUD-00016,5499,10,18,4.5,6488,427,https://m.media-amazon.com/images/I/61noNa-QbFL._AC_UL320_.jpg,"Authentic Headphones & Audio product. Built with high-grade components, tested for peak durability, and backed by a 1-year manufacturer warranty. Complete with original accessories and certified packaging."
prod_000017,1,sel_0060,Status Audio Between Pro True Wireless Earbuds - Small Charging Case - 4 Microphones - Hybrid Triple Driver - 12 + 36 Hour Battery ...,CRT-AUD-00017,7999,10,68,4.2,3067,759,https://m.media-amazon.com/images/I/61iWcvInr9L._AC_UL320_.jpg,"Authentic Headphones & Audio product. Built with high-grade components, tested for peak durability, and backed by a 1-year manufacturer warranty. Complete with original accessories and certified packaging."
prod_000018,1,sel_0049,Bose QuietComfort 45 Bluetooth Wireless Noise Cancelling Headphones - Triple Black (Renewed),CRT-AUD-00018,18999,0,102,4.6,395,398,https://m.media-amazon.com/images/I/51G0LlfO00L._AC_UL320_.jpg,"Authentic Headphones & Audio product. Built with high-grade components, tested for peak durability, and backed by a 1-year manufacturer warranty. Complete with original accessories and certified packaging."
prod_000019,1,sel_0007,Plantronics - CS540 Wireless DECT Headset (Poly) - Single Ear (Mono) Convertible (3 wearing styles) - Connects to Desk Phone - Noise...,CRT-AUD-00019,12999,25,134,4.3,3978,793,https://m.media-amazon.com/images/I/71qVtQnxDzL._AC_UL320_.jpg,"Authentic Headphones & Audio product. Built with high-grade components, tested for peak durability, and backed by a 1-year manufacturer warranty. Complete with original accessories and certified packaging."
prod_000020,1,sel_0020,"ZIUTY Wireless Earbuds, Bluetooth 5.3 Headphones 50H Playtime with LED Digital Display Charging Case, IPX5 Sweatproof Cordless Earphones...",CRT-AUD-00020,1599,10,31,4.4,10146,257,https://m.media-amazon.com/images/I/61CXp9DFaDL._AC_UL320_.jpg,"Authentic Headphones & Audio product. Built with high-grade components, tested for peak durability, and backed by a 1-year manufacturer warranty. Complete with original accessories and certified packaging."
prod_000021,1,sel_0013,SHOKZ OpenRun (AfterShokz Aeropex) - Open-Ear Bluetooth Bone Conduction Sport Headphones - Sweat Resistant Wireless Earphones for...,CRT-AUD-00021,10999,5,72,4.6,19292,1400,https://m.media-amazon.com/images/I/41ulCzxoGoL._AC_UL320_.jpg,"Authentic Headphones & Audio product. Built with high-grade components, tested for peak durability, and backed by a 1-year manufacturer warranty. Complete with original accessories and certified packaging."
prod_000022,1,sel_0026,"Stiive Bluetooth Headphones, 5.3 Wireless Sports Earbuds IPX7 Waterproof with Mic, Stereo Sweatproof in-Ear Earphones, Noise Cancelling...",CRT-AUD-00022,1599,10,65,4.3,4177,1272,https://m.media-amazon.com/images/I/511yLmNj1iL._AC_UL320_.jpg,"Authentic Headphones & Audio product. Built with high-grade components, tested for peak durability, and backed by a 1-year manufacturer warranty. Complete with original accessories and certified packaging."
prod_000023,1,sel_0033,"TOZO NC7 All-Function Hybrid Active Noise Cancelling Wireless Earbuds, Bluetooth 5.3 Headphones with Ultra Long 72H Playtime, in-Ear...",CRT-AUD-00023,3249,0,31,4.3,2407,925,https://m.media-amazon.com/images/I/61b39pK24LL._AC_UL320_.jpg,"Authentic Headphones & Audio product. Built with high-grade components, tested for peak durability, and backed by a 1-year manufacturer warranty. Complete with original accessories and certified packaging."
prod_000024,1,sel_0052,SAMSUNG Galaxy Buds Pro 2 [2022] (SM-R510) - (Violet),CRT-AUD-00024,9999,5,59,4.6,2811,321,https://m.media-amazon.com/images/I/61iqFkdt1dL._AC_UL320_.jpg,"Authentic Headphones & Audio product. Built with high-grade components, tested for peak durability, and backed by a 1-year manufacturer warranty. Complete with original accessories and certified packaging."
prod_000025,1,sel_0027,JLab Go Air True Wireless Bluetooth Earbuds + Charging Case - Dual Connect - IP44 Sweat Resistance - Bluetooth 5.0 Connection - 3 EQ...,CRT-AUD-00025,1399,25,42,4.2,34437,280,https://m.media-amazon.com/images/I/61TOUXD3QWL._AC_UL320_.jpg,"Authentic Headphones & Audio product. Built with high-grade components, tested for peak durability, and backed by a 1-year manufacturer warranty. Complete with original accessories and certified packaging."
prod_000026,1,sel_0019,"Beats Flex Wireless Earbuds – Apple W1 Headphone Chip, Magnetic Earphones, Class 1 Bluetooth, 12 Hours of Listening Time, Built-in...",CRT-AUD-00026,3999,15,130,4.4,49494,621,https://m.media-amazon.com/images/I/51JPEkpWOCL._AC_UL320_.jpg,"Authentic Headphones & Audio product. Built with high-grade components, tested for peak durability, and backed by a 1-year manufacturer warranty. Complete with original accessories and certified packaging."
prod_000027,1,sel_0046,"Jabra Evolve2 65 MS Wireless Headphones with Link380a, Stereo, Black – Bluetooth Headset for Calls and Music, 37 Hours of Battery Life...",CRT-AUD-00027,12999,15,72,4.3,645,1065,https://m.media-amazon.com/images/I/713lu+ONcjL._AC_UL320_.jpg,"Authentic Headphones & Audio product. Built with high-grade components, tested for peak durability, and backed by a 1-year manufacturer warranty. Complete with original accessories and certified packaging."
prod_000028,1,sel_0048,"Rayleigh Wired Earbuds 5 Pack, Earbuds Headphones with Microphone, Earphones with Heavy Bass Stereo Noise Blocking, Compatible with...",CRT-AUD-00028,799,25,142,4.4,4544,1214,https://m.media-amazon.com/images/I/81J7w2G3XlL._AC_UL320_.jpg,"Authentic Headphones & Audio product. Built with high-grade components, tested for peak durability, and backed by a 1-year manufacturer warranty. Complete with original accessories and certified packaging."
prod_000029,1,sel_0047,"Jabra Elite 3 in Ear Wireless Bluetooth Earbuds – Noise Isolating True Wireless Buds with 4 Built-in Microphones for Clear Calls, Rich...",CRT-AUD-00029,5249,25,127,4.2,3110,1337,https://m.media-amazon.com/images/I/51dxQxlMy+L._AC_UL320_.jpg,"Authentic Headphones & Audio product. Built with high-grade components, tested for peak durability, and backed by a 1-year manufacturer warranty. Complete with original accessories and certified packaging."
prod_000030,1,sel_0044,"Bluetooth Headphones, 24H Playback aptX-HD Wireless Earbuds IPX7 Bluetooth 5.2 Earbuds with Magnetic Neckband, Lightweight, Bulit-in...",CRT-AUD-00030,3249,25,48,4.3,948,504,https://m.media-amazon.com/images/I/51MNMnr9kkL._AC_UL320_.jpg,"Authentic Headphones & Audio product. Built with high-grade components, tested for peak durability, and backed by a 1-year manufacturer warranty. Complete with original accessories and certified packaging."
prod_000031,1,sel_0027,"[2 Pack] WEIZY Aux Earbuds, Vize 3.5mm Wired Headphones Noise Isolating Earphones Volume Control & Built-in Microphone Compatible with...",CRT-AUD-00031,799,25,120,4.2,6137,50,https://m.media-amazon.com/images/I/51yhHUl6imL._AC_UL320_.jpg,"Authentic Headphones & Audio product. Built with high-grade components, tested for peak durability, and backed by a 1-year manufacturer warranty. Complete with original accessories and certified packaging."
prod_000032,1,sel_0006,"Pink Wireless Earbuds for Girls,Bluetooth Earbuds Hi-Fi Stereo Noise cancellation Earphones 36H Playtime Bluetooth 5.0 Headphones Touch...",CRT-AUD-00032,3249,30,56,4.3,1233,275,https://m.media-amazon.com/images/I/61cRhavP2IL._AC_UL320_.jpg,"Authentic Headphones & Audio product. Built with high-grade components, tested for peak durability, and backed by a 1-year manufacturer warranty. Complete with original accessories and certified packaging."
prod_000033,1,sel_0014,Poly - Voyager Focus 2 UC USB-A Headset with Stand (Plantronics) - Bluetooth (Stereo) Headset with Boom Mic - USB-A PC/Mac Compatible ...,CRT-AUD-00033,12999,10,123,4.2,2042,223,https://m.media-amazon.com/images/I/71oHjXwrjsS._AC_UL320_.jpg,"Authentic Headphones & Audio product. Built with high-grade components, tested for peak durability, and backed by a 1-year manufacturer warranty. Complete with original accessories and certified packaging."
prod_000034,1,sel_0051,"LORELEI X6 Over-Ear Headphones with Microphone, Lightweight Foldable & Portable Stereo Bass Headphones with 1.45M No-Tangle, Wired...",CRT-AUD-00034,1499,20,75,4.4,11358,174,https://m.media-amazon.com/images/I/51OzNe428mL._AC_UL320_.jpg,"Authentic Headphones & Audio product. Built with high-grade components, tested for peak durability, and backed by a 1-year manufacturer warranty. Complete with original accessories and certified packaging."
prod_000035,1,sel_0059,"Jabra Elite 7 Active True Wireless— Bluetooth Sports Earbuds Shake Grip for Secure in-Ear Fit — Ultimate Workout Earbuds, Adjustable...",CRT-AUD-00035,6499,0,56,4.1,1027,683,https://m.media-amazon.com/images/I/513XA2vgngL._AC_UL320_.jpg,"Authentic Headphones & Audio product. Built with high-grade components, tested for peak durability, and backed by a 1-year manufacturer warranty. Complete with original accessories and certified packaging."
prod_000036,1,sel_0028,"Sony MDREX15AP in-Ear Earbud Headphones with Mic, White",CRT-AUD-00036,699,15,72,4.3,32811,315,https://m.media-amazon.com/images/I/61-1lDnYd2L._AC_UL320_.jpg,"Authentic Headphones & Audio product. Built with high-grade components, tested for peak durability, and backed by a 1-year manufacturer warranty. Complete with original accessories and certified packaging."
prod_000037,1,sel_0047,"Wireless Earbuds, Bluetooth 5.3 Ear Buds LED Power Display Headphones Bass Stereo, Bluetooth Earbuds in-Ear Noise Cancelling Mic, 40H...",CRT-AUD-00037,1999,0,23,4.7,2335,242,https://m.media-amazon.com/images/I/61p6RyiUsWL._AC_UL320_.jpg,"Authentic Headphones & Audio product. Built with high-grade components, tested for peak durability, and backed by a 1-year manufacturer warranty. Complete with original accessories and certified packaging."
prod_000038,1,sel_0009,"mojawa Bone Conduction Headphones, MOJO2 Open Ear Wireless Bluetooth Headphones, Sports Headset with Deep Bass and Secure Fit, IP67...",CRT-AUD-00038,10999,5,57,4,326,921,https://m.media-amazon.com/images/I/51DVRh3mmWL._AC_UL320_.jpg,"Authentic Headphones & Audio product. Built with high-grade components, tested for peak durability, and backed by a 1-year manufacturer warranty. Complete with original accessories and certified packaging."
prod_000039,1,sel_0020,"Skullcandy Dime In-Ear Wireless Earbuds, 12 Hr Battery, Microphone, Works with iPhone Android and Bluetooth Devices - Grey",CRT-AUD-00039,1499,30,108,4.2,40837,991,https://m.media-amazon.com/images/I/71mcT-kQtTL._AC_UL320_.jpg,"Authentic Headphones & Audio product. Built with high-grade components, tested for peak durability, and backed by a 1-year manufacturer warranty. Complete with original accessories and certified packaging."
prod_000040,1,sel_0017,ELECDER i39 Headphones with Microphone Foldable Lightweight Adjustable On Ear Headsets with 3.5mm Jack for Cellphones Computer MP3/4...,CRT-AUD-00040,899,20,64,4.5,11109,799,https://m.media-amazon.com/images/I/71Bjqmmu6qL._AC_UL320_.jpg,"Authentic Headphones & Audio product. Built with high-grade components, tested for peak durability, and backed by a 1-year manufacturer warranty. Complete with original accessories and certified packaging."
prod_000041,1,sel_0018,SAMSUNG Galaxy Buds 2 True Wireless Earbuds Noise Cancelling Ambient Sound Bluetooth Lightweight Comfort Fit Touch Control US Version...,CRT-AUD-00041,5499,30,140,4.4,1551,1377,https://m.media-amazon.com/images/I/41kyDAzwbrL._AC_UL320_.jpg,"Authentic Headphones & Audio product. Built with high-grade components, tested for peak durability, and backed by a 1-year manufacturer warranty. Complete with original accessories and certified packaging."
prod_000042,1,sel_0037,MIDOLA Headphones Bluetooth Wireless Kids Volume Limit 85dB /110dB Over Ear Foldable Noise Protection Headset AUX 3.5mm Cord Mic for...,CRT-AUD-00042,1599,10,22,4.5,11584,152,https://m.media-amazon.com/images/I/51cERreQV0L._AC_UL320_.jpg,"Authentic Headphones & Audio product. Built with high-grade components, tested for peak durability, and backed by a 1-year manufacturer warranty. Complete with original accessories and certified packaging."
prod_000043,1,sel_0020,"Wireless Earbud, Bluetooth Headphones 5.3 Stereo Bass Earphones 2023 Noise Cancelling Ear Buds 40H Dual Mic Call, Bluetooth Earbud...",CRT-AUD-00043,2749,5,50,4.6,11653,1123,https://m.media-amazon.com/images/I/71wybR0-2xL._AC_UL320_.jpg,"Authentic Headphones & Audio product. Built with high-grade components, tested for peak durability, and backed by a 1-year manufacturer warranty. Complete with original accessories and certified packaging."
prod_000044,1,sel_0038,JBL Tune 230NC TWS True Wireless in-Ear Noise Cancelling Headphones - Black (Renewed),CRT-AUD-00044,5749,20,91,4,495,1303,https://m.media-amazon.com/images/I/51-ofyPFTnL._AC_UL320_.jpg,"Authentic Headphones & Audio product. Built with high-grade components, tested for peak durability, and backed by a 1-year manufacturer warranty. Complete with original accessories and certified packaging."
prod_000045,1,sel_0036,"Wired Earbuds in-Ear Headphones,HiFi Magnetic Earphones with Microphone Anti-Tangle Cable,Noise Isolating Ear Buds for...",CRT-AUD-00045,1099,20,36,4.6,11,627,https://m.media-amazon.com/images/I/61XAO4Fg-RL._AC_UL320_.jpg,"Authentic Headphones & Audio product. Built with high-grade components, tested for peak durability, and backed by a 1-year manufacturer warranty. Complete with original accessories and certified packaging."
prod_000046,1,sel_0035,"ELLA'S EARS Wireless Earbuds for Women, 360 Hrs Handmade Rare Australia Shell, 100Hrs Play Time, IP55 Waterproof Bluetooth 5.3...",CRT-AUD-00046,9749,30,148,4.3,232,1357,https://m.media-amazon.com/images/I/51eDgl3Bn9L._AC_UL320_.jpg,"Authentic Headphones & Audio product. Built with high-grade components, tested for peak durability, and backed by a 1-year manufacturer warranty. Complete with original accessories and certified packaging."
prod_000047,1,sel_0022,"Skullcandy Jib In-Ear Wired Earbuds, Microphone, Works with Bluetooth Devices and Computers - Red",CRT-AUD-00047,699,5,82,4.5,9069,1197,https://m.media-amazon.com/images/I/61A6qqNxz8L._AC_UL320_.jpg,"Authentic Headphones & Audio product. Built with high-grade components, tested for peak durability, and backed by a 1-year manufacturer warranty. Complete with original accessories and certified packaging."
prod_000048,1,sel_0005,"1 Hora Wireless Earbuds Bluetooth 5.3, Sports Headphones Deep Bass in-Ear Earphones, Premium Sound with Charging Case, Compatible with...",CRT-AUD-00048,799,10,48,4.5,3907,273,https://m.media-amazon.com/images/I/61r3TQU7XsL._AC_UL320_.jpg,"Authentic Headphones & Audio product. Built with high-grade components, tested for peak durability, and backed by a 1-year manufacturer warranty. Complete with original accessories and certified packaging."
prod_000049,1,sel_0060,ELECDER i37 Kids Headphones Children Girls Boys Teens Foldable Adjustable On Ear Headphones 3.5mm Jack Compatible Cellphones Computer...,CRT-AUD-00049,1499,10,92,4.6,27256,613,https://m.media-amazon.com/images/I/61E8OL0OMfL._AC_UL320_.jpg,"Authentic Headphones & Audio product. Built with high-grade components, tested for peak durability, and backed by a 1-year manufacturer warranty. Complete with original accessories and certified packaging."
prod_000050,1,sel_0005,"Skullcandy Set USB-C In-Ear Wired Earbuds, Microphone, Works with Android Laptop - Black",CRT-AUD-00050,1799,15,19,4.4,818,530,https://m.media-amazon.com/images/I/61ZCQBu3ubL._AC_UL320_.jpg,"Authentic Headphones & Audio product. Built with high-grade components, tested for peak durability, and backed by a 1-year manufacturer warranty. Complete with original accessories and certified packaging."
prod_000051,2,sel_0007,"4U Wall Mount Server Rack Cabinet with 2* Keys, Glass Door, Cabinet Rack Enclosure, 23.6 * 17.7 * 9.4 inch",CRT-COM-00051,6999,10,143,4.9,197,847,https://m.media-amazon.com/images/I/610-gSMkvSL._AC_UL320_.jpg,"Authentic Computers & Laptops product. Built with high-grade components, tested for peak durability, and backed by a 1-year manufacturer warranty. Complete with original accessories and certified packaging."
prod_000052,2,sel_0035,"Powered USB 3.2 Hub Gen 2, JELIYEA 7-Port USB C/USB 3.0 to USB A Hub Adapter(4 10Gbps USB 3.2,1X 18W,2X 12W Fast Charging for Phone)...",CRT-COM-00052,2499,20,126,4.4,181,904,https://m.media-amazon.com/images/I/71aoKUf7gyL._AC_UL320_.jpg,"Authentic Computers & Laptops product. Built with high-grade components, tested for peak durability, and backed by a 1-year manufacturer warranty. Complete with original accessories and certified packaging."
prod_000053,2,sel_0050,"NavePoint 6U Wall-Mount Network Cabinet for 19"" IT Equipment, A/V with Glass Door and Removable Side Panels, Locks, 2 Fans, 450mm Depth...",CRT-COM-00053,23999,15,75,4,1,463,https://m.media-amazon.com/images/I/4191qKfzVpS._AC_UL320_.jpg,"Authentic Computers & Laptops product. Built with high-grade components, tested for peak durability, and backed by a 1-year manufacturer warranty. Complete with original accessories and certified packaging."
prod_000054,2,sel_0040,"USB C to Lightning Cable 10 FT 3Pack, iPhone Fast Charger Cable Apple MFi Certified, Long USB C Power Delivery Charging Cord for iPhone...",CRT-COM-00054,799,10,130,4.5,101,544,https://m.media-amazon.com/images/I/61uzkWxI05L._AC_UL320_.jpg,"Authentic Computers & Laptops product. Built with high-grade components, tested for peak durability, and backed by a 1-year manufacturer warranty. Complete with original accessories and certified packaging."
prod_000055,2,sel_0027,Epson T676XL120 DURABrite Ultra 676 Inkjet Cartridge -Black,CRT-COM-00055,3499,5,94,4.6,973,403,https://m.media-amazon.com/images/I/814bDHFkAmL._AC_UL320_.jpg,"Authentic Computers & Laptops product. Built with high-grade components, tested for peak durability, and backed by a 1-year manufacturer warranty. Complete with original accessories and certified packaging."
prod_000056,2,sel_0028,"dé Coiled Lightning Cable, USB to Lightning Cable 6ft [MFi Certified & CarPlay Compatible], for iPhone 13/13 Pro Max/12/12 Pro/11...",CRT-COM-00056,1299,25,107,4.5,2229,1071,https://m.media-amazon.com/images/I/51xy8FTKCmL._AC_UL320_.jpg,"Authentic Computers & Laptops product. Built with high-grade components, tested for peak durability, and backed by a 1-year manufacturer warranty. Complete with original accessories and certified packaging."
prod_000057,2,sel_0046,Jingchengmei 2 Pack-1U Disassembled Rack Mount Cable Management Panel with Brush for Cable Entry for 19-Inch Rack or Cabinet Black...,CRT-COM-00057,2249,30,61,4.5,100,15,https://m.media-amazon.com/images/I/61Hz-8UJlOL._AC_UL320_.jpg,"Authentic Computers & Laptops product. Built with high-grade components, tested for peak durability, and backed by a 1-year manufacturer warranty. Complete with original accessories and certified packaging."
prod_000058,2,sel_0032,Logitech Wireless Combo MK270 with Keyboard and Mouse - (Renewed),CRT-COM-00058,1499,0,20,4,192,773,https://m.media-amazon.com/images/I/71b1wqHLknL._AC_UL320_.jpg,"Authentic Computers & Laptops product. Built with high-grade components, tested for peak durability, and backed by a 1-year manufacturer warranty. Complete with original accessories and certified packaging."
prod_000059,2,sel_0024,"Wireless Keyboard and Mouse Combo, E-YOOSO 2.4G Full Size Ergonomic Keyboard with Palm Rest, Comfort Office Keyboard, 2400 DPI Mouse, 18...",CRT-COM-00059,2499,30,89,4.2,71,69,https://m.media-amazon.com/images/I/61S-4ngqZHL._AC_UL320_.jpg,"Authentic Computers & Laptops product. Built with high-grade components, tested for peak durability, and backed by a 1-year manufacturer warranty. Complete with original accessories and certified packaging."
prod_000060,2,sel_0026,"USB C Hub, 6 in 1 USB Splitter Adapter with 4K 30Hz HDMI, 100W PD, 3 USB A 3.0, 1 USB C 3.0, HDMI to USB C Multiport Adapter, USB C HDMI...",CRT-COM-00060,1099,0,21,4.3,734,226,https://m.media-amazon.com/images/I/61UnP-tDMtL._AC_UL320_.jpg,"Authentic Computers & Laptops product. Built with high-grade components, tested for peak durability, and backed by a 1-year manufacturer warranty. Complete with original accessories and certified packaging."
prod_000061,2,sel_0011,Poppy Playtime; Chapter2; Plush; Long Legs Great Gift,CRT-COM-00061,1999,20,47,4.8,283,1226,https://m.media-amazon.com/images/I/41jaH-JY8rL._AC_UL320_.jpg,"Authentic Computers & Laptops product. Built with high-grade components, tested for peak durability, and backed by a 1-year manufacturer warranty. Complete with original accessories and certified packaging."
prod_000062,2,sel_0048,"Eaton 7685T-8C-Xpv2 Epro Ps Classic, 8"" Color Touch Tft Display",CRT-COM-00062,398999,30,59,4.3,315,454,https://m.media-amazon.com/images/I/41NISnUh8XL._AC_UL320_.jpg,"Authentic Computers & Laptops product. Built with high-grade components, tested for peak durability, and backed by a 1-year manufacturer warranty. Complete with original accessories and certified packaging."
prod_000063,2,sel_0006,"USB C Hub Multiport Adapter, KOZYC 6 IN 1 USB C to HDMI Dock with 1 HDMI 2.0 4K@60Hz, 1Gbps RJ45 Ethernet, 3 USB 3.0, 100W PD Compatible...",CRT-COM-00063,2499,20,99,5,1,1126,https://m.media-amazon.com/images/I/61LSj6NI-2L._AC_UL320_.jpg,"Authentic Computers & Laptops product. Built with high-grade components, tested for peak durability, and backed by a 1-year manufacturer warranty. Complete with original accessories and certified packaging."
prod_000064,2,sel_0009,"ProtoArc Backlit Bluetooth Keyboard for Mac, K100-A Ultra Slim Wireless Keyboard with Numeric Keypad, 3-Device Connection, Rechargeable...",CRT-COM-00064,3249,15,73,4.2,50,896,https://m.media-amazon.com/images/I/61xffFjxASL._AC_UL320_.jpg,"Authentic Computers & Laptops product. Built with high-grade components, tested for peak durability, and backed by a 1-year manufacturer warranty. Complete with original accessories and certified packaging."
prod_000065,2,sel_0008,"Inateck USB Hub with 4 USB A Ports, USB 3.2 Gen 2 Speed, 3.3 ft Cable, HB2025AL",CRT-COM-00065,1599,0,136,4.5,732,838,https://m.media-amazon.com/images/I/61JHQ+MTGoL._AC_UL320_.jpg,"Authentic Computers & Laptops product. Built with high-grade components, tested for peak durability, and backed by a 1-year manufacturer warranty. Complete with original accessories and certified packaging."
prod_000066,2,sel_0011,"Rapink Patch Panel 24 Port Cat6 10G Support, Network Patch Panel UTP 19-Inch, Wallmount or Rackmount 1U Ethernet Patch Panel Punch Down...",CRT-COM-00066,2499,25,23,4.5,119,1277,https://m.media-amazon.com/images/I/61Kp5Vdc9AL._AC_UL320_.jpg,"Authentic Computers & Laptops product. Built with high-grade components, tested for peak durability, and backed by a 1-year manufacturer warranty. Complete with original accessories and certified packaging."
prod_000067,2,sel_0011,"ORICO USB 3.0 to SATA 5 Bay Hard Drive Docking Station with Duplicator Offline Clone Function for 2.5 or 3.5in HDD, SSD Support 5X 16...",CRT-COM-00067,9749,5,64,4.3,937,767,https://m.media-amazon.com/images/I/61JlY1QljBL._AC_UL320_.jpg,"Authentic Computers & Laptops product. Built with high-grade components, tested for peak durability, and backed by a 1-year manufacturer warranty. Complete with original accessories and certified packaging."
prod_000068,2,sel_0038,148A Toner Cartridge Black 2 Pack (with Chip) Compatible Replacement for HP 148A 148X W1480A W1480X for HP Pro 4001dw 4001dn 4001n MFP...,CRT-COM-00068,14999,5,13,5,1,1374,https://m.media-amazon.com/images/I/71RbEfNpLGL._AC_UL320_.jpg,"Authentic Computers & Laptops product. Built with high-grade components, tested for peak durability, and backed by a 1-year manufacturer warranty. Complete with original accessories and certified packaging."
prod_000069,2,sel_0033,Logitech Wireless M570 Trackball Sculpted Shape to Provide Better Support for Your Hand,CRT-COM-00069,5749,20,71,4.7,1258,247,https://m.media-amazon.com/images/I/61sDj9wFhEL._AC_UL320_.jpg,"Authentic Computers & Laptops product. Built with high-grade components, tested for peak durability, and backed by a 1-year manufacturer warranty. Complete with original accessories and certified packaging."
prod_000070,2,sel_0047,"Eazy2hD 15U Open Frame Network Rack for Server（Suitable for Server and Equipment），Includes 1U/2U Vented Shelves, Left/Right Frame, Shelf...",CRT-COM-00070,9999,0,72,4.8,96,1178,https://m.media-amazon.com/images/I/61Nr-prlWtL._AC_UL320_.jpg,"Authentic Computers & Laptops product. Built with high-grade components, tested for peak durability, and backed by a 1-year manufacturer warranty. Complete with original accessories and certified packaging."
prod_000071,2,sel_0049,"BENFEI USB Type-A/Type-C Hub with 4 USB 3.0 Ports Compatible for MacBook, Mac Pro, Mac Mini, iMac, Surface Pro, XPS, PC, Flash Drive...",CRT-COM-00071,699,30,17,4.6,200,1099,https://m.media-amazon.com/images/I/61vAe3FwcnL._AC_UL320_.jpg,"Authentic Computers & Laptops product. Built with high-grade components, tested for peak durability, and backed by a 1-year manufacturer warranty. Complete with original accessories and certified packaging."
prod_000072,2,sel_0008,"USB C Adapters for MacBook Pro, MacBook Air M1 USB Accessories with 4K HDMI, Thunderbolt 3 Charging Port, 3 USB 3.0, SD/TF Card Reader...",CRT-COM-00072,2249,25,125,4.5,5936,611,https://m.media-amazon.com/images/I/710gyl0ff1L._AC_UL320_.jpg,"Authentic Computers & Laptops product. Built with high-grade components, tested for peak durability, and backed by a 1-year manufacturer warranty. Complete with original accessories and certified packaging."
prod_000073,2,sel_0055,"CHESONA Bluetooth/USB Wired Keyboard for Mac OS, Multi-Device, Rechargeable, Full-Size with Numeric Keypad, Ultra-Slim, Wireless...",CRT-COM-00073,3249,20,139,4.4,368,174,https://m.media-amazon.com/images/I/61grKfMIkyL._AC_UL320_.jpg,"Authentic Computers & Laptops product. Built with high-grade components, tested for peak durability, and backed by a 1-year manufacturer warranty. Complete with original accessories and certified packaging."
prod_000074,2,sel_0031,Brother MFC-J1205W INKvestment Tank Wireless Multi-Function Color Inkjet Printer with Up to 1-Year in Box (Renewed Premium),CRT-COM-00074,8499,10,105,4.2,1579,810,https://m.media-amazon.com/images/I/51Mi4qYf1NL._AC_UL320_.jpg,"Authentic Computers & Laptops product. Built with high-grade components, tested for peak durability, and backed by a 1-year manufacturer warranty. Complete with original accessories and certified packaging."
prod_000075,2,sel_0051,"WAVLINK USB 3.0 to HDMI Adapter for Multiple Displays, 2K (2048x1152), Up to 6 Monitors, DisplayLink Certified, External Video Graphics...",CRT-COM-00075,3249,0,111,4.4,220,481,https://m.media-amazon.com/images/I/519cvnlIzJL._AC_UL320_.jpg,"Authentic Computers & Laptops product. Built with high-grade components, tested for peak durability, and backed by a 1-year manufacturer warranty. Complete with original accessories and certified packaging."
prod_000076,2,sel_0046,"NUROUM Wired Headset, Dual-Ear (Stereo) Headphones with Noise Canceling Microphone, On Ear Computer Headset with in-line Control...",CRT-COM-00076,4999,10,38,4.2,199,530,https://m.media-amazon.com/images/I/61az3tKfaLL._AC_UL320_.jpg,"Authentic Computers & Laptops product. Built with high-grade components, tested for peak durability, and backed by a 1-year manufacturer warranty. Complete with original accessories and certified packaging."
prod_000077,2,sel_0003,"Zoom iQ7 Stereo Mid-Side Microphone for iPhone/iPad, Rotatable Capsule for Alignment with iOS Camera, for Recording Audio for Music...",CRT-COM-00077,8249,10,55,3.9,745,759,https://m.media-amazon.com/images/I/619ugF8Fu2L._AC_UL320_.jpg,"Authentic Computers & Laptops product. Built with high-grade components, tested for peak durability, and backed by a 1-year manufacturer warranty. Complete with original accessories and certified packaging."
prod_000078,2,sel_0041,"AreMe 90 Degree USB 3.0 Adapter 2 Pack, Up and Down Angle USB A Male to Female Converter Extender for PC, Laptop, USB A Charger, Power...",CRT-COM-00078,699,30,106,4.6,227,592,https://m.media-amazon.com/images/I/61+xjS0f99L._AC_UL320_.jpg,"Authentic Computers & Laptops product. Built with high-grade components, tested for peak durability, and backed by a 1-year manufacturer warranty. Complete with original accessories and certified packaging."
prod_000079,2,sel_0054,"slitinto USB to USBC-C Adapter, USB A to USB C Adapter (4 Pack), Type C to USB Adapter Compatible i-Phone 15/14/13/12 Plus Pro Max Mini...",CRT-COM-00079,349,15,54,4.6,259,973,https://m.media-amazon.com/images/I/61D4zXvzwyL._AC_UL320_.jpg,"Authentic Computers & Laptops product. Built with high-grade components, tested for peak durability, and backed by a 1-year manufacturer warranty. Complete with original accessories and certified packaging."
prod_000080,2,sel_0037,UGREEN RJ45 Coupler Ethernet Extender Connector 10 Pack Inline Coupler Cat7 Cat6 Cat5e Ethernet Cable Adapter Female to Female Black,CRT-COM-00080,1599,30,76,4.7,1065,599,https://m.media-amazon.com/images/I/71mq7bokB7L._AC_UL320_.jpg,"Authentic Computers & Laptops product. Built with high-grade components, tested for peak durability, and backed by a 1-year manufacturer warranty. Complete with original accessories and certified packaging."
prod_000081,2,sel_0032,"TECKNET Cordless Mouse for Laptop, 2.4G USB Mouse Wireless, 4 Level 2400DPI, 6 Buttons Ergonomic Mouse with USB Receiver, Computer...",CRT-COM-00081,699,0,70,4.5,1570,476,https://m.media-amazon.com/images/I/51f-qLPSOwL._AC_UL320_.jpg,"Authentic Computers & Laptops product. Built with high-grade components, tested for peak durability, and backed by a 1-year manufacturer warranty. Complete with original accessories and certified packaging."
prod_000082,2,sel_0005,"Memory Card Case - Fits up to 22x SD, SDHC, Micro SD, Mini SD and 4X CF - Holder with 22 Slots - Microfiber Cleaning Cloth Included",CRT-COM-00082,599,0,139,4.6,20025,187,https://m.media-amazon.com/images/I/91E+817GB5L._AC_UL320_.jpg,"Authentic Computers & Laptops product. Built with high-grade components, tested for peak durability, and backed by a 1-year manufacturer warranty. Complete with original accessories and certified packaging."
prod_000083,2,sel_0009,"Cerbiut Computer Speaker Sound Bar - Wired & Wireless Bluetooth 5.0 Surround Bass Audio, Black Smart Home Speakers with AUX TFcard...",CRT-COM-00083,1699,30,129,4,14,1080,https://m.media-amazon.com/images/I/710lpDFRWLL._AC_UL320_.jpg,"Authentic Computers & Laptops product. Built with high-grade components, tested for peak durability, and backed by a 1-year manufacturer warranty. Complete with original accessories and certified packaging."
prod_000084,2,sel_0048,"USB C SD Card Reader, FUFAXHX Memory Card Reader for Type C Device SD Card Reader Adapter Compatible with Samsung Galaxy S22/21/20/10...",CRT-COM-00084,799,15,106,4.3,692,1294,https://m.media-amazon.com/images/I/51cURNFZfOL._AC_UL320_.jpg,"Authentic Computers & Laptops product. Built with high-grade components, tested for peak durability, and backed by a 1-year manufacturer warranty. Complete with original accessories and certified packaging."
prod_000085,2,sel_0025,"MOUNTUP Dual Monitor Mount fits 17''-42'' Ultrawide Screen, Holds 6.6-33lbs, Computer Monitor Arm Desk Mount, Heavy Duty Gas Spring...",CRT-COM-00085,10999,30,89,4.6,279,884,https://m.media-amazon.com/images/I/61WipBF1niL._AC_UL320_.jpg,"Authentic Computers & Laptops product. Built with high-grade components, tested for peak durability, and backed by a 1-year manufacturer warranty. Complete with original accessories and certified packaging."
prod_000086,2,sel_0025,HP DVD+R Double Layer 8X 8.5GB 240min Video,CRT-COM-00086,2499,30,64,4.5,913,82,https://m.media-amazon.com/images/I/81nllK5Uo3L._AC_UL320_.jpg,"Authentic Computers & Laptops product. Built with high-grade components, tested for peak durability, and backed by a 1-year manufacturer warranty. Complete with original accessories and certified packaging."
prod_000087,2,sel_0057,Project Telecom Marconi | Wireless HD 1080p Webcam | 2MP | USB | PC | Laptop | Streaming | Built in Mic | Video Conference Calling ...,CRT-COM-00087,11999,0,41,4.3,6,387,https://m.media-amazon.com/images/I/517XHiy+PGL._AC_UL320_.jpg,"Authentic Computers & Laptops product. Built with high-grade components, tested for peak durability, and backed by a 1-year manufacturer warranty. Complete with original accessories and certified packaging."
prod_000088,2,sel_0038,"Plugable USB 2.0 to DVI/VGA/HDMI Video Graphics Adapter for Multiple Monitors up to 1920x1080 Supports Windows 11, 10, 8.1, 7, XP, and...",CRT-COM-00088,3249,15,29,4.5,3777,155,https://m.media-amazon.com/images/I/61sg1KuitsL._AC_UL320_.jpg,"Authentic Computers & Laptops product. Built with high-grade components, tested for peak durability, and backed by a 1-year manufacturer warranty. Complete with original accessories and certified packaging."
prod_000089,2,sel_0012,"eXtremeRate Clicky Hair Trigger Kit for PS5 Controller BDM-010 & BDM-020 Shoulder Buttons, Custom Flashshot Trigger Stop Flex Cable for...",CRT-COM-00089,1199,20,47,4.3,4183,566,https://m.media-amazon.com/images/I/61Tc2mLeiPL._AC_UL320_.jpg,"Authentic Computers & Laptops product. Built with high-grade components, tested for peak durability, and backed by a 1-year manufacturer warranty. Complete with original accessories and certified packaging."
prod_000090,2,sel_0039,"3Dconnexion SpaceMouse Enterprise Kit 2, USB-C",CRT-COM-00090,34999,20,140,4.8,9,1208,https://m.media-amazon.com/images/I/61XclWCbcRL._AC_UL320_.jpg,"Authentic Computers & Laptops product. Built with high-grade components, tested for peak durability, and backed by a 1-year manufacturer warranty. Complete with original accessories and certified packaging."
prod_000091,2,sel_0053,Sony CFexpress Type A Memory Card 320GB,CRT-COM-00091,44999,30,101,4.5,18,135,https://m.media-amazon.com/images/I/81j9dg87HYL._AC_UL320_.jpg,"Authentic Computers & Laptops product. Built with high-grade components, tested for peak durability, and backed by a 1-year manufacturer warranty. Complete with original accessories and certified packaging."
prod_000092,2,sel_0014,"RAPIQUE Type C Wireless Bluetooth Mouse, Dual Mode Rechargeable Silent Cordless Bluetooth Mice with 2.4G Type C Receiver for Laptop...",CRT-COM-00092,1299,10,149,4.2,553,864,https://m.media-amazon.com/images/I/61zXLHX6HiL._AC_UL320_.jpg,"Authentic Computers & Laptops product. Built with high-grade components, tested for peak durability, and backed by a 1-year manufacturer warranty. Complete with original accessories and certified packaging."
prod_000093,2,sel_0039,"Perixx PERIMICE-719 Wireless 2.4 GHz Ergonomic Vertical Optical Mouse, Portable Mini Size, 3 Level DPI, Right Handed, Black",CRT-COM-00093,1999,5,57,4.3,2706,899,https://m.media-amazon.com/images/I/51CbjKi7mnL._AC_UL320_.jpg,"Authentic Computers & Laptops product. Built with high-grade components, tested for peak durability, and backed by a 1-year manufacturer warranty. Complete with original accessories and certified packaging."
prod_000094,2,sel_0046,"DANCESOUL Wireless Mouse with Colorful RGB LED Breathing Light, Rechargeable, Silent Click, Portable for Laptop,PC,Computer,MacBook and...",CRT-COM-00094,1299,25,86,4.2,187,88,https://m.media-amazon.com/images/I/61NjzEL9YgL._AC_UL320_.jpg,"Authentic Computers & Laptops product. Built with high-grade components, tested for peak durability, and backed by a 1-year manufacturer warranty. Complete with original accessories and certified packaging."
prod_000095,2,sel_0026,"Creative T60 2.0 Compact Hi-Fi Desktop Speakers with Clear Dialog and Surround by Sound Blaster, USB-C Audio, Mic and Headset Ports...",CRT-COM-00095,6499,25,144,4.3,220,225,https://m.media-amazon.com/images/I/414WO7pUT5L._AC_UL320_.jpg,"Authentic Computers & Laptops product. Built with high-grade components, tested for peak durability, and backed by a 1-year manufacturer warranty. Complete with original accessories and certified packaging."
prod_000096,2,sel_0036,"Logitech MK540 Advanced Wireless Keyboard Full Size for Windows Keyboard and Mouse, Long Battery Life, Caps Lock Indicator Light, Hot Keys",CRT-COM-00096,4749,30,84,4.3,16,1072,https://m.media-amazon.com/images/I/31anwdqOdqL._AC_UL320_.jpg,"Authentic Computers & Laptops product. Built with high-grade components, tested for peak durability, and backed by a 1-year manufacturer warranty. Complete with original accessories and certified packaging."
prod_000097,2,sel_0052,"LOGITECH VC Logitech Strong USB Cable - 82.02 ft USB Data Transfer Cable for Tap, Video Conferencing Camera, Power Supply, PTZ Camera ...",CRT-COM-00097,46999,25,92,5,2,58,https://m.media-amazon.com/images/I/41+qLIdDAiL._AC_UL320_.jpg,"Authentic Computers & Laptops product. Built with high-grade components, tested for peak durability, and backed by a 1-year manufacturer warranty. Complete with original accessories and certified packaging."
prod_000098,2,sel_0017,"Camera Cover Slide, 0.028-Inch Ultra-Thin Phone Camera Cover, Computer Camera Cover Slide for MacBook, iMac, Laptop Desktop, Pc, iPad...",CRT-COM-00098,599,0,54,4.4,7184,801,https://m.media-amazon.com/images/I/61uFChTaNuL._AC_UL320_.jpg,"Authentic Computers & Laptops product. Built with high-grade components, tested for peak durability, and backed by a 1-year manufacturer warranty. Complete with original accessories and certified packaging."
prod_000099,2,sel_0053,"LENTION USB C Multiport Hub with 4K HDMI, 3 USB 3.0, SD/Micro SD Card Reader, 100W PD Compatible 2023-2016 MacBook Pro, New Mac Air...",CRT-COM-00099,2249,20,94,4.6,2509,86,https://m.media-amazon.com/images/I/61y9tvAL+BL._AC_UL320_.jpg,"Authentic Computers & Laptops product. Built with high-grade components, tested for peak durability, and backed by a 1-year manufacturer warranty. Complete with original accessories and certified packaging."
prod_000100,2,sel_0044,"[Apple MFi Certified] iPhone Card Reader, Lightning and USB-C SD/TF Card Camera Adapter Multi-Card Reader with Dual Slot, Plug and Play...",CRT-COM-00100,899,10,55,4,166,1356,https://m.media-amazon.com/images/I/61BogNUIVDL._AC_UL320_.jpg,"Authentic Computers & Laptops product. Built with high-grade components, tested for peak durability, and backed by a 1-year manufacturer warranty. Complete with original accessories and certified packaging."
prod_000101,3,sel_0039,"Lenovo ThinkVision S24e-20 23.8"" Full HD 1920 x 1080 WLED LCD Monitor 2-Pack Bundle with Mini Speaker, 250 Nit, FreeSync, HDMI-VGA...",CRT-COM-00101,32999,20,60,4,2,1028,https://m.media-amazon.com/images/I/71gPu3wR7TL._AC_UL320_.jpg,"Authentic Computer Accessories product. Built with high-grade components, tested for peak durability, and backed by a 1-year manufacturer warranty. Complete with original accessories and certified packaging."
prod_000102,3,sel_0048,"Sceptre 22 inch 75Hz 1080P LED Monitor 99% sRGB HDMI X2 VGA Build-In Speakers, Machine Black (E225W-19203R series)",CRT-COM-00102,5749,20,73,4.5,8549,885,https://m.media-amazon.com/images/I/51b5m+T6ZKL._AC_UL320_.jpg,"Authentic Computer Accessories product. Built with high-grade components, tested for peak durability, and backed by a 1-year manufacturer warranty. Complete with original accessories and certified packaging."
prod_000103,3,sel_0016,"Packard Bell 24 Inch Computer Monitor FHD 1920 x 1080 , 75 Hertz, 5 MS, Dual Monitor, Wireless Keyboard and Mouse, VESA, VGA and HDMI...",CRT-COM-00103,20999,10,113,4.1,532,1337,https://m.media-amazon.com/images/I/810fxFwdQrL._AC_UL320_.jpg,"Authentic Computer Accessories product. Built with high-grade components, tested for peak durability, and backed by a 1-year manufacturer warranty. Complete with original accessories and certified packaging."
prod_000104,3,sel_0006,"Sceptre 24-inch Professional Thin 1080p LED Monitor 99% sRGB 2x HDMI VGA Build-in Speakers, Machine Black (E248W-19203R Series)",CRT-COM-00104,7499,15,107,4.6,30135,84,https://m.media-amazon.com/images/I/81zM2vVM+wL._AC_UL320_.jpg,"Authentic Computer Accessories product. Built with high-grade components, tested for peak durability, and backed by a 1-year manufacturer warranty. Complete with original accessories and certified packaging."
prod_000105,3,sel_0051,KYY Portable Monitor 15.6inch 1080P FHD USB-C Laptop Monitor HDMI Computer Display HDR IPS Gaming Monitor w/Premium Smart Cover & Screen...,CRT-COM-00105,7999,5,93,4.5,5484,1105,https://m.media-amazon.com/images/I/81rsMys9S8L._AC_UL320_.jpg,"Authentic Computer Accessories product. Built with high-grade components, tested for peak durability, and backed by a 1-year manufacturer warranty. Complete with original accessories and certified packaging."
prod_000106,3,sel_0039,HP 24mh FHD Computer Monitor with 23.8-Inch IPS Display (1080p) - Built-In Speakers and VESA Mounting - Height/Tilt Adjustment for...,CRT-COM-00106,11999,5,134,4.7,24531,996,https://m.media-amazon.com/images/I/91fAU6mxFsL._AC_UL320_.jpg,"Authentic Computer Accessories product. Built with high-grade components, tested for peak durability, and backed by a 1-year manufacturer warranty. Complete with original accessories and certified packaging."
prod_000107,3,sel_0051,"ARZOPA Portable Monitor, 15.6'' 1080P FHD Laptop Monitor USB C HDMI Computer Display HDR Eye Care External Screen w/Smart Cover for PC...",CRT-COM-00107,10999,10,50,4.4,5496,1446,https://m.media-amazon.com/images/I/717xxg1Qn4L._AC_UL320_.jpg,"Authentic Computer Accessories product. Built with high-grade components, tested for peak durability, and backed by a 1-year manufacturer warranty. Complete with original accessories and certified packaging."
prod_000108,3,sel_0032,"ForHelp 15.6inch Portable Monitor,1080P USB-C HDMI Second External Monitor for Laptop,PC,Mac Phone,PS,Xbox,Swich,IPS Ultra-Thin Zero...",CRT-COM-00108,8249,30,90,4.7,2061,1231,https://m.media-amazon.com/images/I/71pLtrvTfqL._AC_UL320_.jpg,"Authentic Computer Accessories product. Built with high-grade components, tested for peak durability, and backed by a 1-year manufacturer warranty. Complete with original accessories and certified packaging."
prod_000109,3,sel_0051,"Acer 21.5 Inch Full HD (1920 x 1080) IPS Ultra-Thin Zero Frame Computer Monitor (HDMI & VGA Port), SB220Q bi",CRT-COM-00109,6499,15,33,4.6,43896,36,https://m.media-amazon.com/images/I/81QpkIctqPL._AC_UL320_.jpg,"Authentic Computer Accessories product. Built with high-grade components, tested for peak durability, and backed by a 1-year manufacturer warranty. Complete with original accessories and certified packaging."
prod_000110,3,sel_0048,"Dell Curved Gaming, 34 Inch Curved Monitor with 144Hz Refresh Rate, WQHD (3440 x 1440) Display, Black - S3422DWG",CRT-COM-00110,28999,10,105,4.7,6403,454,https://m.media-amazon.com/images/I/61pD6Bqn5NL._AC_UL320_.jpg,"Authentic Computer Accessories product. Built with high-grade components, tested for peak durability, and backed by a 1-year manufacturer warranty. Complete with original accessories and certified packaging."
prod_000111,3,sel_0050,"PHILIPS Computer Monitors 22 inch Class Thin Full HD (1920 x 1080) 75Hz Monitor, VESA, HDMI & VGA Port, 4 Year Advance Replacement...",CRT-COM-00111,5749,20,38,4.6,1420,1438,https://m.media-amazon.com/images/I/71iMPr0C8KL._AC_UL320_.jpg,"Authentic Computer Accessories product. Built with high-grade components, tested for peak durability, and backed by a 1-year manufacturer warranty. Complete with original accessories and certified packaging."
prod_000112,3,sel_0052,"KOORUI 24 Inch Computer Monitor, FHD 1920 x 1080p Office PC Monitor IPS Display 75Hz, HDMI, VGA, 75 x 75 mm VESA Mountable, Frameless...",CRT-COM-00112,7749,30,71,4.3,1847,829,https://m.media-amazon.com/images/I/71cP5ZR3nZL._AC_UL320_.jpg,"Authentic Computer Accessories product. Built with high-grade components, tested for peak durability, and backed by a 1-year manufacturer warranty. Complete with original accessories and certified packaging."
prod_000113,3,sel_0050,"Skyworth 29 inch Monitor, IPS Screen FHD 2560 x 1080 75Hz, Proportion 21:9 Ultrawide Monitor, 8bit DCI-P3 90% Computer Monitor, Low...",CRT-COM-00113,14999,0,85,4.5,14,45,https://m.media-amazon.com/images/I/6192IqTucXL._AC_UL320_.jpg,"Authentic Computer Accessories product. Built with high-grade components, tested for peak durability, and backed by a 1-year manufacturer warranty. Complete with original accessories and certified packaging."
prod_000114,3,sel_0014,"KOORUI 24 Inch Computer Monitor Full HD 1920 x 1080p VA Display 75Hz 3000:1 Contrast Ratio with HDMI, VGA, Frameless, 75 x 75 mm VESA...",CRT-COM-00114,7249,25,10,4.5,3089,420,https://m.media-amazon.com/images/I/71TOE0w7DzL._AC_UL320_.jpg,"Authentic Computer Accessories product. Built with high-grade components, tested for peak durability, and backed by a 1-year manufacturer warranty. Complete with original accessories and certified packaging."
prod_000115,3,sel_0054,"MNN Portable Monitor 15.6inch FHD 1080P Laptop Monitor USB C HDMI Gaming Ultra-Slim IPS Display w/Smart Cover & Speakers,HDR Plug&Play...",CRT-COM-00115,7999,20,77,4.7,3772,914,https://m.media-amazon.com/images/I/81F99hab1GL._AC_UL320_.jpg,"Authentic Computer Accessories product. Built with high-grade components, tested for peak durability, and backed by a 1-year manufacturer warranty. Complete with original accessories and certified packaging."
prod_000116,3,sel_0010,Acer 23.8” Full HD 1920 x 1080 IPS Zero Frame Home Office Computer Monitor - 178° Wide View Angle - 16.7M - NTSC 72% Color Gamut - Low...,CRT-COM-00116,8249,10,49,4.7,15452,1069,https://m.media-amazon.com/images/I/91K9SyGiyzL._AC_UL320_.jpg,"Authentic Computer Accessories product. Built with high-grade components, tested for peak durability, and backed by a 1-year manufacturer warranty. Complete with original accessories and certified packaging."
prod_000117,3,sel_0039,"Dell SE2722HX Monitor - 27 inch FHD (1920 x 1080) 16:9 Ratio with Comfortview (TUV-Certified), 75Hz Refresh Rate, 16.7 Million Colors...",CRT-COM-00117,11999,0,137,4.6,2560,1102,https://m.media-amazon.com/images/I/81PVpvJQBeL._AC_UL320_.jpg,"Authentic Computer Accessories product. Built with high-grade components, tested for peak durability, and backed by a 1-year manufacturer warranty. Complete with original accessories and certified packaging."
prod_000118,3,sel_0028,"Acer KB272 EBI 27"" IPS Full HD (1920 x 1080) Zero-Frame Gaming Office Monitor | AMD FreeSync Technology | Up to 100Hz Refresh | 1ms...",CRT-COM-00118,9749,30,20,4.6,2112,1110,https://m.media-amazon.com/images/I/81FTa3aSdnL._AC_UL320_.jpg,"Authentic Computer Accessories product. Built with high-grade components, tested for peak durability, and backed by a 1-year manufacturer warranty. Complete with original accessories and certified packaging."
prod_000119,3,sel_0014,"Sceptre Curved 24-inch Gaming Monitor 1080p R1500 98% sRGB HDMI x2 VGA Build-in Speakers, VESA Wall Mount Machine Black (C248W-1920RN...",CRT-COM-00119,7749,20,77,4.6,18866,664,https://m.media-amazon.com/images/I/71P0M7tKjYL._AC_UL320_.jpg,"Authentic Computer Accessories product. Built with high-grade components, tested for peak durability, and backed by a 1-year manufacturer warranty. Complete with original accessories and certified packaging."
prod_000120,3,sel_0052,"LG UltraGear QHD 27-Inch Gaming Monitor 27GL83A-B - IPS 1ms (GtG), with HDR 10 Compatibility, NVIDIA G-SYNC, and AMD FreeSync, 144Hz, Black",CRT-COM-00120,19999,15,71,4.7,10810,1370,https://m.media-amazon.com/images/I/81dAe2wXIqL._AC_UL320_.jpg,"Authentic Computer Accessories product. Built with high-grade components, tested for peak durability, and backed by a 1-year manufacturer warranty. Complete with original accessories and certified packaging."
prod_000121,3,sel_0049,"Sceptre Curved 24.5-inch Gaming Monitor up to 240Hz 1080p R1500 1ms DisplayPort x2 HDMI x2 Blue Light Shift Build-in Speakers, Machine...",CRT-COM-00121,10999,5,80,4.4,358,27,https://m.media-amazon.com/images/I/71P1MZ8ztDL._AC_UL320_.jpg,"Authentic Computer Accessories product. Built with high-grade components, tested for peak durability, and backed by a 1-year manufacturer warranty. Complete with original accessories and certified packaging."
prod_000122,3,sel_0048,"Dell S2421HS Full HD 1920 x 1080, 24-Inch 1080p LED, 75Hz, Desktop Monitor with Adjustable Stand, 4ms Grey-to-Grey Response Time, AMD...",CRT-COM-00122,14999,25,77,4.7,908,61,https://m.media-amazon.com/images/I/71ZIVPxclML._AC_UL320_.jpg,"Authentic Computer Accessories product. Built with high-grade components, tested for peak durability, and backed by a 1-year manufacturer warranty. Complete with original accessories and certified packaging."
prod_000123,3,sel_0029,"SAMSUNG 27-Inch CF39 Series FHD 1080p Curved Computer Monitor, Ultra Slim Design, AMD FreeSync, 4ms response, HDMI, DisplayPort, VESA...",CRT-COM-00123,14999,30,139,4.6,19819,67,https://m.media-amazon.com/images/I/91SZVWfPjdL._AC_UL320_.jpg,"Authentic Computer Accessories product. Built with high-grade components, tested for peak durability, and backed by a 1-year manufacturer warranty. Complete with original accessories and certified packaging."
prod_000124,3,sel_0026,"Sceptre 30-inch Curved Gaming Monitor 21:9 2560x1080 Ultra Wide/ Slim HDMI DisplayPort up to 200Hz Build-in Speakers, Metal Black...",CRT-COM-00124,17999,0,51,4.6,10500,1279,https://m.media-amazon.com/images/I/71YIbSoWRzL._AC_UL320_.jpg,"Authentic Computer Accessories product. Built with high-grade components, tested for peak durability, and backed by a 1-year manufacturer warranty. Complete with original accessories and certified packaging."
prod_000125,3,sel_0032,Acer Nitro KG241Y Sbiip 23.8” Full HD (1920 x 1080) VA Gaming Monitor | AMD FreeSync Premium Technology | 165Hz Refresh Rate | 1ms (VRB)...,CRT-COM-00125,9749,5,15,4.6,4459,781,https://m.media-amazon.com/images/I/71yo3bmyBnL._AC_UL320_.jpg,"Authentic Computer Accessories product. Built with high-grade components, tested for peak durability, and backed by a 1-year manufacturer warranty. Complete with original accessories and certified packaging."
prod_000126,3,sel_0041,"SAMSUNG UJ59 Series 32-Inch 4K UHD (3840x2160) Computer Monitor, HDMI, Display Port, Eye Saver/Flicker Free Mode, FreeSync...",CRT-COM-00126,22999,15,122,4.3,4266,1074,https://m.media-amazon.com/images/I/81Duq9UVJtL._AC_UL320_.jpg,"Authentic Computer Accessories product. Built with high-grade components, tested for peak durability, and backed by a 1-year manufacturer warranty. Complete with original accessories and certified packaging."
prod_000127,3,sel_0016,"LG UltraFine UHD 27-Inch 4K UHD 2160p Computer Monitor 27UN850-W, IPS with VESA DisplayHDR 400, AMD FreeSync, and USB-C, White,Silver",CRT-COM-00127,29999,25,40,4.5,1857,413,https://m.media-amazon.com/images/I/81mkgkqOpiL._AC_UL320_.jpg,"Authentic Computer Accessories product. Built with high-grade components, tested for peak durability, and backed by a 1-year manufacturer warranty. Complete with original accessories and certified packaging."
prod_000128,3,sel_0018,"LG FHD 32-Inch Computer Monitor 32ML600M-B, IPS with HDR 10 Compatibility, Black",CRT-COM-00128,15999,0,129,4.6,2935,48,https://m.media-amazon.com/images/I/81U+MhwN2OL._AC_UL320_.jpg,"Authentic Computer Accessories product. Built with high-grade components, tested for peak durability, and backed by a 1-year manufacturer warranty. Complete with original accessories and certified packaging."
prod_000129,3,sel_0018,"Dell S2722QC 27-inch 4K USB-C Monitor - UHD (3840 x 2160) Display, 60Hz Refresh Rate, 8MS Grey-to-Grey Response Time (Normal Mode)...",CRT-COM-00129,31999,25,33,4.3,1289,1415,https://m.media-amazon.com/images/I/71WnTimV+OL._AC_UL320_.jpg,"Authentic Computer Accessories product. Built with high-grade components, tested for peak durability, and backed by a 1-year manufacturer warranty. Complete with original accessories and certified packaging."
prod_000130,3,sel_0001,"acer Nitro 31.5"" Curved FHD Gaming Monitor, 32-inch Zero-Frame (1920 x 1080) Resolution, AMD FreeSync, 1ms Response time, 75Hz, HDMI VGA...",CRT-COM-00130,15999,20,65,4.5,2,944,https://m.media-amazon.com/images/I/71ETwwP3i7L._AC_UL320_.jpg,"Authentic Computer Accessories product. Built with high-grade components, tested for peak durability, and backed by a 1-year manufacturer warranty. Complete with original accessories and certified packaging."
prod_000131,3,sel_0028,"ASUS 27 Inch Monitor - 1080P, IPS, Full HD, Frameless, 100Hz, 1ms, Adaptive-Sync, for Working and Gaming, Low Blue Light, Flicker Free...",CRT-COM-00131,8999,20,28,4,5,483,https://m.media-amazon.com/images/I/71G4oiAPpxL._AC_UL320_.jpg,"Authentic Computer Accessories product. Built with high-grade components, tested for peak durability, and backed by a 1-year manufacturer warranty. Complete with original accessories and certified packaging."
prod_000132,3,sel_0024,"ASUS ZenScreen 15.6” 1080P Portable USB Monitor (MB166C) - Full HD, IPS, USB Type-C, USB-Powered, Eye Care, Tripod Mountable, Anti-Glare...",CRT-COM-00132,10999,5,141,4.3,4632,700,https://m.media-amazon.com/images/I/81qOLoBvqqL._AC_UL320_.jpg,"Authentic Computer Accessories product. Built with high-grade components, tested for peak durability, and backed by a 1-year manufacturer warranty. Complete with original accessories and certified packaging."
prod_000133,3,sel_0055,"Sceptre 34-Inch Curved Ultrawide WQHD Monitor 3440 x 1440 R1500 up to 165Hz DisplayPort x2 99% sRGB 1ms Picture by Picture, Machine...",CRT-COM-00133,22999,25,15,4.1,162,357,https://m.media-amazon.com/images/I/71kNuKHcq-L._AC_UL320_.jpg,"Authentic Computer Accessories product. Built with high-grade components, tested for peak durability, and backed by a 1-year manufacturer warranty. Complete with original accessories and certified packaging."
prod_000134,3,sel_0016,"Dell UltraSharp U2723QE 27"" 4K UHD WLED LCD Monitor - 16:9 - Black, Silver",CRT-COM-00134,40999,15,96,4.3,383,1374,https://m.media-amazon.com/images/I/A1Iqr2v1SIL._AC_UL320_.jpg,"Authentic Computer Accessories product. Built with high-grade components, tested for peak durability, and backed by a 1-year manufacturer warranty. Complete with original accessories and certified packaging."
prod_000135,3,sel_0006,HP 27h Full HD Monitor - Diagonal - IPS Panel & 75Hz Refresh Rate - Smooth Screen - 3-Sided Micro-Edge Bezel - 100mm Height/Tilt Adjust...,CRT-COM-00135,12999,30,123,4.6,4626,1071,https://m.media-amazon.com/images/I/81ZgjPhJKbL._AC_UL320_.jpg,"Authentic Computer Accessories product. Built with high-grade components, tested for peak durability, and backed by a 1-year manufacturer warranty. Complete with original accessories and certified packaging."
prod_000136,3,sel_0014,"SAMSUNG T35F Series 27-Inch FHD 1080p Computer Monitor, 75Hz, IPS Panel, HDMI, VGA (D-Sub), 3-Sided Border-Less, FreeSync (LF27T350FHNXZA)",CRT-COM-00136,11999,20,20,4.5,3638,687,https://m.media-amazon.com/images/I/61B8Lq5NXmL._AC_UL320_.jpg,"Authentic Computer Accessories product. Built with high-grade components, tested for peak durability, and backed by a 1-year manufacturer warranty. Complete with original accessories and certified packaging."
prod_000137,3,sel_0059,"Portable Travel Monitor for Laptop QQH 15.6"" 1080P FHD IPS Second Screen, USB C HDMI External Gaming Monitor Display for Computer Phone...",CRT-COM-00137,8249,25,95,4.4,1218,530,https://m.media-amazon.com/images/I/81OOwdj1XPL._AC_UL320_.jpg,"Authentic Computer Accessories product. Built with high-grade components, tested for peak durability, and backed by a 1-year manufacturer warranty. Complete with original accessories and certified packaging."
prod_000138,3,sel_0013,"Dell 24 Monitor - P2422H - Full HD 1080p, IPS Technology, ComfortView Plus Technology",CRT-COM-00138,14999,5,54,4.6,724,1124,https://m.media-amazon.com/images/I/61AsEcKn4BL._AC_UL320_.jpg,"Authentic Computer Accessories product. Built with high-grade components, tested for peak durability, and backed by a 1-year manufacturer warranty. Complete with original accessories and certified packaging."
prod_000139,3,sel_0046,VILVA Portable-Monitor-for-Laptop - 15.6'' 1080P FHD IPS Display USB-C&HDMI Portable Monitor for Laptop with Cover and Speakers,CRT-COM-00139,8249,5,101,4.7,1469,1050,https://m.media-amazon.com/images/I/81YY5q-fRYL._AC_UL320_.jpg,"Authentic Computer Accessories product. Built with high-grade components, tested for peak durability, and backed by a 1-year manufacturer warranty. Complete with original accessories and certified packaging."
prod_000140,3,sel_0058,"Acer KC242Y Hbi 23.8"" Full HD (1920 x 1080) Zero-Frame Gaming Office Monitor | AMD FreeSync Technology | 100Hz | 1ms (VRB) | Low Blue...",CRT-COM-00140,7499,25,81,4.5,3985,1213,https://m.media-amazon.com/images/I/81eZofxtgPL._AC_UL320_.jpg,"Authentic Computer Accessories product. Built with high-grade components, tested for peak durability, and backed by a 1-year manufacturer warranty. Complete with original accessories and certified packaging."
prod_000141,3,sel_0010,"AOC C27G2Z 27"" Curved Frameless Ultra-Fast Gaming Monitor, FHD 1080p, 0.5ms 240Hz, FreeSync, HDMI/DP/VGA, Height Adjustable, 3-Year Zero...",CRT-COM-00141,14999,15,95,4.7,26326,411,https://m.media-amazon.com/images/I/71lu2UrfdXL._AC_UL320_.jpg,"Authentic Computer Accessories product. Built with high-grade components, tested for peak durability, and backed by a 1-year manufacturer warranty. Complete with original accessories and certified packaging."
prod_000142,3,sel_0029,"ViewSonic VX3276-MHD 32 Inch 1080p Widescreen IPS Monitor with Ultra-Thin Bezels, Screen Split Capability HDMI and DisplayPort",CRT-COM-00142,15999,20,46,4.6,8136,298,https://m.media-amazon.com/images/I/61FpOkMA1VL._AC_UL320_.jpg,"Authentic Computer Accessories product. Built with high-grade components, tested for peak durability, and backed by a 1-year manufacturer warranty. Complete with original accessories and certified packaging."
prod_000143,3,sel_0014,"Sceptre Curved 27"" FHD 1080p 75Hz LED Monitor HDMI VGA Build-In Speakers, EDGE-LESS Metal Black 2019 (C275W-1920RN)",CRT-COM-00143,9749,20,94,4.6,14051,645,https://m.media-amazon.com/images/I/71-4ZeUWzqL._AC_UL320_.jpg,"Authentic Computer Accessories product. Built with high-grade components, tested for peak durability, and backed by a 1-year manufacturer warranty. Complete with original accessories and certified packaging."
prod_000144,3,sel_0036,"CRUA 24 Inch Curved Monitor, FHD(1920×1080p) 75HZ 99% sRGB Computer Monitor, LED Filter Blue Light 178° Wide Viewing Angle PC Monitors...",CRT-COM-00144,7499,30,118,4.4,1539,500,https://m.media-amazon.com/images/I/71aHfMEghAL._AC_UL320_.jpg,"Authentic Computer Accessories product. Built with high-grade components, tested for peak durability, and backed by a 1-year manufacturer warranty. Complete with original accessories and certified packaging."
prod_000145,3,sel_0035,"ViewSonic VA1655 15.6 Inch 1080p Portable IPS Monitor with a Built-in Stand, Mobile Ergonomics, USB C, Mini HDMI and Protective Case for...",CRT-COM-00145,9249,15,150,4.3,878,711,https://m.media-amazon.com/images/I/61xtSiirB7L._AC_UL320_.jpg,"Authentic Computer Accessories product. Built with high-grade components, tested for peak durability, and backed by a 1-year manufacturer warranty. Complete with original accessories and certified packaging."
prod_000146,3,sel_0057,ARZOPA Portable Monitor 15.6'' FHD 1080P Portable Laptop Monitor IPS Computer External Screen USB C HDMI Display for PC MAC Phone Xbox...,CRT-COM-00146,11999,20,17,4.4,3798,1265,https://m.media-amazon.com/images/I/61F5aBUyvWL._AC_UL320_.jpg,"Authentic Computer Accessories product. Built with high-grade components, tested for peak durability, and backed by a 1-year manufacturer warranty. Complete with original accessories and certified packaging."
prod_000147,3,sel_0027,"Acer Nitro XV272U Vbmiiprx 27"" Zero-Frame WQHD 2560 x 1440 Gaming Monitor | AMD FreeSync Premium Agile-Splendor IPS Overclock to 170Hz...",CRT-COM-00147,18999,30,29,4.5,3491,716,https://m.media-amazon.com/images/I/71XNJ9z6miL._AC_UL320_.jpg,"Authentic Computer Accessories product. Built with high-grade components, tested for peak durability, and backed by a 1-year manufacturer warranty. Complete with original accessories and certified packaging."
prod_000148,3,sel_0040,"KYY Portable Monitor 15.6'' FHD 1080P USB C HDMI Gaming Monitor Ultra-Slim IPS Display w/Smart Cover & Speakers, Plug&Play, External...",CRT-COM-00148,8999,30,113,4.6,3391,349,https://m.media-amazon.com/images/I/71lZZ6AvAML._AC_UL320_.jpg,"Authentic Computer Accessories product. Built with high-grade components, tested for peak durability, and backed by a 1-year manufacturer warranty. Complete with original accessories and certified packaging."
prod_000149,3,sel_0026,"InnoView Portable Monitor, 15.6 Inch FHD 1080P HDMI USB C Second External Monitor for Laptop, Desktop, MacBook, Phones, Tablet, PS5/4...",CRT-COM-00149,10999,0,101,4.5,3550,896,https://m.media-amazon.com/images/I/71TAxWrWEAL._AC_UL320_.jpg,"Authentic Computer Accessories product. Built with high-grade components, tested for peak durability, and backed by a 1-year manufacturer warranty. Complete with original accessories and certified packaging."
prod_000150,3,sel_0057,"AOC 27B2H 27"" Full HD IPS Monitor, 3-Sided Frameless & Ultra Slim Design, HDMI and VGA inputs, Lowblue Mode, VESA compatible,Black",CRT-COM-00150,8999,5,70,4.7,3051,609,https://m.media-amazon.com/images/I/61glb-thzsL._AC_UL320_.jpg,"Authentic Computer Accessories product. Built with high-grade components, tested for peak durability, and backed by a 1-year manufacturer warranty. Complete with original accessories and certified packaging."
prod_000151,4,sel_0038,"Sensyne 62"" Phone Tripod & Selfie Stick, Extendable Cell Phone Tripod Stand with Wireless Remote and Phone Holder, Compatible with...",CRT-CEL-00151,1599,0,36,4.6,186,1013,https://m.media-amazon.com/images/I/51uZme3QCkL._AC_UL320_.jpg,"Authentic Cell Phones & Accessories product. Built with high-grade components, tested for peak durability, and backed by a 1-year manufacturer warranty. Complete with original accessories and certified packaging."
prod_000152,4,sel_0032,"Nulaxy Dual Folding Cell Phone Stand, Fully Adjustable Foldable Desktop Phone Holder Cradle Dock Compatible with Phone 14 13 12 11 Pro...",CRT-CEL-00152,699,10,127,4.7,365,737,https://m.media-amazon.com/images/I/61srjyM7TFL._AC_UL320_.jpg,"Authentic Cell Phones & Accessories product. Built with high-grade components, tested for peak durability, and backed by a 1-year manufacturer warranty. Complete with original accessories and certified packaging."
prod_000153,4,sel_0047,Portable-Charger-Power-Bank - 40000mAh Power Bank PD 30W and QC 4.0 Quick Charging Built-in Bright flashlight LED Display 2 USB 1Type-C...,CRT-CEL-00153,2999,0,15,4.4,209,1437,https://m.media-amazon.com/images/I/41KGDEKlcQL._AC_UL320_.jpg,"Authentic Cell Phones & Accessories product. Built with high-grade components, tested for peak durability, and backed by a 1-year manufacturer warranty. Complete with original accessories and certified packaging."
prod_000154,4,sel_0049,Wireless Earbuds Bluetooth Headphones 60H Playtime Ear Buds with LED Power Display Charging Case Earphones in-Ear Earbud with Microphone...,CRT-CEL-00154,1999,25,67,4.5,249,701,https://m.media-amazon.com/images/I/613+h5iz9VL._AC_UL320_.jpg,"Authentic Cell Phones & Accessories product. Built with high-grade components, tested for peak durability, and backed by a 1-year manufacturer warranty. Complete with original accessories and certified packaging."
prod_000155,4,sel_0005,"RORSOU R10 Kids Headphones with Microphone, Lightweight Folding Stereo Bass Headphones with 1.5M No-Tangle Cord, Portable Wired...",CRT-CEL-00155,1199,10,67,4.5,189,673,https://m.media-amazon.com/images/I/61z-rTknwVS._AC_UL320_.jpg,"Authentic Cell Phones & Accessories product. Built with high-grade components, tested for peak durability, and backed by a 1-year manufacturer warranty. Complete with original accessories and certified packaging."
prod_000156,4,sel_0013,"USB C GaN Charger 30W, Anker 511 Charger (Nano 3), PIQ 3.0 Foldable PPS Fast Charger for iPhone 15/15 Pro/14/14 Pro Max/13, Galaxy, iPad...",CRT-CEL-00156,1599,30,79,4.8,377,891,https://m.media-amazon.com/images/I/71ykbhPo7uL._AC_UL320_.jpg,"Authentic Cell Phones & Accessories product. Built with high-grade components, tested for peak durability, and backed by a 1-year manufacturer warranty. Complete with original accessories and certified packaging."
prod_000157,4,sel_0057,JLab Go Air Pop True Wireless Bluetooth Earbuds + Charging Case - Slate - Dual Connect - IPX4 Sweat Resistance - Bluetooth 5.1...,CRT-CEL-00157,1999,0,135,4.4,273,328,https://m.media-amazon.com/images/I/71jKdsDEBSL._AC_UL320_.jpg,"Authentic Cell Phones & Accessories product. Built with high-grade components, tested for peak durability, and backed by a 1-year manufacturer warranty. Complete with original accessories and certified packaging."
prod_000158,4,sel_0058,Magnetic Wireless Charger Fast Apple Mag-Safe Charger for iPhone 15 Pro Max/15 Pro/15/15 Plus/14/13/12 Series AirPods 3/2/Pro/Pro 2 LED...,CRT-CEL-00158,1399,30,100,4.6,410,983,https://m.media-amazon.com/images/I/51ZTUXXpT1L._AC_UL320_.jpg,"Authentic Cell Phones & Accessories product. Built with high-grade components, tested for peak durability, and backed by a 1-year manufacturer warranty. Complete with original accessories and certified packaging."
prod_000159,4,sel_0049,"Anker USB C to USB C Cable (3.3ft 100W, 2Pack), USB 2.0 Type C Charging Cable Fast Charge for iPhone 15/15Pro/15Plus/15ProMax, MacBook...",CRT-CEL-00159,1599,0,94,4.7,311,1029,https://m.media-amazon.com/images/I/71uH+4Eh30L._AC_UL320_.jpg,"Authentic Cell Phones & Accessories product. Built with high-grade components, tested for peak durability, and backed by a 1-year manufacturer warranty. Complete with original accessories and certified packaging."
prod_000160,4,sel_0043,"EarFun Air Pro 3 Noise Cancelling Wireless Earbuds, Qualcomm® aptX™ Adaptive Sound, 6 Mics CVC 8.0 ENC, Bluetooth 5.3 Earbuds...",CRT-CEL-00160,4499,25,48,4.4,219,665,https://m.media-amazon.com/images/I/61dDIKxp6sL._AC_UL320_.jpg,"Authentic Cell Phones & Accessories product. Built with high-grade components, tested for peak durability, and backed by a 1-year manufacturer warranty. Complete with original accessories and certified packaging."
prod_000161,4,sel_0053,Misxi 2 Pack Hard PC Case with Tempered Glass Screen Protector Compatible with Apple Watch Series 9 (2023) Series 8 Series 7 45mm...,CRT-CEL-00161,799,20,50,4.5,425,1055,https://m.media-amazon.com/images/I/81wrA2x9f8L._AC_UL320_.jpg,"Authentic Cell Phones & Accessories product. Built with high-grade components, tested for peak durability, and backed by a 1-year manufacturer warranty. Complete with original accessories and certified packaging."
prod_000162,4,sel_0036,"POWMEE M1 Kids Headphones Wired Headphone for Kids,Foldable Adjustable Stereo Tangle-Free,3.5MM Jack Wire Cord On-Ear Headphone for...",CRT-CEL-00162,899,5,136,4.7,296,1285,https://m.media-amazon.com/images/I/71iHz1BCPCL._AC_UL320_.jpg,"Authentic Cell Phones & Accessories product. Built with high-grade components, tested for peak durability, and backed by a 1-year manufacturer warranty. Complete with original accessories and certified packaging."
prod_000163,4,sel_0030,"Portable Bluetooth Speaker, IPX7 Waterproof Wireless Speaker with Colorful Flashing Lights, 25W Super Bass with 24H Playtime, 100ft...",CRT-CEL-00163,3249,0,97,4.6,156,205,https://m.media-amazon.com/images/I/81nvd-OPHLL._AC_UL320_.jpg,"Authentic Cell Phones & Accessories product. Built with high-grade components, tested for peak durability, and backed by a 1-year manufacturer warranty. Complete with original accessories and certified packaging."
prod_000164,4,sel_0040,"[2 Pack]Mini Portable Charger for iPhone 5200mAh,20W Fast Charging Power Bank for iPhone,Compact Battery Pack,Travel Portable Phone...",CRT-CEL-00164,3249,25,16,4.6,315,574,https://m.media-amazon.com/images/I/71pFQWYjnCL._AC_UL320_.jpg,"Authentic Cell Phones & Accessories product. Built with high-grade components, tested for peak durability, and backed by a 1-year manufacturer warranty. Complete with original accessories and certified packaging."
prod_000165,4,sel_0056,"Headphones Wireless Bluetooth 70 Hours Playtime Bluetooth Headphones with Microphone,3EQ Modes,Over-Ear Headphones HiFi Stereo Foldable...",CRT-CEL-00165,1399,5,110,4.5,149,709,https://m.media-amazon.com/images/I/71ivI5fSTbL._AC_UL320_.jpg,"Authentic Cell Phones & Accessories product. Built with high-grade components, tested for peak durability, and backed by a 1-year manufacturer warranty. Complete with original accessories and certified packaging."
prod_000166,4,sel_0017,Ailun Privacy Screen Protector for iPhone 12 Pro Max 2020 [6.7 Inch] 2Pack Anti Spy Private Case Friendly Tempered Glass [Black][2 Pack],CRT-CEL-00166,699,25,74,4.5,106,150,https://m.media-amazon.com/images/I/71XmQh5SPML._AC_UL320_.jpg,"Authentic Cell Phones & Accessories product. Built with high-grade components, tested for peak durability, and backed by a 1-year manufacturer warranty. Complete with original accessories and certified packaging."
prod_000167,4,sel_0005,"V8 Bluetooth Headphones, 80 Hours Playtime Wireless Headphones with Deep Bass,Lightweight Foldable Headphones Built-in Mic,HiFi Stereo...",CRT-CEL-00167,1499,20,18,4.5,183,684,https://m.media-amazon.com/images/I/718b3te4OqL._AC_UL320_.jpg,"Authentic Cell Phones & Accessories product. Built with high-grade components, tested for peak durability, and backed by a 1-year manufacturer warranty. Complete with original accessories and certified packaging."
prod_000168,4,sel_0025,SHOKZ (AfterShokz OpenComm - Bone Conduction Open-Ear Stereo Bluetooth Headset with Noise-Canceling Boom Microphone - Wireless Headset...,CRT-CEL-00168,12999,15,56,4.3,296,866,https://m.media-amazon.com/images/I/41WuYW7IQaL._AC_UL320_.jpg,"Authentic Cell Phones & Accessories product. Built with high-grade components, tested for peak durability, and backed by a 1-year manufacturer warranty. Complete with original accessories and certified packaging."
prod_000169,4,sel_0048,"Kids Headphones Bulk 5 Pack, Student On Ear Color Varieties, Comfy Swivel Earphones for Classroom, Library, School, Airplane, for Online...",CRT-CEL-00169,2999,0,133,4.6,118,1405,https://m.media-amazon.com/images/I/71p16+H82HL._AC_UL320_.jpg,"Authentic Cell Phones & Accessories product. Built with high-grade components, tested for peak durability, and backed by a 1-year manufacturer warranty. Complete with original accessories and certified packaging."
prod_000170,4,sel_0045,"Bose Headphones 700, Noise Cancelling Bluetooth Over-Ear Wireless Headphones with Built-In Microphone for Clear Calls and Alexa Voice...",CRT-CEL-00170,27999,20,119,4.5,111,475,https://m.media-amazon.com/images/I/61hVlJTo9+L._AC_UL320_.jpg,"Authentic Cell Phones & Accessories product. Built with high-grade components, tested for peak durability, and backed by a 1-year manufacturer warranty. Complete with original accessories and certified packaging."
prod_000171,4,sel_0017,"Amazon Basics Micro SDXC Memory Card with Full Size Adapter, A2, U3, Read Speed up to 100 MB/s, 64 GB, Pack of 2, Black",CRT-CEL-00171,1199,0,84,4.7,101,904,https://m.media-amazon.com/images/I/71dK3j8eArL._AC_UL320_.jpg,"Authentic Cell Phones & Accessories product. Built with high-grade components, tested for peak durability, and backed by a 1-year manufacturer warranty. Complete with original accessories and certified packaging."
prod_000172,4,sel_0028,[2+2 Pack] iPhone 12 Pro Max Privacy Screen Protector with Camera Lens Protector Full Coverage Anti-Spy Tempered Glass Film 9H Hardness...,CRT-CEL-00172,699,5,67,4.3,311,1265,https://m.media-amazon.com/images/I/6180S3-egPL._AC_UL320_.jpg,"Authentic Cell Phones & Accessories product. Built with high-grade components, tested for peak durability, and backed by a 1-year manufacturer warranty. Complete with original accessories and certified packaging."
prod_000173,4,sel_0059,"Ailun 2Pack Screen Protector Compatible for iPhone 11[6.1 inch] + 2 Pack Camera Lens Protector,Tempered Glass Film,[9H Hardness] - HD",CRT-CEL-00173,599,5,127,4.5,245,19,https://m.media-amazon.com/images/I/81GTD5NIcdL._AC_UL320_.jpg,"Authentic Cell Phones & Accessories product. Built with high-grade components, tested for peak durability, and backed by a 1-year manufacturer warranty. Complete with original accessories and certified packaging."
prod_000174,4,sel_0054,Ailun Glass Screen Protector for iPhone 12 mini 2020 [5.4 Inch] 3Pack Tempered Glass,CRT-CEL-00174,599,10,81,4.6,38,1443,https://m.media-amazon.com/images/I/81tHORQWdKL._AC_UL320_.jpg,"Authentic Cell Phones & Accessories product. Built with high-grade components, tested for peak durability, and backed by a 1-year manufacturer warranty. Complete with original accessories and certified packaging."
prod_000175,4,sel_0009,"UniqueMe [ 6 Pack for Apple Watch Screen Protector 40mm, Apple Watch SE Series 6/5/4 Screen Protector [Upgrade Flexible Film]...",CRT-CEL-00175,799,10,134,4.3,93,991,https://m.media-amazon.com/images/I/71UjKfK5loL._AC_UL320_.jpg,"Authentic Cell Phones & Accessories product. Built with high-grade components, tested for peak durability, and backed by a 1-year manufacturer warranty. Complete with original accessories and certified packaging."
prod_000176,4,sel_0006,"Supershieldz (3 Pack) Designed for Samsung Galaxy S21 5G [Not Fit for Galaxy S21 Ultra] Tempered Glass Screen Protector, Anti Scratch...",CRT-CEL-00176,799,10,21,4.3,354,1319,https://m.media-amazon.com/images/I/71eOOYh7maL._AC_UL320_.jpg,"Authentic Cell Phones & Accessories product. Built with high-grade components, tested for peak durability, and backed by a 1-year manufacturer warranty. Complete with original accessories and certified packaging."
prod_000177,4,sel_0003,"PopSockets Phone Wallet with Expanding Phone Grip, Phone Card Holder - Black",CRT-CEL-00177,1999,0,36,4.5,243,1377,https://m.media-amazon.com/images/I/418lrwo7RbL._AC_UL320_.jpg,"Authentic Cell Phones & Accessories product. Built with high-grade components, tested for peak durability, and backed by a 1-year manufacturer warranty. Complete with original accessories and certified packaging."
prod_000178,4,sel_0055,"MAGIC JOHN 2 Pack for iPhone 13/ iPhone 13 Pro/iPhone 14 6.1 inch Tempered Glass Screen Protector, Auto Dust-Elimination Installation...",CRT-CEL-00178,1399,0,79,4.3,82,235,https://m.media-amazon.com/images/I/81TqiuHpbdL._AC_UL320_.jpg,"Authentic Cell Phones & Accessories product. Built with high-grade components, tested for peak durability, and backed by a 1-year manufacturer warranty. Complete with original accessories and certified packaging."
prod_000179,4,sel_0037,"iWALK LinkPod Y2 Power Bank Fast Charging 9600mAh,Ultra Compact Portable Charger with Built in 18W PD Cable & LED Display,[2023...",CRT-CEL-00179,2749,10,60,4.4,371,407,https://m.media-amazon.com/images/I/41OD5BFLQAL._AC_UL320_.jpg,"Authentic Cell Phones & Accessories product. Built with high-grade components, tested for peak durability, and backed by a 1-year manufacturer warranty. Complete with original accessories and certified packaging."
prod_000180,4,sel_0020,"Bluetooth Earpiece for Cell Phones, V5.1 Wireless Headset Handfree with Battery Charging Case Built-in Microphone for iPhone Android...",CRT-CEL-00180,1999,30,58,5,171,663,https://m.media-amazon.com/images/I/61rLmG4JfOL._AC_UL320_.jpg,"Authentic Cell Phones & Accessories product. Built with high-grade components, tested for peak durability, and backed by a 1-year manufacturer warranty. Complete with original accessories and certified packaging."
prod_000181,4,sel_0020,"USB C Charger 30W, Omnia II Fast Charger Adapter, GaN III Foldable PPS Compact Wall Charger for Smartphones, Tablets, Laptops, Earbuds...",CRT-CEL-00181,1599,10,120,5,149,461,https://m.media-amazon.com/images/I/41Q+sc0UiIL._AC_UL320_.jpg,"Authentic Cell Phones & Accessories product. Built with high-grade components, tested for peak durability, and backed by a 1-year manufacturer warranty. Complete with original accessories and certified packaging."
prod_000182,4,sel_0024,"Nulaxy 2 Pack Dual Folding Cell Phone Stand, Fully Adjustable Foldable Desktop Phone Holder Cradle Dock Compatible with Phone 14 13 12...",CRT-CEL-00182,1099,20,34,4.7,446,1032,https://m.media-amazon.com/images/I/61M5yvNC22L._AC_UL320_.jpg,"Authentic Cell Phones & Accessories product. Built with high-grade components, tested for peak durability, and backed by a 1-year manufacturer warranty. Complete with original accessories and certified packaging."
prod_000183,4,sel_0010,"Fotbor [3+3 Pack for iPhone 15 Pro Max Screen Protector with Camera Lens Protector, Tempered Glass Shatterproof Easy Installation Frame...",CRT-CEL-00183,599,10,63,4.4,375,910,https://m.media-amazon.com/images/I/71VGzkzqB3L._AC_UL320_.jpg,"Authentic Cell Phones & Accessories product. Built with high-grade components, tested for peak durability, and backed by a 1-year manufacturer warranty. Complete with original accessories and certified packaging."
prod_000184,4,sel_0036,"PopSockets Phone Grip with Expanding Kickstand, PopSockets for Phone - Leopard of the Night",CRT-CEL-00184,799,5,149,4.6,79,1084,https://m.media-amazon.com/images/I/71P12d9b+TL._AC_UL320_.jpg,"Authentic Cell Phones & Accessories product. Built with high-grade components, tested for peak durability, and backed by a 1-year manufacturer warranty. Complete with original accessories and certified packaging."
prod_000185,4,sel_0037,"Car Phone Holder Mount, Adjustable Car Phone Mount for Car Truck, 360 Degree Rotation Phone Mount for Windshield, Universal Dashboard...",CRT-CEL-00185,1599,25,14,3.8,406,578,https://m.media-amazon.com/images/I/71R58O94OVL._AC_UL320_.jpg,"Authentic Cell Phones & Accessories product. Built with high-grade components, tested for peak durability, and backed by a 1-year manufacturer warranty. Complete with original accessories and certified packaging."
prod_000186,4,sel_0027,"NEW'C [3 Pack] Designed for iPhone 11 Pro Max, iPhone XS Max (6.5"") Screen Protector Tempered Glass, Case Friendly Ultra Resistant",CRT-CEL-00186,599,0,101,4.5,163,1111,https://m.media-amazon.com/images/I/81sA4qyuceL._AC_UL320_.jpg,"Authentic Cell Phones & Accessories product. Built with high-grade components, tested for peak durability, and backed by a 1-year manufacturer warranty. Complete with original accessories and certified packaging."
prod_000187,4,sel_0052,Google Pixel Buds Pro - Noise Canceling Earbuds - Up to 31 Hour Battery Life with Charging Case - Bluetooth Headphones - Compatible with...,CRT-CEL-00187,15999,10,135,4.5,332,721,https://m.media-amazon.com/images/I/61FwbxlXSfL._AC_UL320_.jpg,"Authentic Cell Phones & Accessories product. Built with high-grade components, tested for peak durability, and backed by a 1-year manufacturer warranty. Complete with original accessories and certified packaging."
prod_000188,4,sel_0053,"USB c to 3.5mm Headphone and Charger Adapter,2-in-1 USB C PD 3.0 Charging Port to Aux Audio Jack and Fast Charging Dongle Cable Cord...",CRT-CEL-00188,699,30,128,4.3,72,43,https://m.media-amazon.com/images/I/71D8btBnQaL._AC_UL320_.jpg,"Authentic Cell Phones & Accessories product. Built with high-grade components, tested for peak durability, and backed by a 1-year manufacturer warranty. Complete with original accessories and certified packaging."
prod_000189,4,sel_0019,"Yealink BH71 Bluetooth Headset, Wireless Bluetooth Earpiece with Noise Canceling Microphone, Teams & UC Compatible, Connect to Mobile...",CRT-CEL-00189,6499,25,77,4.2,26,378,https://m.media-amazon.com/images/I/61k4a2wzRpL._AC_UL320_.jpg,"Authentic Cell Phones & Accessories product. Built with high-grade components, tested for peak durability, and backed by a 1-year manufacturer warranty. Complete with original accessories and certified packaging."
prod_000190,4,sel_0019,"Universal Car Phone Mount,Holder Mount,[Military-Grade Suction] Cell Phone Car Holder Universal Phone Stand Compatible Fit iPhone...",CRT-CEL-00190,1099,15,42,4,147,937,https://m.media-amazon.com/images/I/615rOeFUO6L._AC_UL320_.jpg,"Authentic Cell Phones & Accessories product. Built with high-grade components, tested for peak durability, and backed by a 1-year manufacturer warranty. Complete with original accessories and certified packaging."
prod_000191,4,sel_0012,"Selfie Light,RGB LED Video Lights for Phone,Laptop,Camera,2000mAH Portable Photography Fill Light 360° Full Color 24 Effects CRI 95+...",CRT-CEL-00191,2499,5,70,4.6,197,521,https://m.media-amazon.com/images/I/61GqCxgAiEL._AC_UL320_.jpg,"Authentic Cell Phones & Accessories product. Built with high-grade components, tested for peak durability, and backed by a 1-year manufacturer warranty. Complete with original accessories and certified packaging."
prod_000192,4,sel_0027,"SanDisk 256GB Extreme microSDXC UHS-I Memory Card with Adapter - Up to 160MB/s, C10, U3, V30, 4K, A2, Micro SD - SDSQXA1-256G-GN6MA",CRT-CEL-00192,1999,30,77,4.8,149,349,https://m.media-amazon.com/images/I/81o+KgHuhxL._AC_UL320_.jpg,"Authentic Cell Phones & Accessories product. Built with high-grade components, tested for peak durability, and backed by a 1-year manufacturer warranty. Complete with original accessories and certified packaging."
prod_000193,4,sel_0057,"weBoost Drive Reach OTR - Cell Phone Signal Booster for Trucks and SUVs | Boosts 5G & 4G LTE for All U.S. Carriers - Verizon, AT&T...",CRT-CEL-00193,42999,10,106,4.3,108,1335,https://m.media-amazon.com/images/I/618OiYXf-qL._AC_UL320_.jpg,"Authentic Cell Phones & Accessories product. Built with high-grade components, tested for peak durability, and backed by a 1-year manufacturer warranty. Complete with original accessories and certified packaging."
prod_000194,4,sel_0049,"VCE 6.35mm (1/4 inch) Male to 3.5mm (1/8 inch) Female Stereo Audio Jack Adapter for Aux Cable, Guitar Amplifier, Headphone, 2 Pack",CRT-CEL-00194,399,10,132,4.7,286,217,https://m.media-amazon.com/images/I/61pig75NcIL._AC_UL320_.jpg,"Authentic Cell Phones & Accessories product. Built with high-grade components, tested for peak durability, and backed by a 1-year manufacturer warranty. Complete with original accessories and certified packaging."
prod_000195,4,sel_0040,"12'' Ring Light with Stand 72'' Tall & 2 Phone Holders,38 Color Modes Selfie LED Ring Light with Tripod Stand for iPhone/Android,Big...",CRT-CEL-00195,3249,10,91,4.5,28,1442,https://m.media-amazon.com/images/I/61cjsEkQBJL._AC_UL320_.jpg,"Authentic Cell Phones & Accessories product. Built with high-grade components, tested for peak durability, and backed by a 1-year manufacturer warranty. Complete with original accessories and certified packaging."
prod_000196,4,sel_0022,"Amazon Basics USB-C to USB-C 2.0 Fast Charger Cable, 480Mbps Speed, USB-IF Certified, for Apple iPhone 15, iPad, Samsung Galaxy...",CRT-CEL-00196,799,10,44,4.6,377,1238,https://m.media-amazon.com/images/I/61JBLA+DKLL._AC_UL320_.jpg,"Authentic Cell Phones & Accessories product. Built with high-grade components, tested for peak durability, and backed by a 1-year manufacturer warranty. Complete with original accessories and certified packaging."
prod_000197,4,sel_0048,"6 Pack Sport Bands Compatible with Apple Watch Band 38mm 40mm 41mm 42mm 44mm 45mm 49mm,Soft Silicone Waterproof Strap Compatible with...",CRT-CEL-00197,1199,25,48,4.7,415,1355,https://m.media-amazon.com/images/I/71NGpVGuSPL._AC_UL320_.jpg,"Authentic Cell Phones & Accessories product. Built with high-grade components, tested for peak durability, and backed by a 1-year manufacturer warranty. Complete with original accessories and certified packaging."
prod_000198,4,sel_0029,"Sony SRS-XB13 EXTRA BASS Wireless Bluetooth Portable Lightweight Compact Travel Speaker, IP67 Waterproof & Durable for Outdoor, 16 Hour...",CRT-CEL-00198,4749,25,60,4.5,180,1052,https://m.media-amazon.com/images/I/614pmXRPMFL._AC_UL320_.jpg,"Authentic Cell Phones & Accessories product. Built with high-grade components, tested for peak durability, and backed by a 1-year manufacturer warranty. Complete with original accessories and certified packaging."
prod_000199,4,sel_0002,4 Pairs for AirPods Pro 2 Ear Hooks Covers [Added Storage Pouch] Accessories Compatible with Apple AirPods Pro Generation 2 (White),CRT-CEL-00199,1199,30,42,4.4,320,1331,https://m.media-amazon.com/images/I/61sW-lDQCzL._AC_UL320_.jpg,"Authentic Cell Phones & Accessories product. Built with high-grade components, tested for peak durability, and backed by a 1-year manufacturer warranty. Complete with original accessories and certified packaging."
prod_000200,4,sel_0005,"NEW'C [3 Pack] Designed for Samsung Galaxy S21 FE 5G Screen Protector Tempered Glass, Case Friendly Ultra Resistant",CRT-CEL-00200,599,10,67,4.5,49,623,https://m.media-amazon.com/images/I/71-KyxSIyVL._AC_UL320_.jpg,"Authentic Cell Phones & Accessories product. Built with high-grade components, tested for peak durability, and backed by a 1-year manufacturer warranty. Complete with original accessories and certified packaging."
prod_000201,5,sel_0024,Zmstlamp VLT-HC910LP VLT-HC100LP VLT-EX100LP Replacement Projector Lamp Bulb for Mitsubishi HC1100 HC1100U HC1500 HC1500U HC1600 HC1600U...,CRT-TEL-00201,3999,25,134,3.8,25,84,https://m.media-amazon.com/images/I/71GDvi7q4kL._AC_UL320_.jpg,"Authentic Televisions & Home Theater product. Built with high-grade components, tested for peak durability, and backed by a 1-year manufacturer warranty. Complete with original accessories and certified packaging."
prod_000202,5,sel_0006,EWO'S ELP50 Replacement Projector Lamp for Epson ELPLP50/V13H010L50 Powerlite 84 84+ 825 825+ 826W 826W+ 85 85+ Lamp Bulb Replacement,CRT-TEL-00202,4999,30,62,4.6,13,874,https://m.media-amazon.com/images/I/61uy53WuCsL._AC_UL320_.jpg,"Authentic Televisions & Home Theater product. Built with high-grade components, tested for peak durability, and backed by a 1-year manufacturer warranty. Complete with original accessories and certified packaging."
prod_000203,5,sel_0041,VEVOR Movie Screen with Stand 180inch Portable Projector Screen 16:9 4K HD Wide Angle Outdoor Projector Screen with Stand Easy Assembly...,CRT-TEL-00203,15999,5,130,4.2,126,796,https://m.media-amazon.com/images/I/71DOPXxzO0L._AC_UL320_.jpg,"Authentic Televisions & Home Theater product. Built with high-grade components, tested for peak durability, and backed by a 1-year manufacturer warranty. Complete with original accessories and certified packaging."
prod_000204,5,sel_0007,"Perlegear UL Listed Full Motion TV Wall Mount for Most 37–82 inch Flat Curved TVs up to 110 lbs, 12″/16″ Wood Studs, TV Mount Bracket...",CRT-TEL-00204,3749,25,87,4.8,1864,68,https://m.media-amazon.com/images/I/61j7MbimFsL._AC_UL320_.jpg,"Authentic Televisions & Home Theater product. Built with high-grade components, tested for peak durability, and backed by a 1-year manufacturer warranty. Complete with original accessories and certified packaging."
prod_000205,5,sel_0039,"LG Remote Magic Remote Control, Compatible with Many LG Models, Netflix and Prime Video Hot Keys, Google/Alexa",CRT-TEL-00205,2499,5,51,4.4,8201,859,https://m.media-amazon.com/images/I/51OmsZo+ppL._AC_UL320_.jpg,"Authentic Televisions & Home Theater product. Built with high-grade components, tested for peak durability, and backed by a 1-year manufacturer warranty. Complete with original accessories and certified packaging."
prod_000206,5,sel_0046,Mdbebbron 120 inch Projection Screen 16:9 Foldable Anti-Crease Portable Projector Movies Screens for Home Theater Outdoor Indoor Support...,CRT-TEL-00206,2249,10,33,4.5,31842,451,https://m.media-amazon.com/images/I/81lKMedjwaS._AC_UL320_.jpg,"Authentic Televisions & Home Theater product. Built with high-grade components, tested for peak durability, and backed by a 1-year manufacturer warranty. Complete with original accessories and certified packaging."
prod_000207,5,sel_0055,Google Chromecast (3rd Generation) Media Streamer - Black,CRT-TEL-00207,2999,25,146,4.3,19726,955,https://m.media-amazon.com/images/I/61o5Ho2Iy5L._AC_UL320_.jpg,"Authentic Televisions & Home Theater product. Built with high-grade components, tested for peak durability, and backed by a 1-year manufacturer warranty. Complete with original accessories and certified packaging."
prod_000208,5,sel_0060,"ELIVED UL Listed Full Motion TV Monitor Wall Mount for Most 14-42 Inch LED LCD Flat Screen TVs & Monitors, Swivels Tilts Extension...",CRT-TEL-00208,1799,15,44,4.6,5458,1081,https://m.media-amazon.com/images/I/61n3Ls7-0XL._AC_UL320_.jpg,"Authentic Televisions & Home Theater product. Built with high-grade components, tested for peak durability, and backed by a 1-year manufacturer warranty. Complete with original accessories and certified packaging."
prod_000209,5,sel_0043,"Universal Remote Control Compatible for Samsung Smart-TV LCD LED UHD QLED 4K HDR TVs, with Netflix, Prime Video Buttons",CRT-TEL-00209,1099,30,37,4.3,9809,941,https://m.media-amazon.com/images/I/51sc9zldPCL._AC_UL320_.jpg,"Authentic Televisions & Home Theater product. Built with high-grade components, tested for peak durability, and backed by a 1-year manufacturer warranty. Complete with original accessories and certified packaging."
prod_000210,5,sel_0015,"Amazon Basics 16-Gauge Speaker Wire Cable, 100 Feet, Bronze",CRT-TEL-00210,1299,25,32,4.7,67758,1237,https://m.media-amazon.com/images/I/718x1vTL4EL._AC_UL320_.jpg,"Authentic Televisions & Home Theater product. Built with high-grade components, tested for peak durability, and backed by a 1-year manufacturer warranty. Complete with original accessories and certified packaging."
prod_000211,5,sel_0050,"2 Pack Universal Replacement TV Remote Control for Roku TV, for TCL/Hisense/Sharp/Philips/Onn/Element/Insignia Roku TV,with Shortcut...",CRT-TEL-00211,799,25,24,4.6,931,933,https://m.media-amazon.com/images/I/61FA9NcGs+L._AC_UL320_.jpg,"Authentic Televisions & Home Theater product. Built with high-grade components, tested for peak durability, and backed by a 1-year manufacturer warranty. Complete with original accessories and certified packaging."
prod_000212,5,sel_0020,"Vansky TV Antenna Indoor, Digital Amplified Indoor HDTV Antenna, 1080p VHF UHF Television Local Channels Detachable Signal Amplifier and...",CRT-TEL-00212,2249,10,35,4,16083,1091,https://m.media-amazon.com/images/I/61k+sBPppPL._AC_UL320_.jpg,"Authentic Televisions & Home Theater product. Built with high-grade components, tested for peak durability, and backed by a 1-year manufacturer warranty. Complete with original accessories and certified packaging."
prod_000213,5,sel_0053,CTBAIER RLC-103 Hight Quality Replacement Projector Lamp for Viewsonic PG800W PG800HD PG800X PRO8510L Pro8510L Pro8520WL Pro8530HDL...,CRT-TEL-00213,18999,15,70,4.2,21,1011,https://m.media-amazon.com/images/I/71S8C904DuL._AC_UL320_.jpg,"Authentic Televisions & Home Theater product. Built with high-grade components, tested for peak durability, and backed by a 1-year manufacturer warranty. Complete with original accessories and certified packaging."
prod_000214,5,sel_0003,"PERLESMITH Full Motion TV Wall Mount for 37-82 inch TVs up to 132 lbs, Max VESA 600x400mm, TV Bracket with Dual Articulating Arms, Tilt...",CRT-TEL-00214,3749,20,47,4.7,7009,434,https://m.media-amazon.com/images/I/71yBS3RkKKL._AC_UL320_.jpg,"Authentic Televisions & Home Theater product. Built with high-grade components, tested for peak durability, and backed by a 1-year manufacturer warranty. Complete with original accessories and certified packaging."
prod_000215,5,sel_0035,"WLTASUY [Apple MFi Certified] 6.6FT Lightning to RCA Cable Audio Aux Adapter, 2-Male Y Splitter Audio Cord Compatible with iPad, iPhone...",CRT-TEL-00215,1099,5,77,4.1,192,925,https://m.media-amazon.com/images/I/715OcPU2hsL._AC_UL320_.jpg,"Authentic Televisions & Home Theater product. Built with high-grade components, tested for peak durability, and backed by a 1-year manufacturer warranty. Complete with original accessories and certified packaging."
prod_000216,5,sel_0023,"Studless Drywall TV Mount for 12-55 inch TVs, No Stud TV Wall Bracket Max VESA 400x400mm up to 100 lbs Universal Fits Most LED LCD...",CRT-TEL-00216,1499,30,117,4.7,4297,824,https://m.media-amazon.com/images/I/71KyDx38mmL._AC_UL320_.jpg,"Authentic Televisions & Home Theater product. Built with high-grade components, tested for peak durability, and backed by a 1-year manufacturer warranty. Complete with original accessories and certified packaging."
prod_000217,5,sel_0009,Samsung OEM Remote Control with Netflix Hotkey - Black (BN59-01315J),CRT-TEL-00217,799,10,51,4.6,1700,409,https://m.media-amazon.com/images/I/51HZuVVsmIL._AC_UL320_.jpg,"Authentic Televisions & Home Theater product. Built with high-grade components, tested for peak durability, and backed by a 1-year manufacturer warranty. Complete with original accessories and certified packaging."
prod_000218,5,sel_0002,"HP USB-C Dock G5-8 in 1 Adapter for Both USB-C and Thunderbolt-Enabled Laptops, PCs, & Notebooks - Single Cable for Charging...",CRT-TEL-00218,11999,15,105,4.4,164,346,https://m.media-amazon.com/images/I/81xxmKsxxsL._AC_UL320_.jpg,"Authentic Televisions & Home Theater product. Built with high-grade components, tested for peak durability, and backed by a 1-year manufacturer warranty. Complete with original accessories and certified packaging."
prod_000219,5,sel_0018,"USB 3.0 to Ethernet Adapter,ABLEWE 3-Port USB 3.0 Hub with RJ45 10/100/1000 Gigabit Ethernet Adapter Support Windows 10,8.1,Mac OS...",CRT-TEL-00219,1399,5,83,4.5,13236,134,https://m.media-amazon.com/images/I/61RMdp8lxcL._AC_UL320_.jpg,"Authentic Televisions & Home Theater product. Built with high-grade components, tested for peak durability, and backed by a 1-year manufacturer warranty. Complete with original accessories and certified packaging."
prod_000220,5,sel_0055,"Apple USB C to USB C Charging Cable 3ft 60W 3Pack [Apple MFi Certified], Type C to Type C Fast Charger Cord Compatible for iPhone 15/15...",CRT-TEL-00220,799,10,103,4.4,696,389,https://m.media-amazon.com/images/I/61bA4EOPeVL._AC_UL320_.jpg,"Authentic Televisions & Home Theater product. Built with high-grade components, tested for peak durability, and backed by a 1-year manufacturer warranty. Complete with original accessories and certified packaging."
prod_000221,5,sel_0049,"5Pack 10ft USB C Cable, Extra Long USB A to USB-C 10foot Type C Fast Charging Cable Compatible Samsung Galaxy S10 20 9 8 Plus...",CRT-TEL-00221,1499,10,133,4.6,48884,800,https://m.media-amazon.com/images/I/71Vj4TEfJlL._AC_UL320_.jpg,"Authentic Televisions & Home Theater product. Built with high-grade components, tested for peak durability, and backed by a 1-year manufacturer warranty. Complete with original accessories and certified packaging."
prod_000222,5,sel_0019,"MOUNTUP UL Listed TV Wall Mount, Full Motion TV Wall Mount for Most 26-65 Inch Flat/Curved TV Fit 16"" Wood Stud, Wall Mount TV Bracket...",CRT-TEL-00222,3999,20,79,4.7,5581,860,https://m.media-amazon.com/images/I/61LGpUxvHrL._AC_UL320_.jpg,"Authentic Televisions & Home Theater product. Built with high-grade components, tested for peak durability, and backed by a 1-year manufacturer warranty. Complete with original accessories and certified packaging."
prod_000223,5,sel_0050,"Amazon Basics USB-A to Mini USB 2.0 Fast Charging Cable, 480Mbps Transfer Speed with Gold-Plated Plugs, 6 Foot, Black",CRT-TEL-00223,599,0,126,4.6,56681,445,https://m.media-amazon.com/images/I/618b8Xq+hXL._AC_UL320_.jpg,"Authentic Televisions & Home Theater product. Built with high-grade components, tested for peak durability, and backed by a 1-year manufacturer warranty. Complete with original accessories and certified packaging."
prod_000224,5,sel_0045,Storm Shell Outdoor TV Hard Cover Weatherproof Protection for Television - Mounts Right on The Wall - TV Wall Mounting Bracket Included...,CRT-TEL-00224,29999,5,57,4.6,805,510,https://m.media-amazon.com/images/I/71UYZd0sJ1L._AC_UL320_.jpg,"Authentic Televisions & Home Theater product. Built with high-grade components, tested for peak durability, and backed by a 1-year manufacturer warranty. Complete with original accessories and certified packaging."
prod_000225,5,sel_0006,"ANTIER [2023 Release] 400+ Miles Range Indoor TV Antenna - HDTV Antennas are 8K 4K Full HD Compatible, with Best Powerful Amplifier &...",CRT-TEL-00225,2499,25,89,4.8,24489,323,https://m.media-amazon.com/images/I/71OMoD0TOXL._AC_UL320_.jpg,"Authentic Televisions & Home Theater product. Built with high-grade components, tested for peak durability, and backed by a 1-year manufacturer warranty. Complete with original accessories and certified packaging."
prod_000226,5,sel_0011,"Universal TV Remote for Samsung,LG, Sony, Sharp, Vizio, Philips, Toshiba, Hitachi, Sanyo, JVC, TCL, Hisense, Vestel, Seiki, Insignia...",CRT-TEL-00226,799,10,134,4.2,182,1104,https://m.media-amazon.com/images/I/61JO6KET90L._AC_UL320_.jpg,"Authentic Televisions & Home Theater product. Built with high-grade components, tested for peak durability, and backed by a 1-year manufacturer warranty. Complete with original accessories and certified packaging."
prod_000227,5,sel_0004,"JSAUX USB C to HDMI Cable 10ft | 4K@60Hz USB Type C to HDMI Cable for Home Office, [Thunderbolt 3/4 Compatible] with iPhone 15 Pro...",CRT-TEL-00227,1099,10,116,4.4,1930,280,https://m.media-amazon.com/images/I/81H9vhAoTUL._AC_UL320_.jpg,"Authentic Televisions & Home Theater product. Built with high-grade components, tested for peak durability, and backed by a 1-year manufacturer warranty. Complete with original accessories and certified packaging."
prod_000228,5,sel_0009,"Elebase USB C to Type C 100W Cable 3Pack 3.3/6.6/10ft,Long Power Delivery Charging PD Charger Cord for MacBook Pro,iPhone 15,iPad 10 Air...",CRT-TEL-00228,1299,20,11,4.6,2132,1056,https://m.media-amazon.com/images/I/71fVoPHA4lL._AC_UL320_.jpg,"Authentic Televisions & Home Theater product. Built with high-grade components, tested for peak durability, and backed by a 1-year manufacturer warranty. Complete with original accessories and certified packaging."
prod_000229,5,sel_0052,"USB C Cable Fast Charging, 2Pack 3ft Coiled USB A to Type C Charge Cord for Car, Coiled USB-C Charging Cable Compatible with Samsung...",CRT-TEL-00229,1399,30,62,4.4,455,305,https://m.media-amazon.com/images/I/61yDKAlYnvL._AC_UL320_.jpg,"Authentic Televisions & Home Theater product. Built with high-grade components, tested for peak durability, and backed by a 1-year manufacturer warranty. Complete with original accessories and certified packaging."
prod_000230,5,sel_0025,"Voice Magic Remote AKB75855501 for LG AN-MR20GA AN-MR19BA Smart TV Magic Remote Replacement, with Pointer Function",CRT-TEL-00230,2249,20,54,4.6,6805,1053,https://m.media-amazon.com/images/I/71mxw8fvIoL._AC_UL320_.jpg,"Authentic Televisions & Home Theater product. Built with high-grade components, tested for peak durability, and backed by a 1-year manufacturer warranty. Complete with original accessories and certified packaging."
prod_000231,5,sel_0028,Portable Projector Screen 100 inch with Combined Pole Frame Black Backing Silver Foldable Projection Screen,CRT-TEL-00231,3999,0,92,4.1,1437,800,https://m.media-amazon.com/images/I/71O3V3bnkaL._AC_UL320_.jpg,"Authentic Televisions & Home Theater product. Built with high-grade components, tested for peak durability, and backed by a 1-year manufacturer warranty. Complete with original accessories and certified packaging."
prod_000232,5,sel_0012,"EWO'S ELP71 Replacement Projector Lamp for ELPLP71/V13H010L71 Epson Powerlite 470 475W 480 485W, BrightLink 475Wi 480i 485Wi, EB-470...",CRT-TEL-00232,5999,0,19,4.3,124,627,https://m.media-amazon.com/images/I/61jsKULDiVL._AC_UL320_.jpg,"Authentic Televisions & Home Theater product. Built with high-grade components, tested for peak durability, and backed by a 1-year manufacturer warranty. Complete with original accessories and certified packaging."
prod_000233,5,sel_0058,"Screen Cleaner Spray, Streaks Free, TV Screen Cleaner, Computer Screen Cleaner, for MacBook, Laptop, iPad, Phone, Car Screen Cleaner...",CRT-TEL-00233,799,0,144,4.7,4290,1441,https://m.media-amazon.com/images/I/71APlQIKImL._AC_UL320_.jpg,"Authentic Televisions & Home Theater product. Built with high-grade components, tested for peak durability, and backed by a 1-year manufacturer warranty. Complete with original accessories and certified packaging."
prod_000234,5,sel_0031,"BrosTrend AC1200 WiFi to Ethernet Adapter, 1200Mbps Dual Band Universal Wireless Bridge for Printer, Smart TV, Blu-Ray Player...",CRT-TEL-00234,3749,20,96,4.2,4433,988,https://m.media-amazon.com/images/I/615SfNc-roL._AC_UL320_.jpg,"Authentic Televisions & Home Theater product. Built with high-grade components, tested for peak durability, and backed by a 1-year manufacturer warranty. Complete with original accessories and certified packaging."
prod_000235,5,sel_0054,Upgraded 1600+ Miles Range TV Antenna-Digital TV Antenna for Smart TV and Old TVs- HD Antenna for TV Indoor Outdoor with Amplifier and...,CRT-TEL-00235,12999,30,50,5,42,325,https://m.media-amazon.com/images/I/71Zzd1HGBNL._AC_UL320_.jpg,"Authentic Televisions & Home Theater product. Built with high-grade components, tested for peak durability, and backed by a 1-year manufacturer warranty. Complete with original accessories and certified packaging."
prod_000236,5,sel_0042,iBirdie Outdoor Waterproof and Weatherproof TV Cover for 60 to 65 inch Outside Flat Screen TV - Cover Size 58''W x 37''H x 5.5''D,CRT-TEL-00236,2749,30,122,4.7,18087,841,https://m.media-amazon.com/images/I/71gFWirrr8L._AC_UL320_.jpg,"Authentic Televisions & Home Theater product. Built with high-grade components, tested for peak durability, and backed by a 1-year manufacturer warranty. Complete with original accessories and certified packaging."
prod_000237,5,sel_0033,"Panasonic Blu Ray DVD Player with Full HD Picture Quality and Hi-Res Dolby Digital Sound, DMP-BD84P-K, Black",CRT-TEL-00237,6499,15,55,4.5,125,313,https://m.media-amazon.com/images/I/51-j86OP0-L._AC_UL320_.jpg,"Authentic Televisions & Home Theater product. Built with high-grade components, tested for peak durability, and backed by a 1-year manufacturer warranty. Complete with original accessories and certified packaging."
prod_000238,5,sel_0043,"BD&M AV to HDMI Converter, RCA to HDMI, 1080P Mini RCA Composite CVBS Video Audio Converter Adapter Support PAL/NTSC for TV/PC/ PS3/...",CRT-TEL-00238,799,15,138,4.3,1656,536,https://m.media-amazon.com/images/I/61VIdxeIl1S._AC_UL320_.jpg,"Authentic Televisions & Home Theater product. Built with high-grade components, tested for peak durability, and backed by a 1-year manufacturer warranty. Complete with original accessories and certified packaging."
prod_000239,5,sel_0010,SAMSUNG 32-inch Class LED Smart FHD TV 720P (UN32M4500BFXZA),CRT-TEL-00239,15999,20,143,4.6,1714,277,https://m.media-amazon.com/images/I/91+tRvBTNkL._AC_UL320_.jpg,"Authentic Televisions & Home Theater product. Built with high-grade components, tested for peak durability, and backed by a 1-year manufacturer warranty. Complete with original accessories and certified packaging."
prod_000240,5,sel_0046,"INIU USB C Cable, [5 Pack 3.1A] QC 3.0 Fast Charging USB Type C Cable, (3.3+3.3+6+6+10ft) Nylon Braided Phone Charger USB-C Cord for...",CRT-TEL-00240,1499,30,80,4.6,10047,368,https://m.media-amazon.com/images/I/61u1DteIWhL._AC_UL320_.jpg,"Authentic Televisions & Home Theater product. Built with high-grade components, tested for peak durability, and backed by a 1-year manufacturer warranty. Complete with original accessories and certified packaging."
prod_000241,5,sel_0026,"MYFON Micro USB Cable, 2 Pack [6FT, 6FT], Fast Charging Cable, High Speed Android Charging Cable, Android Phone Cable for Samsung Galaxy...",CRT-TEL-00241,399,15,21,4.5,1524,300,https://m.media-amazon.com/images/I/51vN2RK5QsL._AC_UL320_.jpg,"Authentic Televisions & Home Theater product. Built with high-grade components, tested for peak durability, and backed by a 1-year manufacturer warranty. Complete with original accessories and certified packaging."
prod_000242,5,sel_0007,"GE Modern Loop Rabbit Ears Indoor TV Antenna, 15 inch Extendable Dipoles, 4K 1080P VHF UHF, Tabletop Antenna, Digital HDTV Antenna...",CRT-TEL-00242,899,15,141,4.1,7048,236,https://m.media-amazon.com/images/I/71igzAwDw3L._AC_UL320_.jpg,"Authentic Televisions & Home Theater product. Built with high-grade components, tested for peak durability, and backed by a 1-year manufacturer warranty. Complete with original accessories and certified packaging."
prod_000243,5,sel_0045,"MOUNTUP Tilting TV Wall Mount Bracket for 26-55 Inch Flat Screen TVs/Curved TVs, Low Profile TV Wall Mount TV Bracket - Easy to Install...",CRT-TEL-00243,1799,5,120,4.7,7472,623,https://m.media-amazon.com/images/I/61ln0C-65UL._AC_UL320_.jpg,"Authentic Televisions & Home Theater product. Built with high-grade components, tested for peak durability, and backed by a 1-year manufacturer warranty. Complete with original accessories and certified packaging."
prod_000244,5,sel_0031,"HD DVD Player, CD Players for Home, DVD Players for TV, HDMI and RCA Cable Included, Up-Convert to HD 1080p, All Region, Breakpoint...",CRT-TEL-00244,2249,15,138,4.3,6890,909,https://m.media-amazon.com/images/I/71nNYHch1PL._AC_UL320_.jpg,"Authentic Televisions & Home Theater product. Built with high-grade components, tested for peak durability, and backed by a 1-year manufacturer warranty. Complete with original accessories and certified packaging."
prod_000245,5,sel_0050,"MOUNTUP Universal TV Stand, Table Top TV Stands for 37 to 65, 70 Inch Flat Screen TVs - Height Adjustable, Tilt, Swivel TV Mount with...",CRT-TEL-00245,3999,30,70,4.5,5849,776,https://m.media-amazon.com/images/I/71UGenh1LGL._AC_UL320_.jpg,"Authentic Televisions & Home Theater product. Built with high-grade components, tested for peak durability, and backed by a 1-year manufacturer warranty. Complete with original accessories and certified packaging."
prod_000246,5,sel_0012,"RMT-TX100U Universal Remote Control for Sony-TV-Remote, Replacement for All Sony bravia LCD LED HD Smart TV Remote, with Netflix Buttons",CRT-TEL-00246,1099,15,150,4.3,11682,69,https://m.media-amazon.com/images/I/71VK-ZiEhOL._AC_UL320_.jpg,"Authentic Televisions & Home Theater product. Built with high-grade components, tested for peak durability, and backed by a 1-year manufacturer warranty. Complete with original accessories and certified packaging."
prod_000247,5,sel_0052,"VIZIO Smart TV Remote XRT140R Universal Remote for VIZIO TV - VIZIO TV Remote Replacement, Bluetooth Remote & Smart Remote Control ...",CRT-TEL-00247,699,0,121,4.6,296,1311,https://m.media-amazon.com/images/I/61RGd01-NGL._AC_UL320_.jpg,"Authentic Televisions & Home Theater product. Built with high-grade components, tested for peak durability, and backed by a 1-year manufacturer warranty. Complete with original accessories and certified packaging."
prod_000248,5,sel_0052,6 inch Short USB C Cord Fast Charge 5 Pack Durable USB A to USB Type C 3A Fast Charging Cable for Charging Station Compatible with...,CRT-TEL-00248,699,10,29,4.6,6593,764,https://m.media-amazon.com/images/I/61Q+ciZKVoL._AC_UL320_.jpg,"Authentic Televisions & Home Theater product. Built with high-grade components, tested for peak durability, and backed by a 1-year manufacturer warranty. Complete with original accessories and certified packaging."
prod_000249,5,sel_0007,"XHYCPY Inflatable Projector Screen 15ft Inflatable Movie Screen Outdoor with Air Blower and Storage Bag, Easy Set up, Front and Rear...",CRT-TEL-00249,8249,5,36,4.5,1090,130,https://m.media-amazon.com/images/I/713XcmFhXzL._AC_UL320_.jpg,"Authentic Televisions & Home Theater product. Built with high-grade components, tested for peak durability, and backed by a 1-year manufacturer warranty. Complete with original accessories and certified packaging."
prod_000250,5,sel_0050,"Amazon Basics DisplayPort 1.4 Cable, 32.4Gbps High-Speed, 8K@60Hz, 4K@120Hz, Dynamic HDR and 3D, Gold-Plated Plugs, 3 Foot, Black",CRT-TEL-00250,699,30,52,4.7,7523,556,https://m.media-amazon.com/images/I/617Y8WoEfML._AC_UL320_.jpg,"Authentic Televisions & Home Theater product. Built with high-grade components, tested for peak durability, and backed by a 1-year manufacturer warranty. Complete with original accessories and certified packaging."
prod_000251,6,sel_0002,PlayStation 5 Console (PS5),CRT-GAM-00251,40999,5,37,4.8,6614,314,https://m.media-amazon.com/images/I/51eOztNdCkL._AC_UY218_.jpg,"Authentic Gaming & Consoles product. Built with high-grade components, tested for peak durability, and backed by a 1-year manufacturer warranty. Complete with original accessories and certified packaging."
prod_000252,6,sel_0048,Final Fantasy VII Rebirth - Deluxe Edition (PS5),CRT-GAM-00252,8249,0,73,4.4,154,324,https://m.media-amazon.com/images/I/71KaA1wvwZL._AC_UY218_.jpg,"Authentic Gaming & Consoles product. Built with high-grade components, tested for peak durability, and backed by a 1-year manufacturer warranty. Complete with original accessories and certified packaging."
prod_000253,6,sel_0053,Xbox Series X,CRT-GAM-00253,39999,30,51,4.8,24023,1001,https://m.media-amazon.com/images/I/51ojzJk77qL._AC_UY218_.jpg,"Authentic Gaming & Consoles product. Built with high-grade components, tested for peak durability, and backed by a 1-year manufacturer warranty. Complete with original accessories and certified packaging."
prod_000254,6,sel_0044,Meta Quest 2 — Advanced All-In-One Virtual Reality Headset — 128 GB,CRT-GAM-00254,24999,15,59,4.7,85013,1260,https://m.media-amazon.com/images/I/61tE7IcuLmL._AC_UY218_.jpg,"Authentic Gaming & Consoles product. Built with high-grade components, tested for peak durability, and backed by a 1-year manufacturer warranty. Complete with original accessories and certified packaging."
prod_000255,6,sel_0041,Nintendo Switch™ with Neon Blue and Neon Red Joy‑Con™,CRT-GAM-00255,24999,15,54,4.8,4480,794,https://m.media-amazon.com/images/I/71pIS8f417L._AC_UY218_.jpg,"Authentic Gaming & Consoles product. Built with high-grade components, tested for peak durability, and backed by a 1-year manufacturer warranty. Complete with original accessories and certified packaging."
prod_000256,6,sel_0031,MARVEL’S SPIDER-MAN 2 – PS5 Launch Edition,CRT-GAM-00256,5749,10,140,4.4,154,206,https://m.media-amazon.com/images/I/81VGpLvXQuL._AC_UY218_.jpg,"Authentic Gaming & Consoles product. Built with high-grade components, tested for peak durability, and backed by a 1-year manufacturer warranty. Complete with original accessories and certified packaging."
prod_000257,6,sel_0054,PlayStation DualSense Wireless Controller – Midnight Black,CRT-GAM-00257,5749,15,50,4.8,90649,938,https://m.media-amazon.com/images/I/61O9tWR6WDS._AC_UY218_.jpg,"Authentic Gaming & Consoles product. Built with high-grade components, tested for peak durability, and backed by a 1-year manufacturer warranty. Complete with original accessories and certified packaging."
prod_000258,6,sel_0051,Unicorn Overlord: Collector's Edition - Nintendo Switch,CRT-GAM-00258,10999,5,90,4.5,199,450,https://m.media-amazon.com/images/I/81YKKeW9USL._AC_UY218_.jpg,"Authentic Gaming & Consoles product. Built with high-grade components, tested for peak durability, and backed by a 1-year manufacturer warranty. Complete with original accessories and certified packaging."
prod_000259,6,sel_0019,Xbox Series S – 512GB SSD All-Digital Gaming Console – 1440p Gaming – 4K Streaming – Robot White,CRT-GAM-00259,23999,10,136,4.8,28905,812,https://m.media-amazon.com/images/I/61f1agMOeTL._AC_UY218_.jpg,"Authentic Gaming & Consoles product. Built with high-grade components, tested for peak durability, and backed by a 1-year manufacturer warranty. Complete with original accessories and certified packaging."
prod_000260,6,sel_0001,"Xbox Elite Series 2 Core Wireless Controller – White – Xbox Series X|S, Xbox One, and Windows Devices",CRT-GAM-00260,7999,20,145,4.5,5127,464,https://m.media-amazon.com/images/I/61H321AbQuL._AC_UY218_.jpg,"Authentic Gaming & Consoles product. Built with high-grade components, tested for peak durability, and backed by a 1-year manufacturer warranty. Complete with original accessories and certified packaging."
prod_000261,6,sel_0039,"Logitech G305 LIGHTSPEED Wireless Gaming Mouse, Hero 12K Sensor, 12,000 DPI, Lightweight, 6 Programmable Buttons, 250h Battery Life...",CRT-GAM-00261,2749,0,28,4.6,26321,339,https://m.media-amazon.com/images/I/51VpABY-b6L._AC_UY218_.jpg,"Authentic Gaming & Consoles product. Built with high-grade components, tested for peak durability, and backed by a 1-year manufacturer warranty. Complete with original accessories and certified packaging."
prod_000262,6,sel_0015,Nintendo Switch – OLED Model w/ White Joy-Con,CRT-GAM-00262,27999,30,81,4.8,32435,782,https://m.media-amazon.com/images/I/61LRAVRqyCL._AC_UY218_.jpg,"Authentic Gaming & Consoles product. Built with high-grade components, tested for peak durability, and backed by a 1-year manufacturer warranty. Complete with original accessories and certified packaging."
prod_000263,6,sel_0006,The Legend of Zelda: Tears of the Kingdom - Nintendo Switch (US Version),CRT-GAM-00263,4999,0,13,4.9,15084,386,https://m.media-amazon.com/images/I/91hN+j+G7LL._AC_UY218_.jpg,"Authentic Gaming & Consoles product. Built with high-grade components, tested for peak durability, and backed by a 1-year manufacturer warranty. Complete with original accessories and certified packaging."
prod_000264,6,sel_0021,"Xbox Wireless Headset – Xbox Series X|S, Xbox One, and Windows Devices",CRT-GAM-00264,7499,5,35,4.5,6940,1395,https://m.media-amazon.com/images/I/51ODvrKqxTL._AC_UY218_.jpg,"Authentic Gaming & Consoles product. Built with high-grade components, tested for peak durability, and backed by a 1-year manufacturer warranty. Complete with original accessories and certified packaging."
prod_000265,6,sel_0037,"Xbox Core Wireless Controller – Carbon Black – Xbox Series X|S, Xbox One, and Windows Devices",CRT-GAM-00265,3999,10,114,4.7,71100,1324,https://m.media-amazon.com/images/I/61h4J5s0pBL._AC_UY218_.jpg,"Authentic Gaming & Consoles product. Built with high-grade components, tested for peak durability, and backed by a 1-year manufacturer warranty. Complete with original accessories and certified packaging."
prod_000266,6,sel_0001,"Logitech G502 HERO High Performance Wired Gaming Mouse, HERO 25K Sensor, 25,600 DPI, RGB, Adjustable Weights, 11 Programmable Buttons...",CRT-GAM-00266,3249,0,40,4.7,47770,282,https://m.media-amazon.com/images/I/61mpMH5TzkL._AC_UY218_.jpg,"Authentic Gaming & Consoles product. Built with high-grade components, tested for peak durability, and backed by a 1-year manufacturer warranty. Complete with original accessories and certified packaging."
prod_000267,6,sel_0006,Mortal Kombat 1 - PlayStation5,CRT-GAM-00267,5749,5,18,4.3,14,1082,https://m.media-amazon.com/images/I/819SHNH35RL._AC_UY218_.jpg,"Authentic Gaming & Consoles product. Built with high-grade components, tested for peak durability, and backed by a 1-year manufacturer warranty. Complete with original accessories and certified packaging."
prod_000268,6,sel_0045,"Logitech G502 X Wired Gaming Mouse - LIGHTFORCE hybrid optical-mechanical primary switches, HERO 25K gaming sensor, compatible with PC ...",CRT-GAM-00268,5999,30,53,4.6,1649,298,https://m.media-amazon.com/images/I/61fjq9eujBL._AC_UY218_.jpg,"Authentic Gaming & Consoles product. Built with high-grade components, tested for peak durability, and backed by a 1-year manufacturer warranty. Complete with original accessories and certified packaging."
prod_000269,6,sel_0035,Meta Quest 2 - Advanced All-In-One Virtual Reality Headset - 128 GB (Renewed Premium),CRT-GAM-00269,21999,10,126,4.6,5401,1237,https://m.media-amazon.com/images/I/61kwRNPtMpL._AC_UY218_.jpg,"Authentic Gaming & Consoles product. Built with high-grade components, tested for peak durability, and backed by a 1-year manufacturer warranty. Complete with original accessories and certified packaging."
prod_000270,6,sel_0021,Mario Kart 8 Deluxe - US Version,CRT-GAM-00270,3999,25,47,4.9,71575,877,https://m.media-amazon.com/images/I/81mqZx5X1XL._AC_UY218_.jpg,"Authentic Gaming & Consoles product. Built with high-grade components, tested for peak durability, and backed by a 1-year manufacturer warranty. Complete with original accessories and certified packaging."
prod_000271,6,sel_0038,Madden NFL 24 - PlayStation 5,CRT-GAM-00271,5749,10,92,4.2,208,248,https://m.media-amazon.com/images/I/61nbxA368iL._AC_UY218_.jpg,"Authentic Gaming & Consoles product. Built with high-grade components, tested for peak durability, and backed by a 1-year manufacturer warranty. Complete with original accessories and certified packaging."
prod_000272,6,sel_0010,Sony Official Playstation 5 Dualsense Wireless Controller - Midnight Black (PS5) (PS5),CRT-GAM-00272,5749,15,54,4.8,1249,375,https://m.media-amazon.com/images/I/61rdnIdpWqL._AC_UY218_.jpg,"Authentic Gaming & Consoles product. Built with high-grade components, tested for peak durability, and backed by a 1-year manufacturer warranty. Complete with original accessories and certified packaging."
prod_000273,6,sel_0032,Nintendo Switch Lite - Blue,CRT-GAM-00273,15999,10,15,4.8,51474,840,https://m.media-amazon.com/images/I/61X2tTrtDSL._AC_UY218_.jpg,"Authentic Gaming & Consoles product. Built with high-grade components, tested for peak durability, and backed by a 1-year manufacturer warranty. Complete with original accessories and certified packaging."
prod_000274,6,sel_0044,Super Smash Bros. Ultimate - US Version,CRT-GAM-00274,3999,15,80,4.8,68633,55,https://m.media-amazon.com/images/I/81G1qFsRHDL._AC_UY218_.jpg,"Authentic Gaming & Consoles product. Built with high-grade components, tested for peak durability, and backed by a 1-year manufacturer warranty. Complete with original accessories and certified packaging."
prod_000275,6,sel_0057,Seagate Storage Expansion Card 2TB Solid State Drive - NVMe SSD for Xbox Series X|S (STJR2000400),CRT-GAM-00275,22999,20,40,4.7,68274,296,https://m.media-amazon.com/images/I/817ly3hrFPL._AC_UY218_.jpg,"Authentic Gaming & Consoles product. Built with high-grade components, tested for peak durability, and backed by a 1-year manufacturer warranty. Complete with original accessories and certified packaging."
prod_000276,6,sel_0054,Minecraft - Nintendo Switch,CRT-GAM-00276,2499,20,99,4.8,40685,717,https://m.media-amazon.com/images/I/81gJUSx-TjL._AC_UY218_.jpg,"Authentic Gaming & Consoles product. Built with high-grade components, tested for peak durability, and backed by a 1-year manufacturer warranty. Complete with original accessories and certified packaging."
prod_000277,6,sel_0060,WD_BLACK 1TB C50 Storage Expansion Card for Xbox Series X|S - Quick Resume - Plug & Play - WDBMPH0010BNC-WCSN,CRT-GAM-00277,11999,25,75,4.7,359,709,https://m.media-amazon.com/images/I/71QxmOXxYVL._AC_UY218_.jpg,"Authentic Gaming & Consoles product. Built with high-grade components, tested for peak durability, and backed by a 1-year manufacturer warranty. Complete with original accessories and certified packaging."
prod_000278,6,sel_0055,"Wireless Keyboard and Mouse Ultra Slim Combo, TopMate 2.4G Silent Compact USB Mouse and Scissor Switch Keyboard Set with Cover, 2 AA and...",CRT-GAM-00278,2749,15,10,4.3,3766,781,https://m.media-amazon.com/images/I/71wyySRjQyL._AC_UY218_.jpg,"Authentic Gaming & Consoles product. Built with high-grade components, tested for peak durability, and backed by a 1-year manufacturer warranty. Complete with original accessories and certified packaging."
prod_000279,6,sel_0027,EA SPORTS FC 24 - PlayStation 5,CRT-GAM-00279,5749,20,110,4.6,162,1346,https://m.media-amazon.com/images/I/71Wltf78aJL._AC_UY218_.jpg,"Authentic Gaming & Consoles product. Built with high-grade components, tested for peak durability, and backed by a 1-year manufacturer warranty. Complete with original accessories and certified packaging."
prod_000280,6,sel_0033,NBA 2K24 Kobe Bryant Edition - PlayStation 5,CRT-GAM-00280,5749,20,69,3.9,22,1436,https://m.media-amazon.com/images/I/81YtQwKHlaL._AC_UY218_.jpg,"Authentic Gaming & Consoles product. Built with high-grade components, tested for peak durability, and backed by a 1-year manufacturer warranty. Complete with original accessories and certified packaging."
prod_000281,6,sel_0016,Pikmin 4 - Nintendo Switch,CRT-GAM-00281,4499,25,47,4.8,662,501,https://m.media-amazon.com/images/I/918BfFOKtIL._AC_UY218_.jpg,"Authentic Gaming & Consoles product. Built with high-grade components, tested for peak durability, and backed by a 1-year manufacturer warranty. Complete with original accessories and certified packaging."
prod_000282,6,sel_0024,Like a Dragon: Infinite Wealth - PlayStation 5,CRT-GAM-00282,5749,20,22,4.6,147,479,https://m.media-amazon.com/images/I/81Th4y3pEpL._AC_UY218_.jpg,"Authentic Gaming & Consoles product. Built with high-grade components, tested for peak durability, and backed by a 1-year manufacturer warranty. Complete with original accessories and certified packaging."
prod_000283,6,sel_0034,"Funables Fruit Snacks, Super Mario Shaped Fruit Flavored School Snacks, Pack of 10 0.8 ounce Pouches",CRT-GAM-00283,199,0,17,4.7,6365,409,https://m.media-amazon.com/images/I/818jPVVrYsS._AC_UY218_.jpg,"Authentic Gaming & Consoles product. Built with high-grade components, tested for peak durability, and backed by a 1-year manufacturer warranty. Complete with original accessories and certified packaging."
prod_000284,6,sel_0060,"Cronus Zen Controller Emulator for Xbox, Playstation, Nintendo and PC (CM00053)",CRT-GAM-00284,8499,30,100,3.8,7612,344,https://m.media-amazon.com/images/I/71zBX0UgoLL._AC_UY218_.jpg,"Authentic Gaming & Consoles product. Built with high-grade components, tested for peak durability, and backed by a 1-year manufacturer warranty. Complete with original accessories and certified packaging."
prod_000285,6,sel_0059,"PowerA Wired Controller For Xbox Series X|S - Black, Gamepad, Video Game Controller Works with Xbox One",CRT-GAM-00285,2249,5,146,4.2,11527,298,https://m.media-amazon.com/images/I/81nGpi7MaqL._AC_UY218_.jpg,"Authentic Gaming & Consoles product. Built with high-grade components, tested for peak durability, and backed by a 1-year manufacturer warranty. Complete with original accessories and certified packaging."
prod_000286,6,sel_0014,SteelSeries Arctis Nova Pro Wireless Multi-System Gaming Headset - Premium Hi-Fi Drivers - Active Noise Cancellation - Infinity Power...,CRT-GAM-00286,27999,0,65,4.4,2981,398,https://m.media-amazon.com/images/I/71fz1tjzJUL._AC_UY218_.jpg,"Authentic Gaming & Consoles product. Built with high-grade components, tested for peak durability, and backed by a 1-year manufacturer warranty. Complete with original accessories and certified packaging."
prod_000287,6,sel_0045,Pikmin™ 1 + 2 - Nintendo Switch (US Version),CRT-GAM-00287,3999,5,130,4.9,13,81,https://m.media-amazon.com/images/I/91YykigwCcL._AC_UY218_.jpg,"Authentic Gaming & Consoles product. Built with high-grade components, tested for peak durability, and backed by a 1-year manufacturer warranty. Complete with original accessories and certified packaging."
prod_000288,6,sel_0033,"Logitech G920 Driving Force Racing Wheel and Floor Pedals, Real Force Feedback, Stainless Steel Paddle Shifters, Leather Steering Wheel...",CRT-GAM-00288,21999,15,53,4.6,18995,984,https://m.media-amazon.com/images/I/611TWGHXWyL._AC_UY218_.jpg,"Authentic Gaming & Consoles product. Built with high-grade components, tested for peak durability, and backed by a 1-year manufacturer warranty. Complete with original accessories and certified packaging."
prod_000289,6,sel_0017,"Logitech G PRO X SUPERLIGHT Wireless Gaming Mouse, Ultra-Lightweight, HERO 25K Sensor, 25,600 DPI, 5 Programmable Buttons, Long Battery...",CRT-GAM-00289,10999,10,33,4.7,5506,422,https://m.media-amazon.com/images/I/51uy8gOG-iL._AC_UY218_.jpg,"Authentic Gaming & Consoles product. Built with high-grade components, tested for peak durability, and backed by a 1-year manufacturer warranty. Complete with original accessories and certified packaging."
prod_000290,6,sel_0015,Razer DeathAdder Essential Gaming Mouse: 6400 DPI Optical Sensor - 5 Programmable Buttons - Mechanical Switches - Rubber Side Grips ...,CRT-GAM-00290,1999,20,51,4.5,8137,726,https://m.media-amazon.com/images/I/8189uwDnMkL._AC_UY218_.jpg,"Authentic Gaming & Consoles product. Built with high-grade components, tested for peak durability, and backed by a 1-year manufacturer warranty. Complete with original accessories and certified packaging."
prod_000291,6,sel_0001,Nintendo Switch Lite - Turquoise,CRT-GAM-00291,15999,15,103,4.8,51474,812,https://m.media-amazon.com/images/I/61BMogV1QPL._AC_UY218_.jpg,"Authentic Gaming & Consoles product. Built with high-grade components, tested for peak durability, and backed by a 1-year manufacturer warranty. Complete with original accessories and certified packaging."
prod_000292,6,sel_0051,"GameSir G7 SE Wired Controller for Xbox Series X|S, Xbox One & Windows 10/11, Plug and Play Gaming Gamepad with Hall Effect...",CRT-GAM-00292,3749,20,136,4.4,687,1259,https://m.media-amazon.com/images/I/51m+U58kA7L._AC_UY218_.jpg,"Authentic Gaming & Consoles product. Built with high-grade components, tested for peak durability, and backed by a 1-year manufacturer warranty. Complete with original accessories and certified packaging."
prod_000293,6,sel_0035,Nintendo Switch – OLED Model - The Legend of Zelda: Tears of the Kingdom Edition,CRT-GAM-00293,29999,15,127,4.8,4479,1017,https://m.media-amazon.com/images/I/81Yiw8Zk0uL._AC_UY218_.jpg,"Authentic Gaming & Consoles product. Built with high-grade components, tested for peak durability, and backed by a 1-year manufacturer warranty. Complete with original accessories and certified packaging."
prod_000294,6,sel_0060,Nintendo Switch Lite - Coral,CRT-GAM-00294,15999,15,29,4.8,51474,1199,https://m.media-amazon.com/images/I/61bvy55z4qL._AC_UY218_.jpg,"Authentic Gaming & Consoles product. Built with high-grade components, tested for peak durability, and backed by a 1-year manufacturer warranty. Complete with original accessories and certified packaging."
prod_000295,6,sel_0035,Starfield: Standard Edition - Xbox Series X,CRT-GAM-00295,5749,25,35,4,112,418,https://m.media-amazon.com/images/I/81CLXU4bElL._AC_UY218_.jpg,"Authentic Gaming & Consoles product. Built with high-grade components, tested for peak durability, and backed by a 1-year manufacturer warranty. Complete with original accessories and certified packaging."
prod_000296,6,sel_0054,PlayStation PULSE 3D Wireless Headset,CRT-GAM-00296,7999,5,104,4.7,21496,201,https://m.media-amazon.com/images/I/71ITKH6K-UL._AC_UY218_.jpg,"Authentic Gaming & Consoles product. Built with high-grade components, tested for peak durability, and backed by a 1-year manufacturer warranty. Complete with original accessories and certified packaging."
prod_000297,6,sel_0034,Nintendo Switch Pro Controller,CRT-GAM-00297,5749,10,104,4.8,69659,1360,https://m.media-amazon.com/images/I/61drpi3cYUL._AC_UY218_.jpg,"Authentic Gaming & Consoles product. Built with high-grade components, tested for peak durability, and backed by a 1-year manufacturer warranty. Complete with original accessories and certified packaging."
prod_000298,6,sel_0033,Nintendo Switch Sports - Nintendo Switch,CRT-GAM-00298,3499,25,83,4.7,9720,425,https://m.media-amazon.com/images/I/61WA1YOg4lL._AC_UY218_.jpg,"Authentic Gaming & Consoles product. Built with high-grade components, tested for peak durability, and backed by a 1-year manufacturer warranty. Complete with original accessories and certified packaging."
prod_000299,6,sel_0024,Animal Crossing: New Horizons - US Version,CRT-GAM-00299,4249,5,98,4.8,73043,1225,https://m.media-amazon.com/images/I/81UfEdvf2kL._AC_UY218_.jpg,"Authentic Gaming & Consoles product. Built with high-grade components, tested for peak durability, and backed by a 1-year manufacturer warranty. Complete with original accessories and certified packaging."
prod_000300,6,sel_0025,Pokémon Violet - US Version,CRT-GAM-00300,4999,30,134,4.7,7046,585,https://m.media-amazon.com/images/I/71ldCNgOCCL._AC_UY218_.jpg,"Authentic Gaming & Consoles product. Built with high-grade components, tested for peak durability, and backed by a 1-year manufacturer warranty. Complete with original accessories and certified packaging."
prod_000301,7,sel_0029,Men's Eversoft Cotton Stay Tucked Crew T-Shirt,CRT-MEN-00301,1499,5,31,4.6,41,430,https://m.media-amazon.com/images/I/513fraGQXWL._AC_UL320_.jpg,"Authentic Men's Clothing product. Built with high-grade components, tested for peak durability, and backed by a 1-year manufacturer warranty. Complete with original accessories and certified packaging."
prod_000302,7,sel_0031,Official Renaissance World Tour Merch Disco Cowboy Hat T-Shirt,CRT-MEN-00302,3249,20,107,4.8,316,387,https://m.media-amazon.com/images/I/71Uxhfi5KQL._AC_UL320_.jpg,"Authentic Men's Clothing product. Built with high-grade components, tested for peak durability, and backed by a 1-year manufacturer warranty. Complete with original accessories and certified packaging."
prod_000303,7,sel_0057,"Performance Lightweight Crew Training Socks (3 Pair) (Medium, White/Black)",CRT-MEN-00303,1499,10,16,4.7,284,797,https://m.media-amazon.com/images/I/71XHPuLiHVL._AC_UL320_.jpg,"Authentic Men's Clothing product. Built with high-grade components, tested for peak durability, and backed by a 1-year manufacturer warranty. Complete with original accessories and certified packaging."
prod_000304,7,sel_0010,"Hooded Rain Poncho for Adult with Pocket, Waterproof Lightweight Unisex Raincoat for Hiking Camping Emergency",CRT-MEN-00304,1399,15,95,4.6,95,378,https://m.media-amazon.com/images/I/61nQuejTUGL._AC_UL320_.jpg,"Authentic Men's Clothing product. Built with high-grade components, tested for peak durability, and backed by a 1-year manufacturer warranty. Complete with original accessories and certified packaging."
prod_000305,7,sel_0054,Unisex Everyday Cushion Crew 3 Pair,CRT-MEN-00305,1499,30,121,4.6,191,863,https://m.media-amazon.com/images/I/71XHPuLiHVL._AC_UL320_.jpg,"Authentic Men's Clothing product. Built with high-grade components, tested for peak durability, and backed by a 1-year manufacturer warranty. Complete with original accessories and certified packaging."
prod_000306,7,sel_0048,Performance Cushion Crew Socks with Band (6 Pairs),CRT-MEN-00306,2249,10,94,4.6,446,1159,https://m.media-amazon.com/images/I/A17Fo2nQyRL._AC_UL320_.jpg,"Authentic Men's Clothing product. Built with high-grade components, tested for peak durability, and backed by a 1-year manufacturer warranty. Complete with original accessories and certified packaging."
prod_000307,7,sel_0034,6 Pack Sports Dri-Fit Moisture Wicking Athletic Crew Socks Red Yellow Blue Green Purple Orange White,CRT-MEN-00307,1999,5,12,4.7,335,90,https://m.media-amazon.com/images/I/A1HHNjD9idL._AC_UL320_.jpg,"Authentic Men's Clothing product. Built with high-grade components, tested for peak durability, and backed by a 1-year manufacturer warranty. Complete with original accessories and certified packaging."
prod_000308,7,sel_0038,Dri-Fit Training Cotton Cushioned Crew Socks 6 PAIR Black with White Signature Swoosh Logo) LARGE 8-12,CRT-MEN-00308,1999,30,142,4.6,71,882,https://m.media-amazon.com/images/I/81SoDwsqaxL._AC_UL320_.jpg,"Authentic Men's Clothing product. Built with high-grade components, tested for peak durability, and backed by a 1-year manufacturer warranty. Complete with original accessories and certified packaging."
prod_000309,7,sel_0032,"Men's Crew T-Shirts, Multipack, Style G1100",CRT-MEN-00309,1599,0,125,4.6,284,856,https://m.media-amazon.com/images/I/61Zf5AAGPWL._AC_UL320_.jpg,"Authentic Men's Clothing product. Built with high-grade components, tested for peak durability, and backed by a 1-year manufacturer warranty. Complete with original accessories and certified packaging."
prod_000310,7,sel_0008,"Nxtrnd XTD Scrunch Football Socks, Extra Long Padded Sport Socks for Men & Boys",CRT-MEN-00310,1599,10,42,4.7,267,1089,https://m.media-amazon.com/images/I/713L27KDkeL._AC_UL320_.jpg,"Authentic Men's Clothing product. Built with high-grade components, tested for peak durability, and backed by a 1-year manufacturer warranty. Complete with original accessories and certified packaging."
prod_000311,7,sel_0027,"Elite Basketball Socks,running socks,Athletic Socks,Compression Cushion Socks for Men & Women",CRT-MEN-00311,1599,25,132,4.7,150,591,https://m.media-amazon.com/images/I/61W3IvB05NL._AC_UL320_.jpg,"Authentic Men's Clothing product. Built with high-grade components, tested for peak durability, and backed by a 1-year manufacturer warranty. Complete with original accessories and certified packaging."
prod_000312,7,sel_0031,"Men's Bag Cotton Quarter Cut Socks (6 Pack) (Large (shoe size 8-12), White)",CRT-MEN-00312,2249,25,95,4.6,271,1121,https://m.media-amazon.com/images/I/61s56LFS5oL._AC_UL320_.jpg,"Authentic Men's Clothing product. Built with high-grade components, tested for peak durability, and backed by a 1-year manufacturer warranty. Complete with original accessories and certified packaging."
prod_000313,7,sel_0046,Everyday Cushion Crew Socks,CRT-MEN-00313,1999,30,81,4.6,118,445,https://m.media-amazon.com/images/I/61Z9+l2VotL._AC_UL320_.jpg,"Authentic Men's Clothing product. Built with high-grade components, tested for peak durability, and backed by a 1-year manufacturer warranty. Complete with original accessories and certified packaging."
prod_000314,7,sel_0012,Tees Premium Fitted Men's T-Shirts - Crew Neck,CRT-MEN-00314,8999,5,49,4.2,275,987,https://m.media-amazon.com/images/I/514weKQX7vL._AC_UL320_.jpg,"Authentic Men's Clothing product. Built with high-grade components, tested for peak durability, and backed by a 1-year manufacturer warranty. Complete with original accessories and certified packaging."
prod_000315,7,sel_0007,Ultra-lite2 Waterproof Breathable Poncho,CRT-MEN-00315,999,5,16,4.5,256,243,https://m.media-amazon.com/images/I/71ffdsc9LwL._AC_UL320_.jpg,"Authentic Men's Clothing product. Built with high-grade components, tested for peak durability, and backed by a 1-year manufacturer warranty. Complete with original accessories and certified packaging."
prod_000316,7,sel_0023,Mens 3 Pack Fleece Active Athletic Workout Jogger Sweatpants for Men with Zipper Pocket and Drawstring Size S-3XL,CRT-MEN-00316,3249,5,75,4.3,101,1128,https://m.media-amazon.com/images/I/91XUMIlN-fL._AC_UL320_.jpg,"Authentic Men's Clothing product. Built with high-grade components, tested for peak durability, and backed by a 1-year manufacturer warranty. Complete with original accessories and certified packaging."
prod_000317,7,sel_0059,Oakleys LEGACY FOOTBALL SHIELD,CRT-MEN-00317,3499,30,35,4.7,393,256,https://m.media-amazon.com/images/I/61JdaNl7ntL._AC_UL320_.jpg,"Authentic Men's Clothing product. Built with high-grade components, tested for peak durability, and backed by a 1-year manufacturer warranty. Complete with original accessories and certified packaging."
prod_000318,7,sel_0013,"Men's Tag-Free Boxer Shorts, Relaxed Fit, Moisture Wicking, Assorted Color Multipacks",CRT-MEN-00318,1799,30,137,4.6,280,62,https://m.media-amazon.com/images/I/914b-+0gXEL._AC_UL320_.jpg,"Authentic Men's Clothing product. Built with high-grade components, tested for peak durability, and backed by a 1-year manufacturer warranty. Complete with original accessories and certified packaging."
prod_000319,7,sel_0059,Men's Multi-Pack Mesh Ventilating Comfort Fit Performance No-Show Socks,CRT-MEN-00319,1199,20,40,4.6,388,546,https://m.media-amazon.com/images/I/61lxpudqRpL._AC_UL320_.jpg,"Authentic Men's Clothing product. Built with high-grade components, tested for peak durability, and backed by a 1-year manufacturer warranty. Complete with original accessories and certified packaging."
prod_000320,7,sel_0029,"Men's Double Tough Crew Socks, 12-Pair Pack",CRT-MEN-00320,1199,15,140,4.6,134,351,https://m.media-amazon.com/images/I/81F6fuBgWPL._AC_UL320_.jpg,"Authentic Men's Clothing product. Built with high-grade components, tested for peak durability, and backed by a 1-year manufacturer warranty. Complete with original accessories and certified packaging."
prod_000321,7,sel_0045,"mens 12 Pair Pack Dual Defense Cushioned Casual Sock, Black, 6-12",CRT-MEN-00321,1299,30,83,4.7,384,691,https://m.media-amazon.com/images/I/71LZ2nI+UcL._AC_UL320_.jpg,"Authentic Men's Clothing product. Built with high-grade components, tested for peak durability, and backed by a 1-year manufacturer warranty. Complete with original accessories and certified packaging."
prod_000322,7,sel_0040,"Men's Soccer Socks Anti Slip Non Slip Grip Pads for Football Basketball Sports Grip Socks, 4 Pair B0BDF3FTVL",CRT-MEN-00322,1599,0,71,4.7,298,140,https://m.media-amazon.com/images/I/71+z8cfocsL._AC_UL320_.jpg,"Authentic Men's Clothing product. Built with high-grade components, tested for peak durability, and backed by a 1-year manufacturer warranty. Complete with original accessories and certified packaging."
prod_000323,7,sel_0051,"Men's Hoodie, EcoSmart Fleece Zip-Front Hooded Sweatshirt, Cotton-Blend Fleece Hooded Sweatshirt, Mid-Weight Zip-Up",CRT-MEN-00323,999,30,43,4.6,448,173,https://m.media-amazon.com/images/I/71QyRZzbaUL._AC_UL320_.jpg,"Authentic Men's Clothing product. Built with high-grade components, tested for peak durability, and backed by a 1-year manufacturer warranty. Complete with original accessories and certified packaging."
prod_000324,7,sel_0050,"Adult Performance Tech No Show Socks, Multipairs",CRT-MEN-00324,1999,20,122,4.7,58,1416,https://m.media-amazon.com/images/I/81O-tGaIa+L._AC_UL320_.jpg,"Authentic Men's Clothing product. Built with high-grade components, tested for peak durability, and backed by a 1-year manufacturer warranty. Complete with original accessories and certified packaging."
prod_000325,7,sel_0040,Men's Cotton Classics 5-Pack Boxer Brief,CRT-MEN-00325,3249,25,30,4.6,404,830,https://m.media-amazon.com/images/I/51u1m-0U6hL._AC_UL320_.jpg,"Authentic Men's Clothing product. Built with high-grade components, tested for peak durability, and backed by a 1-year manufacturer warranty. Complete with original accessories and certified packaging."
prod_000326,7,sel_0055,Men's Dri-tech Moisture Control Crew Socks Multipack,CRT-MEN-00326,1099,25,118,4.7,326,608,https://m.media-amazon.com/images/I/9171uzu8PEL._AC_UL320_.jpg,"Authentic Men's Clothing product. Built with high-grade components, tested for peak durability, and backed by a 1-year manufacturer warranty. Complete with original accessories and certified packaging."
prod_000327,7,sel_0024,Men's Dress Shirts Solid Long Sleeve Stretch Wrinkle-Free Formal Shirt Business Casual Button Down Shirts,CRT-MEN-00327,1899,0,38,4.4,155,761,https://m.media-amazon.com/images/I/51rkKPruYvL._AC_UL320_.jpg,"Authentic Men's Clothing product. Built with high-grade components, tested for peak durability, and backed by a 1-year manufacturer warranty. Complete with original accessories and certified packaging."
prod_000328,7,sel_0018,"Men`s Ankle Socks, 186V12,12-Pack, 10-13, White (Shoe Size 6-12)",CRT-MEN-00328,1199,5,141,4.6,226,1137,https://m.media-amazon.com/images/I/61XvHBxN8sL._AC_UL320_.jpg,"Authentic Men's Clothing product. Built with high-grade components, tested for peak durability, and backed by a 1-year manufacturer warranty. Complete with original accessories and certified packaging."
prod_000329,7,sel_0059,"LUX Anti Slip Soccer Socks,Non Slip Football/Basketball/Hockey Sports Grip Pads Socks…",CRT-MEN-00329,1599,30,49,4.6,406,134,https://m.media-amazon.com/images/I/81v-owudiHL._AC_UL320_.jpg,"Authentic Men's Clothing product. Built with high-grade components, tested for peak durability, and backed by a 1-year manufacturer warranty. Complete with original accessories and certified packaging."
prod_000330,7,sel_0044,Mens Tagless Boxer With Exposed Waistband Multi-Packs,CRT-MEN-00330,1999,25,14,4.6,321,214,https://m.media-amazon.com/images/I/81d4PSIol4L._AC_UL320_.jpg,"Authentic Men's Clothing product. Built with high-grade components, tested for peak durability, and backed by a 1-year manufacturer warranty. Complete with original accessories and certified packaging."
prod_000331,7,sel_0034,Athletic Shorts for Men with Pockets and Elastic Waistband Quick Dry Activewear,CRT-MEN-00331,3249,30,104,4.6,258,1194,https://m.media-amazon.com/images/I/61vVXZTa74L._AC_UL320_.jpg,"Authentic Men's Clothing product. Built with high-grade components, tested for peak durability, and backed by a 1-year manufacturer warranty. Complete with original accessories and certified packaging."
prod_000332,7,sel_0055,Everyday Cushion Ankle Training Socks (6 Pair),CRT-MEN-00332,2249,10,23,4.6,371,702,https://m.media-amazon.com/images/I/91jI4KEv5BL._AC_UL320_.jpg,"Authentic Men's Clothing product. Built with high-grade components, tested for peak durability, and backed by a 1-year manufacturer warranty. Complete with original accessories and certified packaging."
prod_000333,7,sel_0052,Men's Tag-Free Tank A-Shirt,CRT-MEN-00333,1499,0,51,4.6,89,1068,https://m.media-amazon.com/images/I/71kWCyCuI2L._AC_UL320_.jpg,"Authentic Men's Clothing product. Built with high-grade components, tested for peak durability, and backed by a 1-year manufacturer warranty. Complete with original accessories and certified packaging."
prod_000334,7,sel_0037,Arm Sleeves,CRT-MEN-00334,2749,15,14,4.6,335,709,https://m.media-amazon.com/images/I/51JpwFJ0JEL._AC_UL320_.jpg,"Authentic Men's Clothing product. Built with high-grade components, tested for peak durability, and backed by a 1-year manufacturer warranty. Complete with original accessories and certified packaging."
prod_000335,7,sel_0042,"Men's Undershirts, Odor Control, Moisture-Wicking Tee Shirts, Multi-Packs",CRT-MEN-00335,1199,5,134,4.5,190,512,https://m.media-amazon.com/images/I/51lcacCccHL._AC_UL320_.jpg,"Authentic Men's Clothing product. Built with high-grade components, tested for peak durability, and backed by a 1-year manufacturer warranty. Complete with original accessories and certified packaging."
prod_000336,7,sel_0009,Men's Dri-tech Moisture Control Quarter Socks Multipack,CRT-MEN-00336,1199,30,100,4.7,59,1312,https://m.media-amazon.com/images/I/91Q3l8onAmS._AC_UL320_.jpg,"Authentic Men's Clothing product. Built with high-grade components, tested for peak durability, and backed by a 1-year manufacturer warranty. Complete with original accessories and certified packaging."
prod_000337,7,sel_0020,Modern,CRT-MEN-00337,1499,15,86,4.5,182,1195,https://m.media-amazon.com/images/I/711vGxLodJL._AC_UL320_.jpg,"Authentic Men's Clothing product. Built with high-grade components, tested for peak durability, and backed by a 1-year manufacturer warranty. Complete with original accessories and certified packaging."
prod_000338,7,sel_0041,Everyday Plus Cushion Crew Socks 3-Pair Pack,CRT-MEN-00338,1599,25,133,4.6,190,1259,https://m.media-amazon.com/images/I/71VnnKF4fvL._AC_UL320_.jpg,"Authentic Men's Clothing product. Built with high-grade components, tested for peak durability, and backed by a 1-year manufacturer warranty. Complete with original accessories and certified packaging."
prod_000339,7,sel_0042,Men's Total Support Pouch Boxer Brief,CRT-MEN-00339,1599,10,103,4.5,253,168,https://m.media-amazon.com/images/I/61I9NPFsmSL._AC_UL320_.jpg,"Authentic Men's Clothing product. Built with high-grade components, tested for peak durability, and backed by a 1-year manufacturer warranty. Complete with original accessories and certified packaging."
prod_000340,7,sel_0046,"Everyday Cotton Cushioned Crew Socks (6 Pack) (Large, White/Black)",CRT-MEN-00340,1599,20,58,4.5,363,253,https://m.media-amazon.com/images/I/71Uck7gi96L._AC_UL320_.jpg,"Authentic Men's Clothing product. Built with high-grade components, tested for peak durability, and backed by a 1-year manufacturer warranty. Complete with original accessories and certified packaging."
prod_000341,7,sel_0022,8 Pairs Compression Socks for Men & Women 20-30 mmHg Knee High Nurse Pregnant Running Medical and Travel Athletic,CRT-MEN-00341,2249,0,139,4.5,254,227,https://m.media-amazon.com/images/I/91kUo1I8jGL._AC_UL320_.jpg,"Authentic Men's Clothing product. Built with high-grade components, tested for peak durability, and backed by a 1-year manufacturer warranty. Complete with original accessories and certified packaging."
prod_000342,7,sel_0024,Energy Unisex Easy-On/Easy-Off Knee High Compression Socks,CRT-MEN-00342,999,15,37,4.3,360,1008,https://m.media-amazon.com/images/I/8146gI8s+SL._AC_UL320_.jpg,"Authentic Men's Clothing product. Built with high-grade components, tested for peak durability, and backed by a 1-year manufacturer warranty. Complete with original accessories and certified packaging."
prod_000343,7,sel_0024,Everyday Cushion Ankle Training Socks (3 Pair),CRT-MEN-00343,1799,0,58,4.6,43,544,https://m.media-amazon.com/images/I/61XJkNVipGL._AC_UL320_.jpg,"Authentic Men's Clothing product. Built with high-grade components, tested for peak durability, and backed by a 1-year manufacturer warranty. Complete with original accessories and certified packaging."
prod_000344,7,sel_0013,Men's Athletic Cushioned Low Cut Socks with Arch Compression for a Secure Fit (6-Pair),CRT-MEN-00344,1099,20,131,4.7,189,350,https://m.media-amazon.com/images/I/81fPax1g3aS._AC_UL320_.jpg,"Authentic Men's Clothing product. Built with high-grade components, tested for peak durability, and backed by a 1-year manufacturer warranty. Complete with original accessories and certified packaging."
prod_000345,7,sel_0035,Men's Tagless Cotton V-Neck Undershirt – Multiple Pack and Color,CRT-MEN-00345,1499,0,140,4.5,142,1123,https://m.media-amazon.com/images/I/61Fb+TIJ5vL._AC_UL320_.jpg,"Authentic Men's Clothing product. Built with high-grade components, tested for peak durability, and backed by a 1-year manufacturer warranty. Complete with original accessories and certified packaging."
prod_000346,7,sel_0036,"Men's Performance Cotton Cushioned Athletic Ankle Socks, 6 Pairs",CRT-MEN-00346,1599,0,133,4.5,417,643,https://m.media-amazon.com/images/I/71BeRQSNDEL._AC_UL320_.jpg,"Authentic Men's Clothing product. Built with high-grade components, tested for peak durability, and backed by a 1-year manufacturer warranty. Complete with original accessories and certified packaging."
prod_000347,7,sel_0027,"MYS Men's 3 Piece Slim Fit Suit Set, One Button Solid Jacket Vest Pants with Tie Natural White",CRT-MEN-00347,6999,0,14,4.3,150,1286,https://m.media-amazon.com/images/I/51A+cttfPsL._AC_UL320_.jpg,"Authentic Men's Clothing product. Built with high-grade components, tested for peak durability, and backed by a 1-year manufacturer warranty. Complete with original accessories and certified packaging."
prod_000348,7,sel_0043,Men's Wild Cargo Pants,CRT-MEN-00348,3249,0,81,4.3,86,873,https://m.media-amazon.com/images/I/51lrvBS8lRL._AC_UL320_.jpg,"Authentic Men's Clothing product. Built with high-grade components, tested for peak durability, and backed by a 1-year manufacturer warranty. Complete with original accessories and certified packaging."
prod_000349,7,sel_0007,"Adult Fleece Hoodie Sweatshirt, Style G18500, Multipack",CRT-MEN-00349,999,5,69,4.6,27,837,https://m.media-amazon.com/images/I/61qTPaU7dYL._AC_UL320_.jpg,"Authentic Men's Clothing product. Built with high-grade components, tested for peak durability, and backed by a 1-year manufacturer warranty. Complete with original accessories and certified packaging."
prod_000350,7,sel_0002,Men's Athletic Cushioned Quarter Socks (with Arch Compression for a Secure Fit (6-Pair),CRT-MEN-00350,1199,10,121,4.7,76,539,https://m.media-amazon.com/images/I/816C6Vg6bhL._AC_UL320_.jpg,"Authentic Men's Clothing product. Built with high-grade components, tested for peak durability, and backed by a 1-year manufacturer warranty. Complete with original accessories and certified packaging."
prod_000351,8,sel_0055,Nipple Cover - Sticky Adhesive Silicone Nipple Pasties - Reusable Pasty Nipple Covers for Women with Travel Box,CRT-WOM-00351,2249,25,24,4.6,349,592,https://m.media-amazon.com/images/I/51S9vy6ywpL._AC_UL320_.jpg,"Authentic Women's Clothing product. Built with high-grade components, tested for peak durability, and backed by a 1-year manufacturer warranty. Complete with original accessories and certified packaging."
prod_000352,8,sel_0011,"Double Sided Tape for Fashion, Clothing and Body (50 Strip Pack) | All Day Strength Tape Adhesive and Gentle on Skin and Fabrics ...",CRT-WOM-00352,1099,5,150,4.3,443,473,https://m.media-amazon.com/images/I/71R5KCBtizL._AC_UL320_.jpg,"Authentic Women's Clothing product. Built with high-grade components, tested for peak durability, and backed by a 1-year manufacturer warranty. Complete with original accessories and certified packaging."
prod_000353,8,sel_0039,"Women's Joggers Pants Lightweight Athletic Leggings Tapered Lounge Pants for Workout, Yoga, Running",CRT-WOM-00353,2499,25,56,4.3,339,822,https://m.media-amazon.com/images/I/615YipeumnL._AC_UL320_.jpg,"Authentic Women's Clothing product. Built with high-grade components, tested for peak durability, and backed by a 1-year manufacturer warranty. Complete with original accessories and certified packaging."
prod_000354,8,sel_0007,"Flare Leggings, Crossover Yoga Pants with Tummy Control, High-Waisted and Wide Leg",CRT-WOM-00354,2249,30,64,4.4,186,947,https://m.media-amazon.com/images/I/61aUZQs50XL._AC_UL320_.jpg,"Authentic Women's Clothing product. Built with high-grade components, tested for peak durability, and backed by a 1-year manufacturer warranty. Complete with original accessories and certified packaging."
prod_000355,8,sel_0013,Women's Slouch Sock 3 Pair Pack,CRT-WOM-00355,999,30,44,4.6,221,563,https://m.media-amazon.com/images/I/71av7iHTuRL._AC_UL320_.jpg,"Authentic Women's Clothing product. Built with high-grade components, tested for peak durability, and backed by a 1-year manufacturer warranty. Complete with original accessories and certified packaging."
prod_000356,8,sel_0025,"Women's Value, Crew Soft Moisture-Wicking Socks, Available in 10 and 14-Packs",CRT-WOM-00356,899,30,68,4.7,282,1380,https://m.media-amazon.com/images/I/81mobFPzsvS._AC_UL320_.jpg,"Authentic Women's Clothing product. Built with high-grade components, tested for peak durability, and backed by a 1-year manufacturer warranty. Complete with original accessories and certified packaging."
prod_000357,8,sel_0054,Flare Jumpsuits for Women Spaghetti Straps Scoop Neck Bodycon Full Length Casual Unitard Playsuit,CRT-WOM-00357,2999,25,30,4.5,212,1400,https://m.media-amazon.com/images/I/51-7Wpo4pRL._AC_UL320_.jpg,"Authentic Women's Clothing product. Built with high-grade components, tested for peak durability, and backed by a 1-year manufacturer warranty. Complete with original accessories and certified packaging."
prod_000358,8,sel_0011,Women's Crewneck Batwing Long Sleeve Sweater 2023 Fall Oversized Ribbed Knit Side Slit Pullover Top,CRT-WOM-00358,3249,0,95,4.6,392,177,https://m.media-amazon.com/images/I/71HbW6+5VhL._AC_UL320_.jpg,"Authentic Women's Clothing product. Built with high-grade components, tested for peak durability, and backed by a 1-year manufacturer warranty. Complete with original accessories and certified packaging."
prod_000359,8,sel_0043,Women's Flannel Plaid Shacket Long Sleeve Button Down Chest Pocketed Shirts Jacket Coats,CRT-WOM-00359,2749,30,51,4.4,386,352,https://m.media-amazon.com/images/I/61LSELYQ26L._AC_UL320_.jpg,"Authentic Women's Clothing product. Built with high-grade components, tested for peak durability, and backed by a 1-year manufacturer warranty. Complete with original accessories and certified packaging."
prod_000360,8,sel_0002,Sweater Sets Women 2 Piece Lounge Sets Short Sleeve Knit Pullover Tops Wide Leg Pants,CRT-WOM-00360,2999,0,103,4.3,126,212,https://m.media-amazon.com/images/I/71hn76ZYwsL._AC_UL320_.jpg,"Authentic Women's Clothing product. Built with high-grade components, tested for peak durability, and backed by a 1-year manufacturer warranty. Complete with original accessories and certified packaging."
prod_000361,8,sel_0054,Nipple Covers Silicone Pasties For Women - Adhesive Petals Nip Covers Reusable Nipplecovers Sticky Gel Nude,CRT-WOM-00361,1599,30,84,4.5,120,1156,https://m.media-amazon.com/images/I/81lCHvmMXNL._AC_UL320_.jpg,"Authentic Women's Clothing product. Built with high-grade components, tested for peak durability, and backed by a 1-year manufacturer warranty. Complete with original accessories and certified packaging."
prod_000362,8,sel_0007,No Show Socks Womens and Men Low Cut Ankle Short Anti-slid Athletic Running Novelty Casual Invisible Liner Socks,CRT-WOM-00362,1099,30,144,4.7,394,97,https://m.media-amazon.com/images/I/81EFbzAltVL._AC_UL320_.jpg,"Authentic Women's Clothing product. Built with high-grade components, tested for peak durability, and backed by a 1-year manufacturer warranty. Complete with original accessories and certified packaging."
prod_000363,8,sel_0032,Women's Two Piece Outfits Sweater Sets Knit Pullover Tops and High Waisted Pants Tracksuit Lounge Sets,CRT-WOM-00363,3499,0,66,4.2,378,1246,https://m.media-amazon.com/images/I/61pf66GKoKL._AC_UL320_.jpg,"Authentic Women's Clothing product. Built with high-grade components, tested for peak durability, and backed by a 1-year manufacturer warranty. Complete with original accessories and certified packaging."
prod_000364,8,sel_0008,Womens Strappy Square Neck Tank Top Tummy Control Bodycon Stretch Shorts Jumpsuit Rompers,CRT-WOM-00364,2499,15,92,4.3,33,212,https://m.media-amazon.com/images/I/51ckAgWjuUL._AC_UL320_.jpg,"Authentic Women's Clothing product. Built with high-grade components, tested for peak durability, and backed by a 1-year manufacturer warranty. Complete with original accessories and certified packaging."
prod_000365,8,sel_0029,High Waisted Leggings for Women - Soft Opaque Slim Tummy Control Printed Pants for Running Cycling Yoga,CRT-WOM-00365,799,10,59,4.4,266,762,https://m.media-amazon.com/images/I/51QIJUOSuvL._AC_UL320_.jpg,"Authentic Women's Clothing product. Built with high-grade components, tested for peak durability, and backed by a 1-year manufacturer warranty. Complete with original accessories and certified packaging."
prod_000366,8,sel_0048,No Show Socks Women Low Socks Non Slip Flat Boat Line 4/8 Pairs,CRT-WOM-00366,1399,30,45,4.5,98,1326,https://m.media-amazon.com/images/I/71zUbHdzbmL._AC_UL320_.jpg,"Authentic Women's Clothing product. Built with high-grade components, tested for peak durability, and backed by a 1-year manufacturer warranty. Complete with original accessories and certified packaging."
prod_000367,8,sel_0044,Women's Open Front Knit Cardigan Long Sleeve Lapel Casual Solid Classy Sweater Jacket,CRT-WOM-00367,3999,15,77,4.4,296,764,https://m.media-amazon.com/images/I/81Dk7ewZ-CL._AC_UL320_.jpg,"Authentic Women's Clothing product. Built with high-grade components, tested for peak durability, and backed by a 1-year manufacturer warranty. Complete with original accessories and certified packaging."
prod_000368,8,sel_0010,"Fashion Clothing Tape Double Sided - Clear Tape for Clothes, Body, and All Skin Shades (100 Strips)",CRT-WOM-00368,699,15,83,4.2,260,268,https://m.media-amazon.com/images/I/71GNDMUDI6L._AC_UL320_.jpg,"Authentic Women's Clothing product. Built with high-grade components, tested for peak durability, and backed by a 1-year manufacturer warranty. Complete with original accessories and certified packaging."
prod_000369,8,sel_0059,Women's 2 Piece Trendy Outfits Oversized Slouchy Matching Sets Cozy Knit Sweatsuit Sets,CRT-WOM-00369,4249,10,81,4.2,362,85,https://m.media-amazon.com/images/I/61IV5quhtVL._AC_UL320_.jpg,"Authentic Women's Clothing product. Built with high-grade components, tested for peak durability, and backed by a 1-year manufacturer warranty. Complete with original accessories and certified packaging."
prod_000370,8,sel_0015,Womens Cute Crew Socks Casual Athletic Aesthetic Socks Neutral Cotton Socks for Women Granola Girls Clothes,CRT-WOM-00370,1299,20,28,4.7,55,475,https://m.media-amazon.com/images/I/91d4cYTJm6L._AC_UL320_.jpg,"Authentic Women's Clothing product. Built with high-grade components, tested for peak durability, and backed by a 1-year manufacturer warranty. Complete with original accessories and certified packaging."
prod_000371,8,sel_0003,Women's Short Sleeve Bodycon Romper Stretchy Square Neck Sexy Unitard Jumpsuit,CRT-WOM-00371,2499,30,113,4.6,267,774,https://m.media-amazon.com/images/I/71k99mBg0SL._AC_UL320_.jpg,"Authentic Women's Clothing product. Built with high-grade components, tested for peak durability, and backed by a 1-year manufacturer warranty. Complete with original accessories and certified packaging."
prod_000372,8,sel_0013,Women's Stretch Denim Jacket,CRT-WOM-00372,3249,25,16,4.6,303,1064,https://m.media-amazon.com/images/I/913sL+OvALL._AC_UL320_.jpg,"Authentic Women's Clothing product. Built with high-grade components, tested for peak durability, and backed by a 1-year manufacturer warranty. Complete with original accessories and certified packaging."
prod_000373,8,sel_0004,Women's Classy Light Tan/Black Open Front Knit Coat Cardigan,CRT-WOM-00373,3749,0,38,4.1,230,520,https://m.media-amazon.com/images/I/51LfDLy1nyL._AC_UL320_.jpg,"Authentic Women's Clothing product. Built with high-grade components, tested for peak durability, and backed by a 1-year manufacturer warranty. Complete with original accessories and certified packaging."
prod_000374,8,sel_0043,4 Pairs Pasties Women Nipple Covers Reusable Adhesive Silicone Nippleless Covers (2 Round+2 Flower),CRT-WOM-00374,699,25,29,4.4,400,996,https://m.media-amazon.com/images/I/611VIk-62sL._AC_UL320_.jpg,"Authentic Women's Clothing product. Built with high-grade components, tested for peak durability, and backed by a 1-year manufacturer warranty. Complete with original accessories and certified packaging."
prod_000375,8,sel_0012,High Waisted Leggings for Women - Capri & Full Length Women's Leggings,CRT-WOM-00375,1599,5,90,4.3,305,774,https://m.media-amazon.com/images/I/61jszdZCRBL._AC_UL320_.jpg,"Authentic Women's Clothing product. Built with high-grade components, tested for peak durability, and backed by a 1-year manufacturer warranty. Complete with original accessories and certified packaging."
prod_000376,8,sel_0007,Workout Leggings for Women Seamless Scrunch Tights Tummy Control Gym Fitness Girl Sport Active Yoga Pants,CRT-WOM-00376,2999,25,18,4.3,203,168,https://m.media-amazon.com/images/I/410w6UzpWyL._AC_UL320_.jpg,"Authentic Women's Clothing product. Built with high-grade components, tested for peak durability, and backed by a 1-year manufacturer warranty. Complete with original accessories and certified packaging."
prod_000377,8,sel_0012,Women's Square Neck Bodice Dress Sleeveless Tank Top Stretch Flare Mini Dresses,CRT-WOM-00377,2499,20,71,4.1,171,582,https://m.media-amazon.com/images/I/51pgAy0WQ0L._MCnd_AC_UL320_.jpg,"Authentic Women's Clothing product. Built with high-grade components, tested for peak durability, and backed by a 1-year manufacturer warranty. Complete with original accessories and certified packaging."
prod_000378,8,sel_0060,Womens Casual Plaid Shacket Button Down Long Sleeve Shirt,CRT-WOM-00378,3249,15,53,4.4,433,1315,https://m.media-amazon.com/images/I/614VXl7BjqL._AC_UL320_.jpg,"Authentic Women's Clothing product. Built with high-grade components, tested for peak durability, and backed by a 1-year manufacturer warranty. Complete with original accessories and certified packaging."
prod_000379,8,sel_0010,Womens Casual Blazers Open Front Long Sleeve Work Office Jackets Blazer,CRT-WOM-00379,4499,30,15,3.9,384,361,https://m.media-amazon.com/images/I/515CtS3UMjL._AC_UL320_.jpg,"Authentic Women's Clothing product. Built with high-grade components, tested for peak durability, and backed by a 1-year manufacturer warranty. Complete with original accessories and certified packaging."
prod_000380,8,sel_0052,Flare Jumpsuits for Women Strappy Square Neck Bodycon Full Length Long Pants Casual Playsuit,CRT-WOM-00380,2999,25,51,4.6,229,853,https://m.media-amazon.com/images/I/5194ai-hlML._AC_UL320_.jpg,"Authentic Women's Clothing product. Built with high-grade components, tested for peak durability, and backed by a 1-year manufacturer warranty. Complete with original accessories and certified packaging."
prod_000381,8,sel_0043,Women's Wedgie Straight Jeans,CRT-WOM-00381,3999,0,53,4.2,229,1262,https://m.media-amazon.com/images/I/51BJSvS7RnS._AC_UL320_.jpg,"Authentic Women's Clothing product. Built with high-grade components, tested for peak durability, and backed by a 1-year manufacturer warranty. Complete with original accessories and certified packaging."
prod_000382,8,sel_0046,"Women's Value, Ankle Soft Moisture-Wicking Socks, Available in 10 and 14-Packs",CRT-WOM-00382,899,15,19,4.7,37,610,https://m.media-amazon.com/images/I/81GSO31SBpL._AC_UL320_.jpg,"Authentic Women's Clothing product. Built with high-grade components, tested for peak durability, and backed by a 1-year manufacturer warranty. Complete with original accessories and certified packaging."
prod_000383,8,sel_0045,Womens Flannel Shacket Jacket Casual Plaid Wool Blend Button Down Long Sleeve Shirt Fall Clothes Outfits 2023,CRT-WOM-00383,2749,5,31,4.4,45,1225,https://m.media-amazon.com/images/I/61MQqc51uOL._AC_UL320_.jpg,"Authentic Women's Clothing product. Built with high-grade components, tested for peak durability, and backed by a 1-year manufacturer warranty. Complete with original accessories and certified packaging."
prod_000384,8,sel_0040,Women's Yoga Ribbed One Piece Tank Tops Rompers Sleeveless Exercise Jumpsuits,CRT-WOM-00384,2249,0,71,4.3,223,54,https://m.media-amazon.com/images/I/71iT+-rEfkL._AC_UL320_.jpg,"Authentic Women's Clothing product. Built with high-grade components, tested for peak durability, and backed by a 1-year manufacturer warranty. Complete with original accessories and certified packaging."
prod_000385,8,sel_0024,2023 Women's Long Sleeve Striped Sweater Button Cardigan Knitted Open Coat Outwear with Pockets,CRT-WOM-00385,2499,5,85,4.9,68,357,https://m.media-amazon.com/images/I/61EOeTFz-DL._AC_UL320_.jpg,"Authentic Women's Clothing product. Built with high-grade components, tested for peak durability, and backed by a 1-year manufacturer warranty. Complete with original accessories and certified packaging."
prod_000386,8,sel_0036,Women’s Sexy Sleeveless Racer Back Halter Neck Bodysuit Tank Tops,CRT-WOM-00386,2249,30,23,4.5,399,621,https://m.media-amazon.com/images/I/5162EFP6uoL._AC_UL320_.jpg,"Authentic Women's Clothing product. Built with high-grade components, tested for peak durability, and backed by a 1-year manufacturer warranty. Complete with original accessories and certified packaging."
prod_000387,8,sel_0029,Women's Turtleneck Oversized Sweaters 2023 Fall Long Batwing Sleeve Spilt Hem Tunic Pullover Sweater Knit Tops,CRT-WOM-00387,3249,30,139,4.3,160,483,https://m.media-amazon.com/images/I/61q0Y9s6WlL._AC_UL320_.jpg,"Authentic Women's Clothing product. Built with high-grade components, tested for peak durability, and backed by a 1-year manufacturer warranty. Complete with original accessories and certified packaging."
prod_000388,8,sel_0008,Women Summer Tunic Dress V Neck Casual Loose Flowy Swing Shift Dresses,CRT-WOM-00388,2499,15,118,3.9,160,688,https://m.media-amazon.com/images/I/618EWjDCSPL._MCnd_AC_UL320_.jpg,"Authentic Women's Clothing product. Built with high-grade components, tested for peak durability, and backed by a 1-year manufacturer warranty. Complete with original accessories and certified packaging."
prod_000389,8,sel_0052,"Infinity Dress with Bandeau, Convertible Bridesmaid Dress, Long, Plus Size, Multi-Way Dress, Twist Wrap Dress",CRT-WOM-00389,3999,0,26,4.4,283,501,https://m.media-amazon.com/images/I/61dRoOz37tL._MCnd_AC_UL320_.jpg,"Authentic Women's Clothing product. Built with high-grade components, tested for peak durability, and backed by a 1-year manufacturer warranty. Complete with original accessories and certified packaging."
prod_000390,8,sel_0007,Women's Cat Socks Cat Gifts Cute Animal Socks Owl Dog Gifts for Women,CRT-WOM-00390,999,20,22,4.7,310,1243,https://m.media-amazon.com/images/I/91uF1A3calL._AC_UL320_.jpg,"Authentic Women's Clothing product. Built with high-grade components, tested for peak durability, and backed by a 1-year manufacturer warranty. Complete with original accessories and certified packaging."
prod_000391,8,sel_0023,Women's Crewneck Long Sleeve Oversized Fuzzy Knit Chunky Warm Pullover Sweater Top,CRT-WOM-00391,3249,0,62,4.4,200,58,https://m.media-amazon.com/images/I/81O5Nc+1pSL._AC_UL320_.jpg,"Authentic Women's Clothing product. Built with high-grade components, tested for peak durability, and backed by a 1-year manufacturer warranty. Complete with original accessories and certified packaging."
prod_000392,8,sel_0033,Womens Oversized Hoodies Fleece Sweatshirts Long Sleeve Sweaters Pullover Fall Clothes with Pocket,CRT-WOM-00392,2999,10,45,4.6,349,98,https://m.media-amazon.com/images/I/71JVDmLg4aL._AC_UL320_.jpg,"Authentic Women's Clothing product. Built with high-grade components, tested for peak durability, and backed by a 1-year manufacturer warranty. Complete with original accessories and certified packaging."
prod_000393,8,sel_0027,Women's Long Hooded Rain Jacket Outdoor Raincoat Windbreaker,CRT-WOM-00393,3999,20,79,4.6,378,814,https://m.media-amazon.com/images/I/61pbgF3vDvL._AC_UL320_.jpg,"Authentic Women's Clothing product. Built with high-grade components, tested for peak durability, and backed by a 1-year manufacturer warranty. Complete with original accessories and certified packaging."
prod_000394,8,sel_0005,"Women's Value Socks, No Show Soft Moisture-Wicking Socks, Available in 10 and 14-Packs",CRT-WOM-00394,899,15,32,4.7,336,271,https://m.media-amazon.com/images/I/61S+lmzNGNL._AC_UL320_.jpg,"Authentic Women's Clothing product. Built with high-grade components, tested for peak durability, and backed by a 1-year manufacturer warranty. Complete with original accessories and certified packaging."
prod_000395,8,sel_0012,Womens Faux Leather Leggings Stretch High Waisted Pleather Pants,CRT-WOM-00395,5749,25,110,4.3,174,1138,https://m.media-amazon.com/images/I/51f7i5UjR0L._AC_UL320_.jpg,"Authentic Women's Clothing product. Built with high-grade components, tested for peak durability, and backed by a 1-year manufacturer warranty. Complete with original accessories and certified packaging."
prod_000396,8,sel_0013,Women's Crew Neck Long Sleeve Bodysuit Second-skin Feel Tops Smoke Cloud Collection,CRT-WOM-00396,2499,15,116,4.6,374,868,https://m.media-amazon.com/images/I/61vzqzJR0EL._AC_UL320_.jpg,"Authentic Women's Clothing product. Built with high-grade components, tested for peak durability, and backed by a 1-year manufacturer warranty. Complete with original accessories and certified packaging."
prod_000397,8,sel_0001,Women's Elegant Sleeveless Off Shoulder Bodycon Long Formal Party Evening Dress,CRT-WOM-00397,4249,25,150,4.2,436,835,https://m.media-amazon.com/images/I/41jCG68S1VL._MCnd_AC_UL320_.jpg,"Authentic Women's Clothing product. Built with high-grade components, tested for peak durability, and backed by a 1-year manufacturer warranty. Complete with original accessories and certified packaging."
prod_000398,8,sel_0008,Women's 2 Piece Outfits Long Sleeve Knit Sweater Top Wide Leg Pants Lounge Sets Tracksuits,CRT-WOM-00398,3999,15,42,4.2,391,95,https://m.media-amazon.com/images/I/61Pf7iG8U2L._AC_UL320_.jpg,"Authentic Women's Clothing product. Built with high-grade components, tested for peak durability, and backed by a 1-year manufacturer warranty. Complete with original accessories and certified packaging."
prod_000399,8,sel_0031,Long Sleeve Jumpsuits for Women Square Neck Wide Leg Full Length Romper Playsuit,CRT-WOM-00399,3249,25,134,4.5,179,1326,https://m.media-amazon.com/images/I/51aPJKJZ87L._AC_UL320_.jpg,"Authentic Women's Clothing product. Built with high-grade components, tested for peak durability, and backed by a 1-year manufacturer warranty. Complete with original accessories and certified packaging."
prod_000400,8,sel_0035,3 Pairs Women's Sheer Tights - 20D Control Top Pantyhose with Reinforced Toes,CRT-WOM-00400,1499,5,109,3.8,430,265,https://m.media-amazon.com/images/I/517cPCAdH2L._AC_UL320_.jpg,"Authentic Women's Clothing product. Built with high-grade components, tested for peak durability, and backed by a 1-year manufacturer warranty. Complete with original accessories and certified packaging."
prod_000401,9,sel_0055,American Heritage 8” Moc Toe Work Boots For Men Breathable Leather Boots With Slip-Resistant MAXWear Wedge Outsole and Goodyear Storm Welt,CRT-SHO-00401,20999,30,52,4.4,159,303,https://m.media-amazon.com/images/I/71fCpf+5k0L._AC_UL320_.jpg,"Authentic Footwear & Shoes product. Built with high-grade components, tested for peak durability, and backed by a 1-year manufacturer warranty. Complete with original accessories and certified packaging."
prod_000402,9,sel_0025,Men's Speedcross 5 Trail Running Shoes,CRT-SHO-00402,10999,25,99,4.7,96,212,https://m.media-amazon.com/images/I/71nJ48O6aFL._AC_UL320_.jpg,"Authentic Footwear & Shoes product. Built with high-grade components, tested for peak durability, and backed by a 1-year manufacturer warranty. Complete with original accessories and certified packaging."
prod_000403,9,sel_0043,Women's Terrex AX4 Sneaker - Hiking Shoe,CRT-SHO-00403,3999,30,108,4.3,342,1415,https://m.media-amazon.com/images/I/81IusNGNYBL._AC_UL320_.jpg,"Authentic Footwear & Shoes product. Built with high-grade components, tested for peak durability, and backed by a 1-year manufacturer warranty. Complete with original accessories and certified packaging."
prod_000404,9,sel_0035,mens Hvc,CRT-SHO-00404,4749,0,140,4.6,391,1238,https://m.media-amazon.com/images/I/51R8w-WqxjL._AC_UL320_.jpg,"Authentic Footwear & Shoes product. Built with high-grade components, tested for peak durability, and backed by a 1-year manufacturer warranty. Complete with original accessories and certified packaging."
prod_000405,9,sel_0018,Unisex-Adult Adilette Clog Slide Sandal,CRT-SHO-00405,3999,15,112,4.6,164,692,https://m.media-amazon.com/images/I/61DouGlK6mL._AC_UL320_.jpg,"Authentic Footwear & Shoes product. Built with high-grade components, tested for peak durability, and backed by a 1-year manufacturer warranty. Complete with original accessories and certified packaging."
prod_000406,9,sel_0035,Men's Braver-Rayland Slip-On Loafer,CRT-SHO-00406,6499,20,20,4.5,66,1088,https://m.media-amazon.com/images/I/61jiwQ7b+vL._AC_UL320_.jpg,"Authentic Footwear & Shoes product. Built with high-grade components, tested for peak durability, and backed by a 1-year manufacturer warranty. Complete with original accessories and certified packaging."
prod_000407,9,sel_0050,Steel Toe Sneakers for Men Women Lightweight Safety Shoes Comfortable Puncture Proof Slip On Indestructible Work Shoes,CRT-SHO-00407,4249,10,66,4.2,29,1148,https://m.media-amazon.com/images/I/71qf+5A-IzL._AC_UL320_.jpg,"Authentic Footwear & Shoes product. Built with high-grade components, tested for peak durability, and backed by a 1-year manufacturer warranty. Complete with original accessories and certified packaging."
prod_000408,9,sel_0031,Steel Toe Shoes for Men Indestructible Work Shoes Lightweight Steel Toe Sneakers Non Slip Safety Shoes Puncture Proof Composite Toe Shoes,CRT-SHO-00408,3749,10,98,4.2,279,472,https://m.media-amazon.com/images/I/71+fSuXHO9L._AC_UL320_.jpg,"Authentic Footwear & Shoes product. Built with high-grade components, tested for peak durability, and backed by a 1-year manufacturer warranty. Complete with original accessories and certified packaging."
prod_000409,9,sel_0056,unisex-adult Classic All-Terrain Black Panther Clog,CRT-SHO-00409,3999,0,135,4.8,104,545,https://m.media-amazon.com/images/I/81ADAmHSgsL._AC_UL320_.jpg,"Authentic Footwear & Shoes product. Built with high-grade components, tested for peak durability, and backed by a 1-year manufacturer warranty. Complete with original accessories and certified packaging."
prod_000410,9,sel_0038,Men's Neumel Boot,CRT-SHO-00410,10999,25,107,4.8,65,774,https://m.media-amazon.com/images/I/81AIb3gkW3L._AC_UL320_.jpg,"Authentic Footwear & Shoes product. Built with high-grade components, tested for peak durability, and backed by a 1-year manufacturer warranty. Complete with original accessories and certified packaging."
prod_000411,9,sel_0002,"Mens Recovery Sandals Orthotic Thick Cushion Open Toe Sport Slides, Reduces Stress on Feet With Comfortable Plantar Fasciitis, Joints &...",CRT-SHO-00411,2249,20,17,4.1,351,526,https://m.media-amazon.com/images/I/61WDAoi8P8L._AC_UL320_.jpg,"Authentic Footwear & Shoes product. Built with high-grade components, tested for peak durability, and backed by a 1-year manufacturer warranty. Complete with original accessories and certified packaging."
prod_000412,9,sel_0002,Originals Men's Stan Smith (End Plastic Waste) Sneaker,CRT-SHO-00412,6999,10,44,4.5,449,292,https://m.media-amazon.com/images/I/41jua5IBHQL._AC_UL320_.jpg,"Authentic Footwear & Shoes product. Built with high-grade components, tested for peak durability, and backed by a 1-year manufacturer warranty. Complete with original accessories and certified packaging."
prod_000413,9,sel_0014,Men's Lite Racer Adapt 5.0 Running Shoe,CRT-SHO-00413,4749,10,28,4.5,137,1074,https://m.media-amazon.com/images/I/71EQ1QdcPFL._AC_UL320_.jpg,"Authentic Footwear & Shoes product. Built with high-grade components, tested for peak durability, and backed by a 1-year manufacturer warranty. Complete with original accessories and certified packaging."
prod_000414,9,sel_0012,Men's AL0A7R6F Torin 6 - Wide Road Running Shoe,CRT-SHO-00414,5499,30,78,4.1,181,1156,https://m.media-amazon.com/images/I/71K9WTBIicL._AC_UL320_.jpg,"Authentic Footwear & Shoes product. Built with high-grade components, tested for peak durability, and backed by a 1-year manufacturer warranty. Complete with original accessories and certified packaging."
prod_000415,9,sel_0019,Men's Leather Lined Dress Loafers Shoes,CRT-SHO-00415,2749,10,79,4.5,429,121,https://m.media-amazon.com/images/I/61u1W+ZI2KL._AC_UL320_.jpg,"Authentic Footwear & Shoes product. Built with high-grade components, tested for peak durability, and backed by a 1-year manufacturer warranty. Complete with original accessories and certified packaging."
prod_000416,9,sel_0003,Men's Mio Li Sneaker,CRT-SHO-00416,10999,0,104,4.5,82,1254,https://m.media-amazon.com/images/I/91ef7hs5jhL._AC_UL320_.jpg,"Authentic Footwear & Shoes product. Built with high-grade components, tested for peak durability, and backed by a 1-year manufacturer warranty. Complete with original accessories and certified packaging."
prod_000417,9,sel_0033,Men's Moab 2 Mid Gtx Hiking Boot,CRT-SHO-00417,6999,15,122,4.5,91,980,https://m.media-amazon.com/images/I/81jdgHd4ABS._AC_UL320_.jpg,"Authentic Footwear & Shoes product. Built with high-grade components, tested for peak durability, and backed by a 1-year manufacturer warranty. Complete with original accessories and certified packaging."
prod_000418,9,sel_0028,"Rubber Hunting Boots with 800g Insulation, Waterproof Insulated Realtree Xtra Camo Warm Rubber Boots with 7mm Neoprene, Durable Outdoor...",CRT-SHO-00418,9499,10,82,4.5,214,443,https://m.media-amazon.com/images/I/71kZEdLPuIL._AC_UL320_.jpg,"Authentic Footwear & Shoes product. Built with high-grade components, tested for peak durability, and backed by a 1-year manufacturer warranty. Complete with original accessories and certified packaging."
prod_000419,9,sel_0026,Men's Low Neck Running Shoes,CRT-SHO-00419,10999,5,37,4.5,170,1008,https://m.media-amazon.com/images/I/71b32AZf89L._AC_UL320_.jpg,"Authentic Footwear & Shoes product. Built with high-grade components, tested for peak durability, and backed by a 1-year manufacturer warranty. Complete with original accessories and certified packaging."
prod_000420,9,sel_0018,"Men's Sneaker,Running Shoes",CRT-SHO-00420,7749,10,136,4.5,235,930,https://m.media-amazon.com/images/I/71wbXtpEwQL._AC_UL320_.jpg,"Authentic Footwear & Shoes product. Built with high-grade components, tested for peak durability, and backed by a 1-year manufacturer warranty. Complete with original accessories and certified packaging."
prod_000421,9,sel_0033,Mens Slip On Walking Shoes Lightweight Breathable Non Slip Running Shoes Comfortable Fashion Sneakers for Men,CRT-SHO-00421,2999,25,36,4.1,353,1416,https://m.media-amazon.com/images/I/71-pXA1OSRL._AC_UL320_.jpg,"Authentic Footwear & Shoes product. Built with high-grade components, tested for peak durability, and backed by a 1-year manufacturer warranty. Complete with original accessories and certified packaging."
prod_000422,9,sel_0028,Men's Ultraboost 22 Running Shoe,CRT-SHO-00422,9999,10,114,4.5,341,17,https://m.media-amazon.com/images/I/61b3x2VHGQL._AC_UL320_.jpg,"Authentic Footwear & Shoes product. Built with high-grade components, tested for peak durability, and backed by a 1-year manufacturer warranty. Complete with original accessories and certified packaging."
prod_000423,9,sel_0008,"American Heritage 8” Steel Toe Work Boots for Men - Full-Grain Leather with Moc Toe, Slip-Resistant Wedge Outsole, and Comfort Insole;...",CRT-SHO-00423,21999,0,84,4.5,426,16,https://m.media-amazon.com/images/I/71i9q+fb3cL._AC_UL320_.jpg,"Authentic Footwear & Shoes product. Built with high-grade components, tested for peak durability, and backed by a 1-year manufacturer warranty. Complete with original accessories and certified packaging."
prod_000424,9,sel_0012,Men's Casual Dress Shoes,CRT-SHO-00424,3249,0,76,4.4,424,84,https://m.media-amazon.com/images/I/715fJTlEXRL._AC_UL320_.jpg,"Authentic Footwear & Shoes product. Built with high-grade components, tested for peak durability, and backed by a 1-year manufacturer warranty. Complete with original accessories and certified packaging."
prod_000425,9,sel_0029,Men's Booker Ultra Western Boot,CRT-SHO-00425,11999,0,65,4.6,163,1222,https://m.media-amazon.com/images/I/61ylqffKmOL._AC_UL320_.jpg,"Authentic Footwear & Shoes product. Built with high-grade components, tested for peak durability, and backed by a 1-year manufacturer warranty. Complete with original accessories and certified packaging."
prod_000426,9,sel_0041,"Mens Fanning Slide | Bottle Opener Sandal , Black/Silver, 12",CRT-SHO-00426,3249,30,123,4.4,221,473,https://m.media-amazon.com/images/I/6183TKHOxKL._AC_UL320_.jpg,"Authentic Footwear & Shoes product. Built with high-grade components, tested for peak durability, and backed by a 1-year manufacturer warranty. Complete with original accessories and certified packaging."
prod_000427,9,sel_0023,Cowboy Boots for Men Round Toe Distressed Work boots Embroidered Western Boots Traditional Country Boot,CRT-SHO-00427,5749,15,49,4,150,371,https://m.media-amazon.com/images/I/71nZcUMMNjL._AC_UL320_.jpg,"Authentic Footwear & Shoes product. Built with high-grade components, tested for peak durability, and backed by a 1-year manufacturer warranty. Complete with original accessories and certified packaging."
prod_000428,9,sel_0022,Men's Biom C4 Gore-tex Waterproof Golf Shoe,CRT-SHO-00428,15999,25,78,4.4,158,803,https://m.media-amazon.com/images/I/71uGofJFOsL._AC_UL320_.jpg,"Authentic Footwear & Shoes product. Built with high-grade components, tested for peak durability, and backed by a 1-year manufacturer warranty. Complete with original accessories and certified packaging."
prod_000429,9,sel_0048,Women's Arizona Soft Footbed Sandals,CRT-SHO-00429,6999,10,91,4.4,294,603,https://m.media-amazon.com/images/I/61pvdQhHzvL._AC_UL320_.jpg,"Authentic Footwear & Shoes product. Built with high-grade components, tested for peak durability, and backed by a 1-year manufacturer warranty. Complete with original accessories and certified packaging."
prod_000430,9,sel_0018,Men's Forebay Sandal,CRT-SHO-00430,3999,25,18,4.4,159,702,https://m.media-amazon.com/images/I/61rJ6JhRvtL._AC_UL320_.jpg,"Authentic Footwear & Shoes product. Built with high-grade components, tested for peak durability, and backed by a 1-year manufacturer warranty. Complete with original accessories and certified packaging."
prod_000431,9,sel_0038,Unisex-Adult Bonny Chukka Boot,CRT-SHO-00431,4999,10,145,4.6,445,543,https://m.media-amazon.com/images/I/91Rztl8w9oL._AC_UL320_.jpg,"Authentic Footwear & Shoes product. Built with high-grade components, tested for peak durability, and backed by a 1-year manufacturer warranty. Complete with original accessories and certified packaging."
prod_000432,9,sel_0012,Jordan mens Sneaker,CRT-SHO-00432,11999,10,40,4.5,398,1042,https://m.media-amazon.com/images/I/41OziMKUhZL._AC_UL320_.jpg,"Authentic Footwear & Shoes product. Built with high-grade components, tested for peak durability, and backed by a 1-year manufacturer warranty. Complete with original accessories and certified packaging."
prod_000433,9,sel_0046,Men's Military Tactical Work Boots Side Zipper Leather Motorcycle Combat Boots (6-8 Inches),CRT-SHO-00433,4749,10,73,4.3,390,1312,https://m.media-amazon.com/images/I/717LvSTNqQL._AC_UL320_.jpg,"Authentic Footwear & Shoes product. Built with high-grade components, tested for peak durability, and backed by a 1-year manufacturer warranty. Complete with original accessories and certified packaging."
prod_000434,9,sel_0048,Men's Force Savage Pro 2 Mid Football Cleats,CRT-SHO-00434,12999,10,139,4.6,136,648,https://m.media-amazon.com/images/I/81AQJQv5PML._AC_UL320_.jpg,"Authentic Footwear & Shoes product. Built with high-grade components, tested for peak durability, and backed by a 1-year manufacturer warranty. Complete with original accessories and certified packaging."
prod_000435,9,sel_0029,Vapor Edge Pro 360 2 Men's Football Cleats,CRT-SHO-00435,11999,15,148,4.6,229,175,https://m.media-amazon.com/images/I/51pMzwHh3sL._AC_UL320_.jpg,"Authentic Footwear & Shoes product. Built with high-grade components, tested for peak durability, and backed by a 1-year manufacturer warranty. Complete with original accessories and certified packaging."
prod_000436,9,sel_0041,Men's XP 2.0 Clog,CRT-SHO-00436,11999,10,119,4.3,338,820,https://m.media-amazon.com/images/I/61G3Mfz3nGL._AC_UL320_.jpg,"Authentic Footwear & Shoes product. Built with high-grade components, tested for peak durability, and backed by a 1-year manufacturer warranty. Complete with original accessories and certified packaging."
prod_000437,9,sel_0034,Men's The Roger Advantage Sneakers,CRT-SHO-00437,13999,25,81,4.6,269,309,https://m.media-amazon.com/images/I/51t0z6NIibL._AC_UL320_.jpg,"Authentic Footwear & Shoes product. Built with high-grade components, tested for peak durability, and backed by a 1-year manufacturer warranty. Complete with original accessories and certified packaging."
prod_000438,9,sel_0041,Men's Air Monarch Iv Cross Trainer,CRT-SHO-00438,5749,25,140,4.4,430,542,https://m.media-amazon.com/images/I/71QnBZVzEeL._AC_UL320_.jpg,"Authentic Footwear & Shoes product. Built with high-grade components, tested for peak durability, and backed by a 1-year manufacturer warranty. Complete with original accessories and certified packaging."
prod_000439,9,sel_0037,Non Slip Work Shoes for Men Kitchen Chef Slip Resistant Shoe Waterproof Food Service Restaurant Slip on Sneakers Walking and Casual Air...,CRT-SHO-00439,3999,20,127,3.8,423,1283,https://m.media-amazon.com/images/I/711Iq1E-vuL._AC_UL320_.jpg,"Authentic Footwear & Shoes product. Built with high-grade components, tested for peak durability, and backed by a 1-year manufacturer warranty. Complete with original accessories and certified packaging."
prod_000440,9,sel_0018,Men's Twinpin Flip-Flop,CRT-SHO-00440,1799,10,92,4.4,327,486,https://m.media-amazon.com/images/I/61qDkwkZWFL._AC_UL320_.jpg,"Authentic Footwear & Shoes product. Built with high-grade components, tested for peak durability, and backed by a 1-year manufacturer warranty. Complete with original accessories and certified packaging."
prod_000441,9,sel_0023,Men's Club C 85 Vintage Sneaker,CRT-SHO-00441,5249,15,131,4.6,190,1314,https://m.media-amazon.com/images/I/71TQe48xt1L._AC_UL320_.jpg,"Authentic Footwear & Shoes product. Built with high-grade components, tested for peak durability, and backed by a 1-year manufacturer warranty. Complete with original accessories and certified packaging."
prod_000442,9,sel_0043,Men's Powertrain Sport Alloy Safety Toe Electrical Hazard AL,CRT-SHO-00442,8249,20,41,4.5,342,1137,https://m.media-amazon.com/images/I/81v-fg64STL._AC_UL320_.jpg,"Authentic Footwear & Shoes product. Built with high-grade components, tested for peak durability, and backed by a 1-year manufacturer warranty. Complete with original accessories and certified packaging."
prod_000443,9,sel_0017,Men's Gel-Nimbus 25 Running Shoes,CRT-SHO-00443,12999,15,108,4.6,79,55,https://m.media-amazon.com/images/I/61uwXFrKxaL._AC_UL320_.jpg,"Authentic Footwear & Shoes product. Built with high-grade components, tested for peak durability, and backed by a 1-year manufacturer warranty. Complete with original accessories and certified packaging."
prod_000444,9,sel_0050,Unisex-Child Samba Classic Soccer Shoe,CRT-SHO-00444,5249,5,66,4.7,73,249,https://m.media-amazon.com/images/I/71OSAClUEEL._AC_UL320_.jpg,"Authentic Footwear & Shoes product. Built with high-grade components, tested for peak durability, and backed by a 1-year manufacturer warranty. Complete with original accessories and certified packaging."
prod_000445,9,sel_0012,Men's Felton Shoe,CRT-SHO-00445,3999,0,36,4.4,59,722,https://m.media-amazon.com/images/I/81DsX9TCDJL._AC_UL320_.jpg,"Authentic Footwear & Shoes product. Built with high-grade components, tested for peak durability, and backed by a 1-year manufacturer warranty. Complete with original accessories and certified packaging."
prod_000446,9,sel_0050,Men's Sauvie Slip on Low Height Chukka Waterproof Rain Boot,CRT-SHO-00446,3749,25,40,4,392,1037,https://m.media-amazon.com/images/I/81LgSBuLb2L._AC_UL320_.jpg,"Authentic Footwear & Shoes product. Built with high-grade components, tested for peak durability, and backed by a 1-year manufacturer warranty. Complete with original accessories and certified packaging."
prod_000447,9,sel_0035,Steel Toe Boots for Men Work Construction Boots Indestructible Steel Toe Work Safety Boots for Men Composite Toe boots,CRT-SHO-00447,4749,30,82,3.9,159,173,https://m.media-amazon.com/images/I/61Jy7yYOpeL._AC_UL320_.jpg,"Authentic Footwear & Shoes product. Built with high-grade components, tested for peak durability, and backed by a 1-year manufacturer warranty. Complete with original accessories and certified packaging."
prod_000448,9,sel_0025,Men's Burgin-Tarlac Industrial Boot,CRT-SHO-00448,3749,5,87,4,405,1218,https://m.media-amazon.com/images/I/910K6Dm-OrL._AC_UL320_.jpg,"Authentic Footwear & Shoes product. Built with high-grade components, tested for peak durability, and backed by a 1-year manufacturer warranty. Complete with original accessories and certified packaging."
prod_000449,9,sel_0012,Peak Performer Roofing Boots,CRT-SHO-00449,25999,10,124,4.6,346,1116,https://m.media-amazon.com/images/I/61KFdDWLa8L._AC_UL320_.jpg,"Authentic Footwear & Shoes product. Built with high-grade components, tested for peak durability, and backed by a 1-year manufacturer warranty. Complete with original accessories and certified packaging."
prod_000450,9,sel_0043,Men's 997H V1 Classic Sneaker,CRT-SHO-00450,5749,10,120,4.6,161,599,https://m.media-amazon.com/images/I/81HwPCD33zL._AC_UL320_.jpg,"Authentic Footwear & Shoes product. Built with high-grade components, tested for peak durability, and backed by a 1-year manufacturer warranty. Complete with original accessories and certified packaging."
prod_000451,10,sel_0010,"Oversized Slim Runway Men's Watch, Stainless Steel Watch for Men",CRT-WAT-00451,6499,15,145,4.7,135,1410,https://m.media-amazon.com/images/I/61eUONKxYEL._AC_UL320_.jpg,"Authentic Watches product. Built with high-grade components, tested for peak durability, and backed by a 1-year manufacturer warranty. Complete with original accessories and certified packaging."
prod_000452,10,sel_0045,"TOZO S3 Smart Watch (Answer/Make Call) Bluetooth Fitness Tracker with Heart Rate, Blood Oxygen Monitor, Sleep Monitor IP68 Waterproof...",CRT-WAT-00452,3249,0,41,4.5,114,1281,https://m.media-amazon.com/images/I/71Rh3UQ6PNL._AC_UL320_.jpg,"Authentic Watches product. Built with high-grade components, tested for peak durability, and backed by a 1-year manufacturer warranty. Complete with original accessories and certified packaging."
prod_000453,10,sel_0018,"Men's Nate Quartz Stainless Steel Chronograph Watch, Color: Black (Model: JR1401)",CRT-WAT-00453,4249,15,96,4.6,142,1115,https://m.media-amazon.com/images/I/718AVhhc1GL._AC_UL320_.jpg,"Authentic Watches product. Built with high-grade components, tested for peak durability, and backed by a 1-year manufacturer warranty. Complete with original accessories and certified packaging."
prod_000454,10,sel_0014,F91W-1 Classic Resin Strap Digital Sport Watch,CRT-WAT-00454,1299,10,42,4.6,37,451,https://m.media-amazon.com/images/I/51Nk5SEBARL._AC_UL320_.jpg,"Authentic Watches product. Built with high-grade components, tested for peak durability, and backed by a 1-year manufacturer warranty. Complete with original accessories and certified packaging."
prod_000455,10,sel_0029,Men's MDV106-1AV 200 M WR Black Dive Watch (MDV106-1A),CRT-WAT-00455,3999,20,105,4.7,349,653,https://m.media-amazon.com/images/I/61nHUVwR65L._AC_UL320_.jpg,"Authentic Watches product. Built with high-grade components, tested for peak durability, and backed by a 1-year manufacturer warranty. Complete with original accessories and certified packaging."
prod_000456,10,sel_0054,Men's AE1200WH-1A Black Analog Digital Multi-Function Watch,CRT-WAT-00456,2499,10,120,4.7,42,990,https://m.media-amazon.com/images/I/61tHR+SNWaL._AC_UL320_.jpg,"Authentic Watches product. Built with high-grade components, tested for peak durability, and backed by a 1-year manufacturer warranty. Complete with original accessories and certified packaging."
prod_000457,10,sel_0017,Men's A158WA-1DF Stainless Steel Digital Watch,CRT-WAT-00457,1799,15,122,4.6,435,1068,https://m.media-amazon.com/images/I/51+6hbisNEL._AC_UL320_.jpg,"Authentic Watches product. Built with high-grade components, tested for peak durability, and backed by a 1-year manufacturer warranty. Complete with original accessories and certified packaging."
prod_000458,10,sel_0001,G-Shock GWM5610-1 Men's Solar Black Resin Sport Watch,CRT-WAT-00458,8249,0,84,4.8,97,1418,https://m.media-amazon.com/images/I/61D+2vMEKkL._AC_UL320_.jpg,"Authentic Watches product. Built with high-grade components, tested for peak durability, and backed by a 1-year manufacturer warranty. Complete with original accessories and certified packaging."
prod_000459,10,sel_0024,"Men's G-Shock Quartz Watch with Resin Strap, Black, 20 (Model: DW5600E-1V)",CRT-WAT-00459,3999,10,116,4.7,416,415,https://m.media-amazon.com/images/I/61c5ftLCaKL._AC_UL320_.jpg,"Authentic Watches product. Built with high-grade components, tested for peak durability, and backed by a 1-year manufacturer warranty. Complete with original accessories and certified packaging."
prod_000460,10,sel_0011,"Amazfit Bip 3 Pro Smart Watch for Android iPhone, 4 Satellite Positioning Systems, 1.69"" Color Display, 14-Day Battery Life, 60+ Sports...",CRT-WAT-00460,5749,0,50,4.2,401,1355,https://m.media-amazon.com/images/I/61GOb969hML._AC_UL320_.jpg,"Authentic Watches product. Built with high-grade components, tested for peak durability, and backed by a 1-year manufacturer warranty. Complete with original accessories and certified packaging."
prod_000461,10,sel_0027,Ironman Classic 30 Full-Size 38mm Watch,CRT-WAT-00461,3249,10,38,4.6,63,1051,https://m.media-amazon.com/images/I/71mewE+svdL._AC_UL320_.jpg,"Authentic Watches product. Built with high-grade components, tested for peak durability, and backed by a 1-year manufacturer warranty. Complete with original accessories and certified packaging."
prod_000462,10,sel_0014,"SSK003 Watch for Men 5 Sports Collection - Stainless Steel Case and Bracelet, Blue Dial",CRT-WAT-00462,28999,10,17,4.7,116,1137,https://m.media-amazon.com/images/I/61qM4fZiIaL._AC_UL320_.jpg,"Authentic Watches product. Built with high-grade components, tested for peak durability, and backed by a 1-year manufacturer warranty. Complete with original accessories and certified packaging."
prod_000463,10,sel_0013,10 Year Battery,CRT-WAT-00463,1799,30,115,4.7,120,1291,https://m.media-amazon.com/images/I/71z+YnT3J8L._AC_UL320_.jpg,"Authentic Watches product. Built with high-grade components, tested for peak durability, and backed by a 1-year manufacturer warranty. Complete with original accessories and certified packaging."
prod_000464,10,sel_0034,Men's Expedition Scout 40 Watch,CRT-WAT-00464,3249,20,105,4.4,390,1303,https://m.media-amazon.com/images/I/91APJ9+qs2L._AC_UL320_.jpg,"Authentic Watches product. Built with high-grade components, tested for peak durability, and backed by a 1-year manufacturer warranty. Complete with original accessories and certified packaging."
prod_000465,10,sel_0047,"Men's Marine Star 'Series C' Chronograph Quartz Watch, Luminous Markers, Rotating Dial, 200M Water Resistant, 45mm",CRT-WAT-00465,28999,30,123,4.6,289,1028,https://m.media-amazon.com/images/I/81io8OejSiL._AC_UL320_.jpg,"Authentic Watches product. Built with high-grade components, tested for peak durability, and backed by a 1-year manufacturer warranty. Complete with original accessories and certified packaging."
prod_000466,10,sel_0032,"Core, Outdoor Sports Watch, Multiple Styles/Colors",CRT-WAT-00466,11999,5,147,4.3,404,696,https://m.media-amazon.com/images/I/61MlgcgRjRL._AC_UL320_.jpg,"Authentic Watches product. Built with high-grade components, tested for peak durability, and backed by a 1-year manufacturer warranty. Complete with original accessories and certified packaging."
prod_000467,10,sel_0011,Mens Gentleman Stainless Steel Dress Watch,CRT-WAT-00467,42999,0,124,4.7,59,760,https://m.media-amazon.com/images/I/71LTWJyxejL._AC_UL320_.jpg,"Authentic Watches product. Built with high-grade components, tested for peak durability, and backed by a 1-year manufacturer warranty. Complete with original accessories and certified packaging."
prod_000468,10,sel_0025,"Apple Watch SE (GPS + Cellular, 44mm) - Space Gray Aluminum Case with Black Sport Band (Renewed)",CRT-WAT-00468,13999,0,102,4.4,360,441,https://m.media-amazon.com/images/I/71Cgm+01-PL._AC_UL320_.jpg,"Authentic Watches product. Built with high-grade components, tested for peak durability, and backed by a 1-year manufacturer warranty. Complete with original accessories and certified packaging."
prod_000469,10,sel_0026,Men's W800H-1AV Classic Sport Watch with Black Band,CRT-WAT-00469,1799,5,42,4.6,275,1112,https://m.media-amazon.com/images/I/6159sqOpeSL._AC_UL320_.jpg,"Authentic Watches product. Built with high-grade components, tested for peak durability, and backed by a 1-year manufacturer warranty. Complete with original accessories and certified packaging."
prod_000470,10,sel_0026,Casio Men's 'G-Shock' Quartz Resin Sport Watch,CRT-WAT-00470,3999,0,71,4.7,115,1182,https://m.media-amazon.com/images/I/71TcLCV6C1L._AC_UL320_.jpg,"Authentic Watches product. Built with high-grade components, tested for peak durability, and backed by a 1-year manufacturer warranty. Complete with original accessories and certified packaging."
prod_000471,10,sel_0029,"Men's 3-Hand Calendar Date Quartz Watch, Patterned Dial, 38mm",CRT-WAT-00471,9999,30,108,4.6,389,1290,https://m.media-amazon.com/images/I/712M1W2Q9AL._AC_UL320_.jpg,"Authentic Watches product. Built with high-grade components, tested for peak durability, and backed by a 1-year manufacturer warranty. Complete with original accessories and certified packaging."
prod_000472,10,sel_0050,AX Armani Exchange Men's Chronograph Silver-Tone Stainless Steel Bracelet Watch (Model: AX2509),CRT-WAT-00472,7999,10,131,4.6,431,591,https://m.media-amazon.com/images/I/9110LgIlYwL._AC_UL320_.jpg,"Authentic Watches product. Built with high-grade components, tested for peak durability, and backed by a 1-year manufacturer warranty. Complete with original accessories and certified packaging."
prod_000473,10,sel_0030,"SSK001 5 Sports Men's Watch Silver-Tone 42.5mm Stainless Steel, Black",CRT-WAT-00473,28999,30,31,4.6,393,1160,https://m.media-amazon.com/images/I/71YDpkPQk5L._AC_UL320_.jpg,"Authentic Watches product. Built with high-grade components, tested for peak durability, and backed by a 1-year manufacturer warranty. Complete with original accessories and certified packaging."
prod_000474,10,sel_0025,Men's Vintage CA-53W-1CR Calculator Watch,CRT-WAT-00474,1799,20,34,4.7,355,1410,https://m.media-amazon.com/images/I/71pii4nJGML._AC_UL320_.jpg,"Authentic Watches product. Built with high-grade components, tested for peak durability, and backed by a 1-year manufacturer warranty. Complete with original accessories and certified packaging."
prod_000475,10,sel_0040,Collection Unisex Adults Watch A168WA,CRT-WAT-00475,1699,5,82,4.7,43,713,https://m.media-amazon.com/images/I/51uKrKzx5fL._AC_UL320_.jpg,"Authentic Watches product. Built with high-grade components, tested for peak durability, and backed by a 1-year manufacturer warranty. Complete with original accessories and certified packaging."
prod_000476,10,sel_0028,Unisex F-108WH-1ACF Big Square Digital Display Quartz Black Watch,CRT-WAT-00476,1399,5,76,4.6,93,755,https://m.media-amazon.com/images/I/510T962DtNL._AC_UL320_.jpg,"Authentic Watches product. Built with high-grade components, tested for peak durability, and backed by a 1-year manufacturer warranty. Complete with original accessories and certified packaging."
prod_000477,10,sel_0006,Men's Pro Diver Collection Coin-Edge Automatic Watch,CRT-WAT-00477,7249,30,63,4.5,438,783,https://m.media-amazon.com/images/I/51ChCHnhQ2L._AC_UL320_.jpg,"Authentic Watches product. Built with high-grade components, tested for peak durability, and backed by a 1-year manufacturer warranty. Complete with original accessories and certified packaging."
prod_000478,10,sel_0057,Prospex Alpinist Limited Model SBDC091 Made in Japan,CRT-WAT-00478,51999,30,16,4.5,340,1009,https://m.media-amazon.com/images/I/61T0I5+UZaL._AC_UL320_.jpg,"Authentic Watches product. Built with high-grade components, tested for peak durability, and backed by a 1-year manufacturer warranty. Complete with original accessories and certified packaging."
prod_000479,10,sel_0037,Men’s Stainless Steel Pro Diver Quartz Watch,CRT-WAT-00479,2999,0,122,4.5,206,265,https://m.media-amazon.com/images/I/71rIXVoIikL._AC_UL320_.jpg,"Authentic Watches product. Built with high-grade components, tested for peak durability, and backed by a 1-year manufacturer warranty. Complete with original accessories and certified packaging."
prod_000480,10,sel_0042,"Men's Classic Sutton 3-Hand 21-Jewel Automatic Watch, 42 Hour Power Reserve, Skeleton Dial, Luminous Hands, 100M Water Resistant, 43mm",CRT-WAT-00480,21999,25,124,4.7,252,1272,https://m.media-amazon.com/images/I/8175itzcKNL._AC_UL320_.jpg,"Authentic Watches product. Built with high-grade components, tested for peak durability, and backed by a 1-year manufacturer warranty. Complete with original accessories and certified packaging."
prod_000481,10,sel_0004,"Minimalist Men's Watch with Leather or Stainless Steel Band, Chronograph or Analog Watch Display with Slim Case Design",CRT-WAT-00481,5999,0,99,4.5,361,166,https://m.media-amazon.com/images/I/71isjKyMVOL._AC_UL320_.jpg,"Authentic Watches product. Built with high-grade components, tested for peak durability, and backed by a 1-year manufacturer warranty. Complete with original accessories and certified packaging."
prod_000482,10,sel_0018,Men's GW-9400-1CR Master of G Stainless Steel Solar Watch,CRT-WAT-00482,16999,20,116,4.8,203,1283,https://m.media-amazon.com/images/I/91hUphuFi3L._AC_UL320_.jpg,"Authentic Watches product. Built with high-grade components, tested for peak durability, and backed by a 1-year manufacturer warranty. Complete with original accessories and certified packaging."
prod_000483,10,sel_0033,Essentials Watch for Men - Essentials Collection - Water Resistant with Stainless Steel Rectangular Case and Leather Strap,CRT-WAT-00483,11999,25,54,4.7,290,989,https://m.media-amazon.com/images/I/61C3WwC+kPL._AC_UL320_.jpg,"Authentic Watches product. Built with high-grade components, tested for peak durability, and backed by a 1-year manufacturer warranty. Complete with original accessories and certified packaging."
prod_000484,10,sel_0020,Men's Aviator Analog Display Japanese Quartz Watch,CRT-WAT-00484,4749,15,137,4.6,151,290,https://m.media-amazon.com/images/I/81E29qhQrDL._AC_UL320_.jpg,"Authentic Watches product. Built with high-grade components, tested for peak durability, and backed by a 1-year manufacturer warranty. Complete with original accessories and certified packaging."
prod_000485,10,sel_0024,"Gen 6 44mm Touchscreen Smart Watch for Men with Alexa Built-In, Fitness Tracker, Activity Tracker, Sleep Tracker, GPS, Speaker, Music...",CRT-WAT-00485,15999,25,17,4.1,417,129,https://m.media-amazon.com/images/I/71Gtzq2yqnL._AC_UL320_.jpg,"Authentic Watches product. Built with high-grade components, tested for peak durability, and backed by a 1-year manufacturer warranty. Complete with original accessories and certified packaging."
prod_000486,10,sel_0059,"SRPB77 Watch for Men - Presage Collection - Stainless Steel Case and Bracelet, White Dial",CRT-WAT-00486,28999,10,83,4.4,225,1225,https://m.media-amazon.com/images/I/61cbqqk8kmL._AC_UL320_.jpg,"Authentic Watches product. Built with high-grade components, tested for peak durability, and backed by a 1-year manufacturer warranty. Complete with original accessories and certified packaging."
prod_000487,10,sel_0023,Men's Pro Diver Stainless Steel Quartz Watch,CRT-WAT-00487,6499,5,68,4.7,280,1041,https://m.media-amazon.com/images/I/81La7n76pxL._AC_UL320_.jpg,"Authentic Watches product. Built with high-grade components, tested for peak durability, and backed by a 1-year manufacturer warranty. Complete with original accessories and certified packaging."
prod_000488,10,sel_0047,Men's Easy to Read Strap Watch,CRT-WAT-00488,1599,10,134,4.4,300,434,https://m.media-amazon.com/images/I/81SkKZjDDyL._AC_UL320_.jpg,"Authentic Watches product. Built with high-grade components, tested for peak durability, and backed by a 1-year manufacturer warranty. Complete with original accessories and certified packaging."
prod_000489,10,sel_0043,Men's Easy Reader Date Leather Strap Watch,CRT-WAT-00489,2749,20,49,4.5,150,422,https://m.media-amazon.com/images/I/71S-CCwawqL._AC_UL320_.jpg,"Authentic Watches product. Built with high-grade components, tested for peak durability, and backed by a 1-year manufacturer warranty. Complete with original accessories and certified packaging."
prod_000490,10,sel_0024,Unisex Weekender 38mm Watch,CRT-WAT-00490,2749,0,132,4.6,270,1424,https://m.media-amazon.com/images/I/81Pnn76U1kL._AC_UL320_.jpg,"Authentic Watches product. Built with high-grade components, tested for peak durability, and backed by a 1-year manufacturer warranty. Complete with original accessories and certified packaging."
prod_000491,10,sel_0048,Men's SGW-100-2BCF Twin Sensor Digital Display Quartz Black Watch,CRT-WAT-00491,3749,10,82,4.4,73,903,https://m.media-amazon.com/images/I/61STvDHvmXL._AC_UL320_.jpg,"Authentic Watches product. Built with high-grade components, tested for peak durability, and backed by a 1-year manufacturer warranty. Complete with original accessories and certified packaging."
prod_000492,10,sel_0048,"Lexington Men's Watch, Stainless Steel Bracelet Watch for Men",CRT-WAT-00492,8249,15,137,4.7,164,1259,https://m.media-amazon.com/images/I/615TwAMB9xL._AC_UL320_.jpg,"Authentic Watches product. Built with high-grade components, tested for peak durability, and backed by a 1-year manufacturer warranty. Complete with original accessories and certified packaging."
prod_000493,10,sel_0031,Men's SSC813 Prospex Solar Chronograph Watch,CRT-WAT-00493,41999,25,116,4.5,166,1233,https://m.media-amazon.com/images/I/51S39eU4p0L._AC_UL320_.jpg,"Authentic Watches product. Built with high-grade components, tested for peak durability, and backed by a 1-year manufacturer warranty. Complete with original accessories and certified packaging."
prod_000494,10,sel_0028,Men's Pro Diver Collection Chronograph Watch,CRT-WAT-00494,6249,5,99,4.6,436,155,https://m.media-amazon.com/images/I/71XuxT+R-EL._AC_UL320_.jpg,"Authentic Watches product. Built with high-grade components, tested for peak durability, and backed by a 1-year manufacturer warranty. Complete with original accessories and certified packaging."
prod_000495,10,sel_0031,GA-700UC,CRT-WAT-00495,7499,15,67,4.6,426,1048,https://m.media-amazon.com/images/I/81VqDjBI3jL._AC_UL320_.jpg,"Authentic Watches product. Built with high-grade components, tested for peak durability, and backed by a 1-year manufacturer warranty. Complete with original accessories and certified packaging."
prod_000496,10,sel_0014,"Apple Watch Series 6 (GPS + Cellular, 40mm) - Silver Aluminum Case with White Sport Band (Renewed)",CRT-WAT-00496,17999,5,112,4.1,38,28,https://m.media-amazon.com/images/I/61nZQ+fv1qL._AC_UL320_.jpg,"Authentic Watches product. Built with high-grade components, tested for peak durability, and backed by a 1-year manufacturer warranty. Complete with original accessories and certified packaging."
prod_000497,10,sel_0045,"Dress Watch (Model: T1374071104100), Grey",CRT-WAT-00497,50999,20,101,4.6,134,1002,https://m.media-amazon.com/images/I/71y5v4zigeL._AC_UL320_.jpg,"Authentic Watches product. Built with high-grade components, tested for peak durability, and backed by a 1-year manufacturer warranty. Complete with original accessories and certified packaging."
prod_000498,10,sel_0041,"Men's Archive Series Lunar Pilot 6-Hand Chronograph High Performance Quartz Stainless Steel and Black Nylon Strap Watch Set, Sapphire...",CRT-WAT-00498,34999,10,76,4.7,391,224,https://m.media-amazon.com/images/I/610-5jwatRL._AC_UL320_.jpg,"Authentic Watches product. Built with high-grade components, tested for peak durability, and backed by a 1-year manufacturer warranty. Complete with original accessories and certified packaging."
prod_000499,10,sel_0041,Pro Trek Tough Solar Men's Ana-Digital Triple Sensor Multi-Band 6 Atomic World Time Keeping Watch,CRT-WAT-00499,22999,30,108,4.5,29,824,https://m.media-amazon.com/images/I/8159-QjlmcL._AC_UL320_.jpg,"Authentic Watches product. Built with high-grade components, tested for peak durability, and backed by a 1-year manufacturer warranty. Complete with original accessories and certified packaging."
prod_000500,10,sel_0059,Men's FT-500WC-5BVCF Forester Sport Watch,CRT-WAT-00500,2499,0,46,4.5,144,413,https://m.media-amazon.com/images/I/91AgG0TMbDL._AC_UL320_.jpg,"Authentic Watches product. Built with high-grade components, tested for peak durability, and backed by a 1-year manufacturer warranty. Complete with original accessories and certified packaging."
prod_000501,11,sel_0048,Compton City Old English Embroidered Flatbill Snapback Baseball Cap,CRT-JEW-00501,1999,0,89,4.7,406,140,https://m.media-amazon.com/images/I/61gGXAlLx9L._AC_UL320_.jpg,"Authentic Jewelry & Accessories product. Built with high-grade components, tested for peak durability, and backed by a 1-year manufacturer warranty. Complete with original accessories and certified packaging."
prod_000502,11,sel_0003,Optic Malcolm Sunglasses,CRT-JEW-00502,10999,15,132,4.3,390,1344,https://m.media-amazon.com/images/I/61LG7jK3AIL._AC_UL320_.jpg,"Authentic Jewelry & Accessories product. Built with high-grade components, tested for peak durability, and backed by a 1-year manufacturer warranty. Complete with original accessories and certified packaging."
prod_000503,11,sel_0037,2 Pairs Thickened Cashmere Warm Half Finger Gloves Winter Knitted Fingerless Gloves for Men and Women,CRT-JEW-00503,799,15,11,4.4,82,916,https://m.media-amazon.com/images/I/81Pz174MmrL._AC_UL320_.jpg,"Authentic Jewelry & Accessories product. Built with high-grade components, tested for peak durability, and backed by a 1-year manufacturer warranty. Complete with original accessories and certified packaging."
prod_000504,11,sel_0013,"Big Bang Lite Street Smart Headband, One Size,White",CRT-JEW-00504,1199,5,36,4.6,33,405,https://m.media-amazon.com/images/I/81+IlZ-x3bL._AC_UL320_.jpg,"Authentic Jewelry & Accessories product. Built with high-grade components, tested for peak durability, and backed by a 1-year manufacturer warranty. Complete with original accessories and certified packaging."
prod_000505,11,sel_0038,"Minnie Mouse Kids Sunglasses for Girls, Toddler Sunglasses with Kids Glasses Case",CRT-JEW-00505,1699,15,109,4.8,370,107,https://m.media-amazon.com/images/I/91seD597pnL._AC_UL320_.jpg,"Authentic Jewelry & Accessories product. Built with high-grade components, tested for peak durability, and backed by a 1-year manufacturer warranty. Complete with original accessories and certified packaging."
prod_000506,11,sel_0018,Men's Perforamce Lite Patch Hat,CRT-JEW-00506,2499,20,72,4.5,370,387,https://m.media-amazon.com/images/I/417Dg0+rmcL._AC_UL320_.jpg,"Authentic Jewelry & Accessories product. Built with high-grade components, tested for peak durability, and backed by a 1-year manufacturer warranty. Complete with original accessories and certified packaging."
prod_000507,11,sel_0022,Belt Men Leather Black Set with Wallet Keychain Ballpoint Pen Sunglasses Watch Set for Men Birthday Gifts for Him Boyfriend Husband Dad,CRT-JEW-00507,3249,30,61,3.9,238,910,https://m.media-amazon.com/images/I/61-VkSaJIiL._AC_UL320_.jpg,"Authentic Jewelry & Accessories product. Built with high-grade components, tested for peak durability, and backed by a 1-year manufacturer warranty. Complete with original accessories and certified packaging."
prod_000508,11,sel_0058,"Men's Casual Double Perf Belt, Available in Multiple Styles, Colors & Sizes",CRT-JEW-00508,2999,20,117,4.1,380,389,https://m.media-amazon.com/images/I/81Qzm8BB8KL._AC_UL320_.jpg,"Authentic Jewelry & Accessories product. Built with high-grade components, tested for peak durability, and backed by a 1-year manufacturer warranty. Complete with original accessories and certified packaging."
prod_000509,11,sel_0023,Men's Oo9420 Anorak Square Sunglasses,CRT-JEW-00509,8249,20,39,4.4,346,923,https://m.media-amazon.com/images/I/51dUZBJkTCL._AC_UL320_.jpg,"Authentic Jewelry & Accessories product. Built with high-grade components, tested for peak durability, and backed by a 1-year manufacturer warranty. Complete with original accessories and certified packaging."
prod_000510,11,sel_0053,Spider-Man - Marvel Comics - Soft Touch Bag Clip,CRT-JEW-00510,399,0,49,4.6,212,1398,https://m.media-amazon.com/images/I/61yXj-lV8xL._AC_UL320_.jpg,"Authentic Jewelry & Accessories product. Built with high-grade components, tested for peak durability, and backed by a 1-year manufacturer warranty. Complete with original accessories and certified packaging."
prod_000511,11,sel_0021,Vintage Native American Western Cowboy Blue Natural Turquoise Stone Bolo Tie Genunie Leather Bola Tie Necktie for Men,CRT-JEW-00511,1099,15,147,4.6,68,512,https://m.media-amazon.com/images/I/61LDLdEbmEL._AC_UL320_.jpg,"Authentic Jewelry & Accessories product. Built with high-grade components, tested for peak durability, and backed by a 1-year manufacturer warranty. Complete with original accessories and certified packaging."
prod_000512,11,sel_0006,"Mens Braces, Mens Suspenders with Strong Metal Clips, 3.5cm Wide Heavy Duty Suspenders, Adjustable Elastic Suspenders",CRT-JEW-00512,599,15,137,4.3,199,1322,https://m.media-amazon.com/images/I/71tV0R4bXqL._AC_UL320_.jpg,"Authentic Jewelry & Accessories product. Built with high-grade components, tested for peak durability, and backed by a 1-year manufacturer warranty. Complete with original accessories and certified packaging."
prod_000513,11,sel_0040,3 Pack Unisex Cotton Baseball Cap Adjustable Unconstructed Plain Sport Dad Golf Hat for Men and Women,CRT-JEW-00513,1599,10,83,4.4,145,149,https://m.media-amazon.com/images/I/715p7odWSdL._AC_UL320_.jpg,"Authentic Jewelry & Accessories product. Built with high-grade components, tested for peak durability, and backed by a 1-year manufacturer warranty. Complete with original accessories and certified packaging."
prod_000514,11,sel_0033,"Men's Heather Mesh Back Shadow Cap, Gray, One Size",CRT-JEW-00514,2749,25,91,4.7,249,830,https://m.media-amazon.com/images/I/91HKaT2HmbL._AC_UL320_.jpg,"Authentic Jewelry & Accessories product. Built with high-grade components, tested for peak durability, and backed by a 1-year manufacturer warranty. Complete with original accessories and certified packaging."
prod_000515,11,sel_0044,Oo9245 Frogskins Low Bridge Fit Square Sunglasses,CRT-JEW-00515,11999,5,70,4.4,303,1229,https://m.media-amazon.com/images/I/51KTOIG2nTL._AC_UL320_.jpg,"Authentic Jewelry & Accessories product. Built with high-grade components, tested for peak durability, and backed by a 1-year manufacturer warranty. Complete with original accessories and certified packaging."
prod_000516,11,sel_0051,Trucker Hat - Elk Hat Edition,CRT-JEW-00516,2749,30,134,4.7,224,639,https://m.media-amazon.com/images/I/81zFAtd55hL._AC_UL320_.jpg,"Authentic Jewelry & Accessories product. Built with high-grade components, tested for peak durability, and backed by a 1-year manufacturer warranty. Complete with original accessories and certified packaging."
prod_000517,11,sel_0033,"Tactical Belt, 2 Pack Military Hiking Rigger 1.5"" Nylon Web Work Belt with Heavy Duty Quick Release Buckle",CRT-JEW-00517,2749,0,46,4.6,131,335,https://m.media-amazon.com/images/I/713IS2nn41S._AC_UL320_.jpg,"Authentic Jewelry & Accessories product. Built with high-grade components, tested for peak durability, and backed by a 1-year manufacturer warranty. Complete with original accessories and certified packaging."
prod_000518,11,sel_0037,"TALONITE 2 Pack Heavy Duty Retractable Keychain with Belt Clip, 360° Heavy Duty Retractable Key Ring Stealth Keychain Extender",CRT-JEW-00518,1599,25,126,3.8,346,844,https://m.media-amazon.com/images/I/81D-stGcHML._AC_UL320_.jpg,"Authentic Jewelry & Accessories product. Built with high-grade components, tested for peak durability, and backed by a 1-year manufacturer warranty. Complete with original accessories and certified packaging."
prod_000519,11,sel_0038,"for man ft5295-020, Designer Eyeglasses Caliber 56, Matte Grey Front, Havana Temples, 56/17/145",CRT-JEW-00519,16999,30,31,4.3,413,279,https://m.media-amazon.com/images/I/61nsdMzZadL._AC_UL320_.jpg,"Authentic Jewelry & Accessories product. Built with high-grade components, tested for peak durability, and backed by a 1-year manufacturer warranty. Complete with original accessories and certified packaging."
prod_000520,11,sel_0011,"Enwokran Men Quick Dry Sport Baseball Cap, Athletic Fitted Cap Mesh Adjustable Plain Hat Running Trucker Hat for Women",CRT-JEW-00520,1099,10,21,4.2,36,584,https://m.media-amazon.com/images/I/61bua8OLNFL._AC_UL320_.jpg,"Authentic Jewelry & Accessories product. Built with high-grade components, tested for peak durability, and backed by a 1-year manufacturer warranty. Complete with original accessories and certified packaging."
prod_000521,11,sel_0020,"Men’s Logan Fedora – UPF 50+ Sun Protection, Wide Brim, Packable, Chin Strap and Adjustable Sizing",CRT-JEW-00521,4249,25,122,4.4,101,1288,https://m.media-amazon.com/images/I/81lqr++w6SL._AC_UL320_.jpg,"Authentic Jewelry & Accessories product. Built with high-grade components, tested for peak durability, and backed by a 1-year manufacturer warranty. Complete with original accessories and certified packaging."
prod_000522,11,sel_0009,50th Birthday Gifts for Men Women 1973 Hats Vintage 1973 Baseball Cap for 50 Year Old Woman Mens Gifts for Christmas,CRT-JEW-00522,1599,10,145,4.8,183,384,https://m.media-amazon.com/images/I/81zYj3IFVnL._AC_UL320_.jpg,"Authentic Jewelry & Accessories product. Built with high-grade components, tested for peak durability, and backed by a 1-year manufacturer warranty. Complete with original accessories and certified packaging."
prod_000523,11,sel_0023,PO3269S Square Sunglasses,CRT-JEW-00523,29999,10,37,4.4,182,493,https://m.media-amazon.com/images/I/41g9tH50MEL._AC_UL320_.jpg,"Authentic Jewelry & Accessories product. Built with high-grade components, tested for peak durability, and backed by a 1-year manufacturer warranty. Complete with original accessories and certified packaging."
prod_000524,11,sel_0058,"2 Pack CLASSIC LOCS Black Sunglasses | Mens Gangster Rectangular Cholo Lowrider Shades, 91055 + 91070",CRT-JEW-00524,1099,15,13,4.4,303,971,https://m.media-amazon.com/images/I/51WFzQmpamL._AC_UL320_.jpg,"Authentic Jewelry & Accessories product. Built with high-grade components, tested for peak durability, and backed by a 1-year manufacturer warranty. Complete with original accessories and certified packaging."
prod_000525,11,sel_0036,"Men's Leather Magnetic Money Clip Slim Wallet, Holds Up to 12 Cards, Black",CRT-JEW-00525,1299,25,134,4.3,33,85,https://m.media-amazon.com/images/I/71BXvD6ZHuL._AC_UL320_.jpg,"Authentic Jewelry & Accessories product. Built with high-grade components, tested for peak durability, and backed by a 1-year manufacturer warranty. Complete with original accessories and certified packaging."
prod_000526,11,sel_0060,Men Classic Knit Winter Scarf Warm Double layer,CRT-JEW-00526,799,25,123,4.4,128,1037,https://m.media-amazon.com/images/I/81tbEpnkMwL._AC_UL320_.jpg,"Authentic Jewelry & Accessories product. Built with high-grade components, tested for peak durability, and backed by a 1-year manufacturer warranty. Complete with original accessories and certified packaging."
prod_000527,11,sel_0011,Men's Brown Snapback Shield Logo Cap,CRT-JEW-00527,2249,15,118,4.4,400,629,https://m.media-amazon.com/images/I/61+UBgTyV7L._AC_UL320_.jpg,"Authentic Jewelry & Accessories product. Built with high-grade components, tested for peak durability, and backed by a 1-year manufacturer warranty. Complete with original accessories and certified packaging."
prod_000528,11,sel_0036,"Adult Cooling Baseball Hat – Moisture Wicking, Lightweight, Adjustable, Performance Ball Cap for Running & Golf",CRT-JEW-00528,1599,10,51,4.2,219,702,https://m.media-amazon.com/images/I/919acHyUJCL._AC_UL320_.jpg,"Authentic Jewelry & Accessories product. Built with high-grade components, tested for peak durability, and backed by a 1-year manufacturer warranty. Complete with original accessories and certified packaging."
prod_000529,11,sel_0056,"Plain Baseball Cap, Men Adjustable Structured PU Classic Baseball Cap Hat，Winter for Elderly Father",CRT-JEW-00529,1499,30,114,4.4,110,834,https://m.media-amazon.com/images/I/61MWIXJlkhL._AC_UL320_.jpg,"Authentic Jewelry & Accessories product. Built with high-grade components, tested for peak durability, and backed by a 1-year manufacturer warranty. Complete with original accessories and certified packaging."
prod_000530,11,sel_0009,"Pocket Square Holder, LADIZIO Pocket Squares for Men, Accessories for Men’s Square Scarf, Suits, 1/2/3/5/8 Pack Assorted",CRT-JEW-00530,399,5,12,4.4,294,1083,https://m.media-amazon.com/images/I/71z4rNylJ4L._AC_UL320_.jpg,"Authentic Jewelry & Accessories product. Built with high-grade components, tested for peak durability, and backed by a 1-year manufacturer warranty. Complete with original accessories and certified packaging."
prod_000531,11,sel_0053,Sun Blocker Hats Outdoor Sun Protection Fishing Cap with Neck Flap Large Brim Outdoor Hat,CRT-JEW-00531,1599,10,15,4.6,268,152,https://m.media-amazon.com/images/I/519jxJsietL._AC_UL320_.jpg,"Authentic Jewelry & Accessories product. Built with high-grade components, tested for peak durability, and backed by a 1-year manufacturer warranty. Complete with original accessories and certified packaging."
prod_000532,11,sel_0035,FT 5735-B BLUE BLOCK Shiny Black/Blue Filter 54/17/145 men Eyewear Frame,CRT-JEW-00532,11999,15,95,5,403,58,https://m.media-amazon.com/images/I/51S1zRgvdCS._AC_UL320_.jpg,"Authentic Jewelry & Accessories product. Built with high-grade components, tested for peak durability, and backed by a 1-year manufacturer warranty. Complete with original accessories and certified packaging."
prod_000533,11,sel_0014,Real Leather Slim Minimalist Wallet for Men and Women -RFID Blocking Front Pocket Thin Credit Card Holder Stylish Wallets,CRT-JEW-00533,799,25,22,4.5,318,962,https://m.media-amazon.com/images/I/914g70ZKcnL._AC_UL320_.jpg,"Authentic Jewelry & Accessories product. Built with high-grade components, tested for peak durability, and backed by a 1-year manufacturer warranty. Complete with original accessories and certified packaging."
prod_000534,11,sel_0014,"Unisex Sunglasses Shiny Black Frame, Polarized Dark Grey Lenses, 58MM",CRT-JEW-00534,3249,25,37,4.6,142,210,https://m.media-amazon.com/images/I/41ZxI2zsoDL._AC_UL320_.jpg,"Authentic Jewelry & Accessories product. Built with high-grade components, tested for peak durability, and backed by a 1-year manufacturer warranty. Complete with original accessories and certified packaging."
prod_000535,11,sel_0038,80s Neon Party Sunglasses for Adult Party Favors with CPSIA certified-Lead(Pb) Content Free,CRT-JEW-00535,899,15,110,4.6,235,1005,https://m.media-amazon.com/images/I/81JQ7uXmjjL._AC_UL320_.jpg,"Authentic Jewelry & Accessories product. Built with high-grade components, tested for peak durability, and backed by a 1-year manufacturer warranty. Complete with original accessories and certified packaging."
prod_000536,11,sel_0022,Men Sports Polarized Sunglasses Male Sport Fishing Shades Flexible Frame Sunglasses,CRT-JEW-00536,1699,0,111,4.3,415,596,https://m.media-amazon.com/images/I/51-ZA3UPhnL._AC_UL320_.jpg,"Authentic Jewelry & Accessories product. Built with high-grade components, tested for peak durability, and backed by a 1-year manufacturer warranty. Complete with original accessories and certified packaging."
prod_000537,11,sel_0024,Men's Amped Up Hat,CRT-JEW-00537,2749,0,36,4.5,397,908,https://m.media-amazon.com/images/I/612be4wXoQL._AC_UL320_.jpg,"Authentic Jewelry & Accessories product. Built with high-grade components, tested for peak durability, and backed by a 1-year manufacturer warranty. Complete with original accessories and certified packaging."
prod_000538,11,sel_0029,"3 Pack Wristband, Lightweight Wallet Wristband for Running, Hiking, Workout, RFID Zipper Pouch for Cash, Cards and Small Essentials...",CRT-JEW-00538,1499,20,37,4.1,447,1179,https://m.media-amazon.com/images/I/81cippn3KWL._AC_UL320_.jpg,"Authentic Jewelry & Accessories product. Built with high-grade components, tested for peak durability, and backed by a 1-year manufacturer warranty. Complete with original accessories and certified packaging."
prod_000539,11,sel_0025,U.S. Mail Standing Eagle USPS Beanie (Gray),CRT-JEW-00539,1699,30,143,4.8,344,450,https://m.media-amazon.com/images/I/91ry+XacCrL._AC_UL320_.jpg,"Authentic Jewelry & Accessories product. Built with high-grade components, tested for peak durability, and backed by a 1-year manufacturer warranty. Complete with original accessories and certified packaging."
prod_000540,11,sel_0016,"Trucker Hat May Contain Whiskey for Men Adjustable One Size Fits Most Mesh Cap Grey, Black",CRT-JEW-00540,1999,25,37,4.7,372,1445,https://m.media-amazon.com/images/I/81YGO1PVB0L._AC_UL320_.jpg,"Authentic Jewelry & Accessories product. Built with high-grade components, tested for peak durability, and backed by a 1-year manufacturer warranty. Complete with original accessories and certified packaging."
prod_000541,11,sel_0025,Eyewear BP-13 Polarized BiFocal Sunglasses UV Protection Sunglass Readers,CRT-JEW-00541,4999,30,19,4,115,671,https://m.media-amazon.com/images/I/5158cO25kNL._AC_UL320_.jpg,"Authentic Jewelry & Accessories product. Built with high-grade components, tested for peak durability, and backed by a 1-year manufacturer warranty. Complete with original accessories and certified packaging."
prod_000542,11,sel_0035,U.S. Navy Vietnam Veteran Cap with Logo and Ribbons Ball Cap. Made in USA,CRT-JEW-00542,1899,0,88,4.8,447,746,https://m.media-amazon.com/images/I/71bYHcME85L._AC_UL320_.jpg,"Authentic Jewelry & Accessories product. Built with high-grade components, tested for peak durability, and backed by a 1-year manufacturer warranty. Complete with original accessories and certified packaging."
prod_000543,11,sel_0012,"Solid 100% Italian Cashmere Scarf for Men – Ultra-Soft Men’s Winter Scarves, 72-Inches x 12-Inches",CRT-JEW-00543,3999,0,55,4.6,87,620,https://m.media-amazon.com/images/I/61KvsQF+HNS._AC_UL320_.jpg,"Authentic Jewelry & Accessories product. Built with high-grade components, tested for peak durability, and backed by a 1-year manufacturer warranty. Complete with original accessories and certified packaging."
prod_000544,11,sel_0001,Linea Rossa PS 01US DG05S0 Black Plastic Square Sunglasses Grey Lens,CRT-JEW-00544,11999,0,48,4.4,231,1035,https://m.media-amazon.com/images/I/414tRj2ub0L._AC_UL320_.jpg,"Authentic Jewelry & Accessories product. Built with high-grade components, tested for peak durability, and backed by a 1-year manufacturer warranty. Complete with original accessories and certified packaging."
prod_000545,11,sel_0057,12 Pcs Women Pashmina Shawls and Wraps Bulk Cashmere Feel Scarf Warm Soft Large Shawl for Bridal Bridesmaid Wedding Favors,CRT-JEW-00545,3749,5,89,3.5,228,162,https://m.media-amazon.com/images/I/71VHABYMeLL._AC_UL320_.jpg,"Authentic Jewelry & Accessories product. Built with high-grade components, tested for peak durability, and backed by a 1-year manufacturer warranty. Complete with original accessories and certified packaging."
prod_000546,11,sel_0049,AccuMold Elite Double Cuff Case,CRT-JEW-00546,2499,30,77,4.6,171,939,https://m.media-amazon.com/images/I/91RMzK30oqL._AC_UL320_.jpg,"Authentic Jewelry & Accessories product. Built with high-grade components, tested for peak durability, and backed by a 1-year manufacturer warranty. Complete with original accessories and certified packaging."
prod_000547,11,sel_0049,"Credit Card Holder Genuine Leather Bifold Pop up Wallet with Banknote Compartment, ID Window & Coin Pocket",CRT-JEW-00547,2249,25,140,4.2,428,272,https://m.media-amazon.com/images/I/717HARUifAL._AC_UL320_.jpg,"Authentic Jewelry & Accessories product. Built with high-grade components, tested for peak durability, and backed by a 1-year manufacturer warranty. Complete with original accessories and certified packaging."
prod_000548,11,sel_0046,"Breathable Neck Gaiter Face Scarf Mask for Men and Women Hiking, Cycling, Sports, Fishing, Sun UV Protection",CRT-JEW-00548,999,25,143,4.3,218,61,https://m.media-amazon.com/images/I/812KEX-iYyL._AC_UL320_.jpg,"Authentic Jewelry & Accessories product. Built with high-grade components, tested for peak durability, and backed by a 1-year manufacturer warranty. Complete with original accessories and certified packaging."
prod_000549,11,sel_0019,Men's Classic Small Billfold Wallet,CRT-JEW-00549,3249,10,98,4.9,359,669,https://m.media-amazon.com/images/I/81Uo-GWfWOL._AC_UL320_.jpg,"Authentic Jewelry & Accessories product. Built with high-grade components, tested for peak durability, and backed by a 1-year manufacturer warranty. Complete with original accessories and certified packaging."
prod_000550,11,sel_0033,Men's Front Bullriders Retro Logo Rope Solid-Back Ball Cap Red One Size,CRT-JEW-00550,2999,20,30,3.5,59,273,https://m.media-amazon.com/images/I/51jblxyX1VL._AC_UL320_.jpg,"Authentic Jewelry & Accessories product. Built with high-grade components, tested for peak durability, and backed by a 1-year manufacturer warranty. Complete with original accessories and certified packaging."
prod_000551,12,sel_0004,"Pagosa Indestructible Hardshell Expandable Spinner Luggage, Navy, 2 Piece Set",CRT-LUG-00551,11999,10,106,4.5,2834,1163,https://m.media-amazon.com/images/I/61A41tWutOL._AC_UL320_.jpg,"Authentic Backpacks & Luggage product. Built with high-grade components, tested for peak durability, and backed by a 1-year manufacturer warranty. Complete with original accessories and certified packaging."
prod_000552,12,sel_0033,"Luggage Sets,3 Piece Suitcase Set Carry On Luggage with Spinner Wheels,Hardside PP Durable Luggage with TSA Lock",CRT-LUG-00552,13999,5,91,4.4,20,1325,https://m.media-amazon.com/images/I/91lQ7I1ht2L._AC_UL320_.jpg,"Authentic Backpacks & Luggage product. Built with high-grade components, tested for peak durability, and backed by a 1-year manufacturer warranty. Complete with original accessories and certified packaging."
prod_000553,12,sel_0051,"Luggage PC+ABS Durable Expandable Hardside Suitcase with Double Spinner Wheels TSA Lock 28-Inch, Wine Red",CRT-LUG-00553,10999,25,86,4.6,467,923,https://m.media-amazon.com/images/I/81LuGcUJzDL._AC_UL320_.jpg,"Authentic Backpacks & Luggage product. Built with high-grade components, tested for peak durability, and backed by a 1-year manufacturer warranty. Complete with original accessories and certified packaging."
prod_000554,12,sel_0014,"Checked Luggage 24 inch,Medium Luggage with 8 Spinner Wheels,PC Lightweight Hardside Luggage,Travel Suitcase with Bread Design,TSA...",CRT-LUG-00554,12999,0,120,4.5,222,1302,https://m.media-amazon.com/images/I/81g0-QtoOPL._AC_UL320_.jpg,"Authentic Backpacks & Luggage product. Built with high-grade components, tested for peak durability, and backed by a 1-year manufacturer warranty. Complete with original accessories and certified packaging."
prod_000555,12,sel_0036,"Freeform Hardside Expandable with Double Spinner Wheels, Carry-On 21-Inch, Black",CRT-LUG-00555,11999,25,139,4.6,10643,384,https://m.media-amazon.com/images/I/81UKNDaQDkL._AC_UL320_.jpg,"Authentic Backpacks & Luggage product. Built with high-grade components, tested for peak durability, and backed by a 1-year manufacturer warranty. Complete with original accessories and certified packaging."
prod_000556,12,sel_0013,"Expandable Midtown Hardside 4-Piece Luggage Travel Set, Rose Gold",CRT-LUG-00556,9249,20,20,4.3,16518,627,https://m.media-amazon.com/images/I/91gc9Hk8BXL._AC_UL320_.jpg,"Authentic Backpacks & Luggage product. Built with high-grade components, tested for peak durability, and backed by a 1-year manufacturer warranty. Complete with original accessories and certified packaging."
prod_000557,12,sel_0023,"Chicago Hardside Expandable Spinner Luggages, Teal, 20"" Carry-On",CRT-LUG-00557,3999,30,24,4.3,27142,176,https://m.media-amazon.com/images/I/91CZAsr2j2L._AC_UL320_.jpg,"Authentic Backpacks & Luggage product. Built with high-grade components, tested for peak durability, and backed by a 1-year manufacturer warranty. Complete with original accessories and certified packaging."
prod_000558,12,sel_0060,"Platinum Elite Softside Expandable Carry on Luggage, 8 Wheel Spinner Suitcase, USB Port, Suiter, Men and Women, True Navy Blue, Carry On...",CRT-LUG-00558,25999,30,87,4.6,3846,210,https://m.media-amazon.com/images/I/71mj99Lhe5L._AC_UL320_.jpg,"Authentic Backpacks & Luggage product. Built with high-grade components, tested for peak durability, and backed by a 1-year manufacturer warranty. Complete with original accessories and certified packaging."
prod_000559,12,sel_0058,Luggage 3 Piece Set Suitcase Spinner Hardshell Lightweight TSA Lock,CRT-LUG-00559,13999,15,21,4.7,25973,677,https://m.media-amazon.com/images/I/818miQalyUL._AC_UL320_.jpg,"Authentic Backpacks & Luggage product. Built with high-grade components, tested for peak durability, and backed by a 1-year manufacturer warranty. Complete with original accessories and certified packaging."
prod_000560,12,sel_0059,"20-Inch Hardside Spinner, Black",CRT-LUG-00560,7249,5,135,4.6,41646,423,https://m.media-amazon.com/images/I/71s7HbyqzEL._AC_UL320_.jpg,"Authentic Backpacks & Luggage product. Built with high-grade components, tested for peak durability, and backed by a 1-year manufacturer warranty. Complete with original accessories and certified packaging."
prod_000561,12,sel_0022,"Maxlite 5 Softside Expandable Luggage with 4 Spinner Wheels, Lightweight Suitcase, Men and Women, Black, Carry-On 21-Inch",CRT-LUG-00561,11999,5,83,4.5,10440,125,https://m.media-amazon.com/images/I/61cJAcczgLL._AC_UL320_.jpg,"Authentic Backpacks & Luggage product. Built with high-grade components, tested for peak durability, and backed by a 1-year manufacturer warranty. Complete with original accessories and certified packaging."
prod_000562,12,sel_0057,"Omni PC Hardside Expandable Luggage with Spinner Wheels, Carry-On 20-Inch, Black",CRT-LUG-00562,9499,0,13,4.5,23914,161,https://m.media-amazon.com/images/I/910p7eZ543L._AC_UL320_.jpg,"Authentic Backpacks & Luggage product. Built with high-grade components, tested for peak durability, and backed by a 1-year manufacturer warranty. Complete with original accessories and certified packaging."
prod_000563,12,sel_0049,"Suitcase Set 3 Piece Carry On Hardside Luggage with TSA Lock Spinner Wheels (White, S(20in))",CRT-LUG-00563,8999,30,129,4.6,1137,728,https://m.media-amazon.com/images/I/61c1IEXomKL._AC_UL320_.jpg,"Authentic Backpacks & Luggage product. Built with high-grade components, tested for peak durability, and backed by a 1-year manufacturer warranty. Complete with original accessories and certified packaging."
prod_000564,12,sel_0033,"Underseat Carry-On Spinner with USB Port, Purple, One Size",CRT-LUG-00564,6999,0,128,4.5,5725,106,https://m.media-amazon.com/images/I/91DjSWseY1L._AC_UL320_.jpg,"Authentic Backpacks & Luggage product. Built with high-grade components, tested for peak durability, and backed by a 1-year manufacturer warranty. Complete with original accessories and certified packaging."
prod_000565,12,sel_0055,"Omni 2 Hardside Expandable Luggage with Spinner Wheels, 3-Piece Set (20/24/28), Nova Teal",CRT-LUG-00565,23999,5,88,4.5,4831,849,https://m.media-amazon.com/images/I/91FzcsuwxvL._AC_UL320_.jpg,"Authentic Backpacks & Luggage product. Built with high-grade components, tested for peak durability, and backed by a 1-year manufacturer warranty. Complete with original accessories and certified packaging."
prod_000566,12,sel_0028,Luggage Sets Clearance ABS Hardshell 3pcs Luggage Hardside Lightweight Durable Suitcase sets Spinner Wheels Suitcase with TSA Lock...,CRT-LUG-00566,14999,5,59,4.4,2679,1246,https://m.media-amazon.com/images/I/71k5k0UcUuL._AC_UL320_.jpg,"Authentic Backpacks & Luggage product. Built with high-grade components, tested for peak durability, and backed by a 1-year manufacturer warranty. Complete with original accessories and certified packaging."
prod_000567,12,sel_0032,"Trunk Spinner Luggage Sets 3 Piece (20/25/29)"" PP Hardside Luggage with Double Spinner Wheels, Lightweight Travel Suitcase Set with TSA...",CRT-LUG-00567,16999,30,137,4.8,8,171,https://m.media-amazon.com/images/I/61CG4zPRJcL._AC_UL320_.jpg,"Authentic Backpacks & Luggage product. Built with high-grade components, tested for peak durability, and backed by a 1-year manufacturer warranty. Complete with original accessories and certified packaging."
prod_000568,12,sel_0020,"Amsterdam Expandable Rolling Upright Luggage, Gray, 8-Piece Set",CRT-LUG-00568,11999,25,109,4.2,19775,522,https://m.media-amazon.com/images/I/81wrm9wLPOL._AC_UL320_.jpg,"Authentic Backpacks & Luggage product. Built with high-grade components, tested for peak durability, and backed by a 1-year manufacturer warranty. Complete with original accessories and certified packaging."
prod_000569,12,sel_0043,"Spinners, Black, 22-inch Baseline Essential Carry-On",CRT-LUG-00569,56999,25,73,4.5,241,1173,https://m.media-amazon.com/images/I/61iQcS61mPL._AC_UL320_.jpg,"Authentic Backpacks & Luggage product. Built with high-grade components, tested for peak durability, and backed by a 1-year manufacturer warranty. Complete with original accessories and certified packaging."
prod_000570,12,sel_0040,"Smart Luggage Cup Holder and USB Port, Navy Blue, 2 Piece Set",CRT-LUG-00570,4499,15,44,4.4,11497,729,https://m.media-amazon.com/images/I/81jVjgG77qL._AC_UL320_.jpg,"Authentic Backpacks & Luggage product. Built with high-grade components, tested for peak durability, and backed by a 1-year manufacturer warranty. Complete with original accessories and certified packaging."
prod_000571,12,sel_0056,"Fashion Softside Upright Luggage Set, Expandable, Black, 2-Piece (14/19)",CRT-LUG-00571,2749,5,90,4.3,63678,97,https://m.media-amazon.com/images/I/71tClMxVY9L._AC_UL320_.jpg,"Authentic Backpacks & Luggage product. Built with high-grade components, tested for peak durability, and backed by a 1-year manufacturer warranty. Complete with original accessories and certified packaging."
prod_000572,12,sel_0037,"Pop Max Softside Luggage with Spinner Wheels, Teal, 3-Piece Set (21/25/29)",CRT-LUG-00572,11999,20,114,4.4,2020,283,https://m.media-amazon.com/images/I/91Cvv6Zya0L._AC_UL320_.jpg,"Authentic Backpacks & Luggage product. Built with high-grade components, tested for peak durability, and backed by a 1-year manufacturer warranty. Complete with original accessories and certified packaging."
prod_000573,12,sel_0013,"Crew Versapack Softside Expandable 8 Spinner Wheel Luggage, USB Port, Men and Women, Jet Black, Carry on 21-Inch",CRT-LUG-00573,18999,10,13,4.7,1306,1362,https://m.media-amazon.com/images/I/71OVgELdvVL._AC_UL320_.jpg,"Authentic Backpacks & Luggage product. Built with high-grade components, tested for peak durability, and backed by a 1-year manufacturer warranty. Complete with original accessories and certified packaging."
prod_000574,12,sel_0009,Expandable Suitcase PC ABS TSA Luggage 3 Piece Set Lock Spinner Carry on (Teal blue),CRT-LUG-00574,15999,10,53,4.7,5718,423,https://m.media-amazon.com/images/I/71hBzO2FSAL._AC_UL320_.jpg,"Authentic Backpacks & Luggage product. Built with high-grade components, tested for peak durability, and backed by a 1-year manufacturer warranty. Complete with original accessories and certified packaging."
prod_000575,12,sel_0038,"Convertible Garment Bag with Shoulder Strap, Modoker Carry on Garment Duffel Bag for Men Women - 2 in 1 Hanging Suitcase Suit Travel Bags",CRT-LUG-00575,3499,5,56,4.5,9224,1070,https://m.media-amazon.com/images/I/71GjScIuwmL._AC_UL320_.jpg,"Authentic Backpacks & Luggage product. Built with high-grade components, tested for peak durability, and backed by a 1-year manufacturer warranty. Complete with original accessories and certified packaging."
prod_000576,12,sel_0040,Suit Carry On Garment Bag for Travel & Business Trips With Shoulder Strap and Rolling Luggage Attachment Point - Black,CRT-LUG-00576,4999,5,146,4.6,9424,1161,https://m.media-amazon.com/images/I/91H6D01Z80L._AC_UL320_.jpg,"Authentic Backpacks & Luggage product. Built with high-grade components, tested for peak durability, and backed by a 1-year manufacturer warranty. Complete with original accessories and certified packaging."
prod_000577,12,sel_0004,"7895 Premium Rolling Garment Bag, Bonus Hanging Feature, Men's and Women's, Carry-on Luggage - Grey Heather",CRT-LUG-00577,15999,30,105,3.9,177,380,https://m.media-amazon.com/images/I/81OXOevW8cL._AC_UL320_.jpg,"Authentic Backpacks & Luggage product. Built with high-grade components, tested for peak durability, and backed by a 1-year manufacturer warranty. Complete with original accessories and certified packaging."
prod_000578,12,sel_0016,"Stratum XLT Expandable Hardside Luggage with Spinner Wheels, Pink Blush, Checked-Large 28-Inch",CRT-LUG-00578,8249,25,81,4.5,6017,1102,https://m.media-amazon.com/images/I/81ghy7hiHKL._AC_UL320_.jpg,"Authentic Backpacks & Luggage product. Built with high-grade components, tested for peak durability, and backed by a 1-year manufacturer warranty. Complete with original accessories and certified packaging."
prod_000579,12,sel_0013,"Simple Houseware 43-Inch Heavy Duty Garment Bag w/Pocket for Dresses, Coats",CRT-LUG-00579,1299,20,119,4.3,21563,728,https://m.media-amazon.com/images/I/91uXk6N49FL._AC_UL320_.jpg,"Authentic Backpacks & Luggage product. Built with high-grade components, tested for peak durability, and backed by a 1-year manufacturer warranty. Complete with original accessories and certified packaging."
prod_000580,12,sel_0051,2 in 1 Waxed Canvas Leather Suit Luggage Garment Bag with Shoulder Strap for Travel and Business Trips,CRT-LUG-00580,9999,5,37,5,1,169,https://m.media-amazon.com/images/I/51BLZCBaKFL._AC_UL320_.jpg,"Authentic Backpacks & Luggage product. Built with high-grade components, tested for peak durability, and backed by a 1-year manufacturer warranty. Complete with original accessories and certified packaging."
prod_000581,12,sel_0002,"Luggage Sets 3 Piece Suitcases Set ABS Expandable 8 Wheels Spinner Suitcase, TSA Lock Travel Luggage For Man And Women (Black Brown)",CRT-LUG-00581,12999,5,113,4.4,22,41,https://m.media-amazon.com/images/I/71kMlLAkDfL._AC_UL320_.jpg,"Authentic Backpacks & Luggage product. Built with high-grade components, tested for peak durability, and backed by a 1-year manufacturer warranty. Complete with original accessories and certified packaging."
prod_000582,12,sel_0045,"Luggage Sets Lightweight Durable Suitcase Double Wheels TSA Lock 3-Piece Set (20/24/28), yellow",CRT-LUG-00582,12999,0,60,4.6,627,796,https://m.media-amazon.com/images/I/71OgqdXedrL._AC_UL320_.jpg,"Authentic Backpacks & Luggage product. Built with high-grade components, tested for peak durability, and backed by a 1-year manufacturer warranty. Complete with original accessories and certified packaging."
prod_000583,12,sel_0054,"Luggage Expandable Suitcases With Wheels, Hardside Lightweight Carry-on Luggage 20 inch",CRT-LUG-00583,7999,10,135,4.5,704,379,https://m.media-amazon.com/images/I/81+7luwSzwL._AC_UL320_.jpg,"Authentic Backpacks & Luggage product. Built with high-grade components, tested for peak durability, and backed by a 1-year manufacturer warranty. Complete with original accessories and certified packaging."
prod_000584,12,sel_0013,"Luggage Set 4 Piece Luggage Set ABS hardshell TSA Lock Spinner Wheels Luggage Carry on Suitcase (BLACK-BROWN, 6 piece set)",CRT-LUG-00584,16999,15,42,4.7,809,915,https://m.media-amazon.com/images/I/81zaTWy5ZFL._AC_UL320_.jpg,"Authentic Backpacks & Luggage product. Built with high-grade components, tested for peak durability, and backed by a 1-year manufacturer warranty. Complete with original accessories and certified packaging."
prod_000585,12,sel_0034,"MATEIN Garment Bag for Travel, Large Carry on Garment Bags with Strap for Business, Waterproof Hanging Suit Luggage Bag for Men Women...",CRT-LUG-00585,3749,0,71,4.5,2662,1138,https://m.media-amazon.com/images/I/814iCccoAeL._AC_UL320_.jpg,"Authentic Backpacks & Luggage product. Built with high-grade components, tested for peak durability, and backed by a 1-year manufacturer warranty. Complete with original accessories and certified packaging."
prod_000586,12,sel_0012,"Suitcase Set 3 Piece Luggage Set Carry On Travel Luggage TSA Lock Spinner Wheels Hardshell Lightweight Luggage Set(White, 5 piece set)",CRT-LUG-00586,15999,15,20,4.6,397,996,https://m.media-amazon.com/images/I/71HbxHsvaGL._AC_UL320_.jpg,"Authentic Backpacks & Luggage product. Built with high-grade components, tested for peak durability, and backed by a 1-year manufacturer warranty. Complete with original accessories and certified packaging."
prod_000587,12,sel_0048,"Grace EXT Carry On Luggage Airline Approved, 20” Expandable Hardside Carry On Suitcase With Wheels, ABS+PC Harshell Spinner Small...",CRT-LUG-00587,10999,0,36,4.6,4603,1302,https://m.media-amazon.com/images/I/91Pbb8OW8TL._AC_UL320_.jpg,"Authentic Backpacks & Luggage product. Built with high-grade components, tested for peak durability, and backed by a 1-year manufacturer warranty. Complete with original accessories and certified packaging."
prod_000588,12,sel_0039,"Carry On Underseat Multi-functional, 16-inch Underseater Lightweight Overnight Suitcase for Men Women, Black",CRT-LUG-00588,7499,5,57,4.6,741,856,https://m.media-amazon.com/images/I/71r-QgUSOGL._AC_UL320_.jpg,"Authentic Backpacks & Luggage product. Built with high-grade components, tested for peak durability, and backed by a 1-year manufacturer warranty. Complete with original accessories and certified packaging."
prod_000589,12,sel_0002,"Luggage Expandable(only 28"") Suitcase PC+ABS Spinner Built-In TSA lock 20in 24in 28in Carry on (Charcoal., L(28in).)",CRT-LUG-00589,9749,15,39,4.5,13733,933,https://m.media-amazon.com/images/I/71wO9iD0B2L._AC_UL320_.jpg,"Authentic Backpacks & Luggage product. Built with high-grade components, tested for peak durability, and backed by a 1-year manufacturer warranty. Complete with original accessories and certified packaging."
prod_000590,12,sel_0010,"Smart Under Seat Carry-On Luggage with USB Charging Port, Black, Underseater 15-Inch",CRT-LUG-00590,4749,15,36,4.6,8159,319,https://m.media-amazon.com/images/I/91sPvkvWoXL._AC_UL320_.jpg,"Authentic Backpacks & Luggage product. Built with high-grade components, tested for peak durability, and backed by a 1-year manufacturer warranty. Complete with original accessories and certified packaging."
prod_000591,12,sel_0029,"Solyte DLX Softside Expandable Luggage with Spinner Wheels, Midnight Black, Carry-On 20-Inch",CRT-LUG-00591,11999,30,75,4.5,2405,876,https://m.media-amazon.com/images/I/61k1kPHoYSL._AC_UL320_.jpg,"Authentic Backpacks & Luggage product. Built with high-grade components, tested for peak durability, and backed by a 1-year manufacturer warranty. Complete with original accessories and certified packaging."
prod_000592,12,sel_0027,"Aluminium Frame Hardside Expandable Spinner Wheel Luggage, Built-In TSA lock Carry on Suitcase, with Cup Holder & Phone Holder - - in...",CRT-LUG-00592,15999,15,122,3.8,60,1327,https://m.media-amazon.com/images/I/61muEmpjdfL._AC_UL320_.jpg,"Authentic Backpacks & Luggage product. Built with high-grade components, tested for peak durability, and backed by a 1-year manufacturer warranty. Complete with original accessories and certified packaging."
prod_000593,12,sel_0055,"London Hardside Spinner Wheel Luggage, Mint, Carry-On 20-Inch",CRT-LUG-00593,4499,0,12,4.5,10968,918,https://m.media-amazon.com/images/I/810z-MpzJxL._AC_UL320_.jpg,"Authentic Backpacks & Luggage product. Built with high-grade components, tested for peak durability, and backed by a 1-year manufacturer warranty. Complete with original accessories and certified packaging."
prod_000594,12,sel_0009,"Maxlite 5 Softside Expandable Upright 2 Wheel Luggage, Lightweight Suitcase, Men and Women, Black, Carry-On 22-Inch",CRT-LUG-00594,11999,0,41,4.5,4246,832,https://m.media-amazon.com/images/I/61+TB8Jy9DL._AC_UL320_.jpg,"Authentic Backpacks & Luggage product. Built with high-grade components, tested for peak durability, and backed by a 1-year manufacturer warranty. Complete with original accessories and certified packaging."
prod_000595,12,sel_0016,"20"" Spinner Carry-On Luggage, Black",CRT-LUG-00595,3249,10,84,4.5,4183,523,https://m.media-amazon.com/images/I/71O0kOV88yL._AC_UL320_.jpg,"Authentic Backpacks & Luggage product. Built with high-grade components, tested for peak durability, and backed by a 1-year manufacturer warranty. Complete with original accessories and certified packaging."
prod_000596,12,sel_0015,"Centric Hardside Expandable Luggage with Spinner Wheels, Black, Checked-Large 28-Inch",CRT-LUG-00596,13999,0,83,4.5,6048,276,https://m.media-amazon.com/images/I/71ngO-fIn2L._AC_UL320_.jpg,"Authentic Backpacks & Luggage product. Built with high-grade components, tested for peak durability, and backed by a 1-year manufacturer warranty. Complete with original accessories and certified packaging."
prod_000597,12,sel_0035,"Journey Softside Upright Luggage Set,Expandable, Blue, 4-Piece (14/19/24/28)",CRT-LUG-00597,6999,5,67,4.1,7542,218,https://m.media-amazon.com/images/I/810GKv00h+L._AC_UL320_.jpg,"Authentic Backpacks & Luggage product. Built with high-grade components, tested for peak durability, and backed by a 1-year manufacturer warranty. Complete with original accessories and certified packaging."
prod_000598,12,sel_0006,Luggage Expandable Suitcase PC+ABS 3 Piece Set with TSA Lock Spinner 20in24in28in,CRT-LUG-00598,13999,10,30,4.6,9472,1306,https://m.media-amazon.com/images/I/81HgjCuxInL._AC_UL320_.jpg,"Authentic Backpacks & Luggage product. Built with high-grade components, tested for peak durability, and backed by a 1-year manufacturer warranty. Complete with original accessories and certified packaging."
prod_000599,12,sel_0059,Carry-on Garment Bag Large Duffel Bag Suit Travel Bag Weekend Bag Flight Bag with Shoe Pouch for Men Women (Black) Age: Over 6 Years Old,CRT-LUG-00599,3499,25,64,4.3,2775,681,https://m.media-amazon.com/images/I/81iVephXwjL._AC_UL320_.jpg,"Authentic Backpacks & Luggage product. Built with high-grade components, tested for peak durability, and backed by a 1-year manufacturer warranty. Complete with original accessories and certified packaging."
prod_000600,12,sel_0021,Luggage 4 Piece Set Suitcase Spinner TSA Lock Softshell lightweight (blue+sliver),CRT-LUG-00600,13999,0,132,4.5,5187,392,https://m.media-amazon.com/images/I/81L+j1JHwwL._AC_UL320_.jpg,"Authentic Backpacks & Luggage product. Built with high-grade components, tested for peak durability, and backed by a 1-year manufacturer warranty. Complete with original accessories and certified packaging."
prod_000601,13,sel_0005,"AQG Counter Stool,26"" 360 Free Swivel Upholstered Bar Stool with Back Counter Height Swivel Barstools. (Green Fabric)",CRT-FUR-00601,21999,20,103,5,2,1275,https://m.media-amazon.com/images/I/7179wOoUHPL._AC_UL320_.jpg,"Authentic Furniture & Decor product. Built with high-grade components, tested for peak durability, and backed by a 1-year manufacturer warranty. Complete with original accessories and certified packaging."
prod_000602,13,sel_0014,"TYBOATLE Modern Buffet Cabinet with Storage, Boho Farmhouse Accent Sideboard with 2 Kraft Woven Rattan Doors and Adjustable Shelves...",CRT-FUR-00602,6499,0,44,4.2,449,695,https://m.media-amazon.com/images/I/71NRKCaFA5L._AC_UL320_.jpg,"Authentic Furniture & Decor product. Built with high-grade components, tested for peak durability, and backed by a 1-year manufacturer warranty. Complete with original accessories and certified packaging."
prod_000603,13,sel_0006,"LUXOAK Farmhouse 5 Drawers Dresser for Bedroom, Wood Rustic Chest of Drawers, Tall Dressers Organizer with Metal Handles, 5 Drawers...",CRT-FUR-00603,18999,20,128,4.3,88,1139,https://m.media-amazon.com/images/I/71m5TBQl3LL._AC_UL320_.jpg,"Authentic Furniture & Decor product. Built with high-grade components, tested for peak durability, and backed by a 1-year manufacturer warranty. Complete with original accessories and certified packaging."
prod_000604,13,sel_0055,"mDesign Plastic Slim Oval 2 Gallon Trash Can Wastebasket Garbage Bin - Decorative Themed Basket for Bathroom, Bedroom, Office - Hold...",CRT-FUR-00604,2249,10,47,4.7,3315,897,https://m.media-amazon.com/images/I/71+SVRp1KxL._AC_UL320_.jpg,"Authentic Furniture & Decor product. Built with high-grade components, tested for peak durability, and backed by a 1-year manufacturer warranty. Complete with original accessories and certified packaging."
prod_000605,13,sel_0013,"VASAGLE Slim Rolling Cart, 5-Tier Storage Cart, Narrow Cart with Handle, 8.7 Inches Deep, Metal Frame, for Kitchen, Dining Room, Living...",CRT-FUR-00605,3999,0,94,5,3,1197,https://m.media-amazon.com/images/I/813JIFaVQ3L._AC_UL320_.jpg,"Authentic Furniture & Decor product. Built with high-grade components, tested for peak durability, and backed by a 1-year manufacturer warranty. Complete with original accessories and certified packaging."
prod_000606,13,sel_0022,"Gold Glass Rolling Bar Serving Cart Home on Lockable Wheels, Wine Drink Liquor Cart Stand for Home Kitchen Storage Club Party...",CRT-FUR-00606,9749,5,12,4.7,584,1238,https://m.media-amazon.com/images/I/61Zc45x7dIL._AC_UL320_.jpg,"Authentic Furniture & Decor product. Built with high-grade components, tested for peak durability, and backed by a 1-year manufacturer warranty. Complete with original accessories and certified packaging."
prod_000607,13,sel_0015,"VONLUCE Foot Stool, Small Foot Rest for Couch, 16"" H Vintage Upholstered Tufted Stool with Cushion Wood Frame for Dining Living Room...",CRT-FUR-00607,4999,0,57,5,3,594,https://m.media-amazon.com/images/I/61H42dc9Q2L._AC_UL320_.jpg,"Authentic Furniture & Decor product. Built with high-grade components, tested for peak durability, and backed by a 1-year manufacturer warranty. Complete with original accessories and certified packaging."
prod_000608,13,sel_0020,"Avera Products | Palm Tree Welcome Mat, Natural Coir Fiber Doormat, Anti-Slip Mat Backing",CRT-FUR-00608,2249,30,136,4.7,360,712,https://m.media-amazon.com/images/I/91iOzfiAaKL._AC_UL320_.jpg,"Authentic Furniture & Decor product. Built with high-grade components, tested for peak durability, and backed by a 1-year manufacturer warranty. Complete with original accessories and certified packaging."
prod_000609,13,sel_0022,"Serta Executive Office Padded Arms, Adjustable Ergonomic Gaming Desk Chair with Lumbar Support, Faux Leather and Mesh, Black",CRT-FUR-00609,15999,15,98,4.2,878,861,https://m.media-amazon.com/images/I/719AYgA4XpL._AC_UL320_.jpg,"Authentic Furniture & Decor product. Built with high-grade components, tested for peak durability, and backed by a 1-year manufacturer warranty. Complete with original accessories and certified packaging."
prod_000610,13,sel_0006,"HOOBRO Dining Table Set, Bar Table and Chairs Set, Bar Stools, 3-Piece Breakfast Table for Kitchen, Living Room, Party Room BF75CZ01G1",CRT-FUR-00610,8249,20,72,4.6,111,997,https://m.media-amazon.com/images/I/71uuCIrJ+xL._AC_UL320_.jpg,"Authentic Furniture & Decor product. Built with high-grade components, tested for peak durability, and backed by a 1-year manufacturer warranty. Complete with original accessories and certified packaging."
prod_000611,13,sel_0053,"joybest Welcome Door Mat with Heavy Duty Backing, Coco Coir Front Door Mats for Indoor and Outdoor Doormats, Front Porch Entrance, Home...",CRT-FUR-00611,1599,25,67,4.5,151,1258,https://m.media-amazon.com/images/I/81-HpjD4ALL._AC_UL320_.jpg,"Authentic Furniture & Decor product. Built with high-grade components, tested for peak durability, and backed by a 1-year manufacturer warranty. Complete with original accessories and certified packaging."
prod_000612,13,sel_0040,"WINCASE Gold Towel Bar, Adjustable Crystal Towel Holder, Golden Finished Bathroom Single Towel Racks Rail Wall Mounted",CRT-FUR-00612,2999,25,140,4.7,316,437,https://m.media-amazon.com/images/I/61Yjk+ioFjL._AC_UL320_.jpg,"Authentic Furniture & Decor product. Built with high-grade components, tested for peak durability, and backed by a 1-year manufacturer warranty. Complete with original accessories and certified packaging."
prod_000613,13,sel_0047,"AEPOALUA Nightstand with Charging Station,Small Bedside Table with Drawer,White Night Stand,Bedside Furniture,End Table with Gold...",CRT-FUR-00613,5749,25,37,4.4,420,496,https://m.media-amazon.com/images/I/71WLNnK8PXL._AC_UL320_.jpg,"Authentic Furniture & Decor product. Built with high-grade components, tested for peak durability, and backed by a 1-year manufacturer warranty. Complete with original accessories and certified packaging."
prod_000614,13,sel_0034,"Awescuti Round Boho Wood Coffee Table - 31.5"" Farmhouse Natural Circle Wooden 2-Tier Coffee Tables Living Room Furniture, Natural Wood...",CRT-FUR-00614,21999,25,88,4.4,31,151,https://m.media-amazon.com/images/I/71cJLTF7gqL._AC_UL320_.jpg,"Authentic Furniture & Decor product. Built with high-grade components, tested for peak durability, and backed by a 1-year manufacturer warranty. Complete with original accessories and certified packaging."
prod_000615,13,sel_0034,"VASAGLE Echo Collection Bar Stools Set of 2, Kitchen Counter Stools, Breakfast Stools, Synthetic Leather with Stitching, 24.8-Inch Tall...",CRT-FUR-00615,8249,30,33,5,1,1422,https://m.media-amazon.com/images/I/71l0f-knFUL._AC_UL320_.jpg,"Authentic Furniture & Decor product. Built with high-grade components, tested for peak durability, and backed by a 1-year manufacturer warranty. Complete with original accessories and certified packaging."
prod_000616,13,sel_0030,"ECOMEX 8 Panel Room Divider, Wood Freestanding Room Dividers and Folding Privacy Screens for Home, Room Separator Temporary Wall...",CRT-FUR-00616,14999,5,134,4,208,90,https://m.media-amazon.com/images/I/71OULAowbIL._AC_UL320_.jpg,"Authentic Furniture & Decor product. Built with high-grade components, tested for peak durability, and backed by a 1-year manufacturer warranty. Complete with original accessories and certified packaging."
prod_000617,13,sel_0003,"LYNSOM Dresser, Black Dresser for Bedroom with Gold Pulls and Solid Wood Legs, Modern 7 Drawer Dresser",CRT-FUR-00617,15999,25,21,3.7,124,882,https://m.media-amazon.com/images/I/51cS5Lzv+4L._AC_UL320_.jpg,"Authentic Furniture & Decor product. Built with high-grade components, tested for peak durability, and backed by a 1-year manufacturer warranty. Complete with original accessories and certified packaging."
prod_000618,13,sel_0058,Treela 20 Pieces Acrylic Shoe Wall Shelf Floating Shoe Display Shelf Easy to Install Sneaker Shelves Wall Mounted for Collectible...,CRT-FUR-00618,2999,20,122,4,27,166,https://m.media-amazon.com/images/I/71YSWrDf18L._AC_UL320_.jpg,"Authentic Furniture & Decor product. Built with high-grade components, tested for peak durability, and backed by a 1-year manufacturer warranty. Complete with original accessories and certified packaging."
prod_000619,13,sel_0034,"YOCOMEY 2 Packs Over the Door Shoe Organizer, 24 Extra Large Mesh Pockets Hanging Shoe Boots Rack Holder, Closet Hanging Organizers for...",CRT-FUR-00619,1599,0,128,4.1,29,1368,https://m.media-amazon.com/images/I/71gegBCGb2L._AC_UL320_.jpg,"Authentic Furniture & Decor product. Built with high-grade components, tested for peak durability, and backed by a 1-year manufacturer warranty. Complete with original accessories and certified packaging."
prod_000620,13,sel_0017,"OMIRO Decorative Wall Mirror, Vintage Hanging Mirrors for Bedroom Living-Room Dresser Decor, Oval Antique Bronze 13"" W x 15"" L",CRT-FUR-00620,1199,15,71,4.4,2152,1342,https://m.media-amazon.com/images/I/71HWHQbuoIL._AC_UL320_.jpg,"Authentic Furniture & Decor product. Built with high-grade components, tested for peak durability, and backed by a 1-year manufacturer warranty. Complete with original accessories and certified packaging."
prod_000621,13,sel_0032,"TBXWLRF Standing Desk - Adjustable - Height,Mobile - Home Office Small Desks with Storage & Rolling -Wheels, Modern Portable Study...",CRT-FUR-00621,4499,25,122,4.1,19,624,https://m.media-amazon.com/images/I/61-oNYSc-eL._AC_UL320_.jpg,"Authentic Furniture & Decor product. Built with high-grade components, tested for peak durability, and backed by a 1-year manufacturer warranty. Complete with original accessories and certified packaging."
prod_000622,13,sel_0022,"Fogless Shower Mirror, Anti-Fog Shaving Mirror, Portable Makeup Shave Mirror, Unbreakable Frameless Shower Wall Hanging Mirror - Ideal...",CRT-FUR-00622,399,5,117,3.7,57,971,https://m.media-amazon.com/images/I/51GZdARyJnL._AC_UL320_.jpg,"Authentic Furniture & Decor product. Built with high-grade components, tested for peak durability, and backed by a 1-year manufacturer warranty. Complete with original accessories and certified packaging."
prod_000623,13,sel_0052,"HOMBAZAAR Bookshelf, 5-Tier Industrial Bookshelves, Wood and Metal Bookcase,Free Standing Storage Small Modern Bookshelf for Living...",CRT-FUR-00623,10999,15,30,5,12,1008,https://m.media-amazon.com/images/I/81k69sN9GBL._AC_UL320_.jpg,"Authentic Furniture & Decor product. Built with high-grade components, tested for peak durability, and backed by a 1-year manufacturer warranty. Complete with original accessories and certified packaging."
prod_000624,13,sel_0014,"Decko Bath Products FBA 38120 Towel Bar, 12-Inch, No Size, No Color",CRT-FUR-00624,699,10,42,4.5,871,853,https://m.media-amazon.com/images/I/51FkdjGhgAL._AC_UL320_.jpg,"Authentic Furniture & Decor product. Built with high-grade components, tested for peak durability, and backed by a 1-year manufacturer warranty. Complete with original accessories and certified packaging."
prod_000625,13,sel_0022,"Hadulcet Mobile Side Table, Mobile Laptop Desk Cart, Adjustable Over Bed Table with Wheels for Sofa, 31.5 x 15.7 in, Black",CRT-FUR-00625,4999,15,113,4.3,306,336,https://m.media-amazon.com/images/I/612X+a5qTkL._AC_UL320_.jpg,"Authentic Furniture & Decor product. Built with high-grade components, tested for peak durability, and backed by a 1-year manufacturer warranty. Complete with original accessories and certified packaging."
prod_000626,13,sel_0003,"CubiCubi Computer Home Office Desk, 47 Inch Small Desk Study Writing Table with Storage Shelves, Modern Simple PC Desk with Splice...",CRT-FUR-00626,5749,25,133,4.6,5576,734,https://m.media-amazon.com/images/I/81bNj5P6soL._AC_UL320_.jpg,"Authentic Furniture & Decor product. Built with high-grade components, tested for peak durability, and backed by a 1-year manufacturer warranty. Complete with original accessories and certified packaging."
prod_000627,13,sel_0008,"12mm Blu-Ray Resealable Sleeves - Compatible with Blu-Ray, Xbox One, and HD-DVD (100 Pack)",CRT-FUR-00627,899,5,142,4.4,169,1146,https://m.media-amazon.com/images/I/51KJyklic1L._AC_UL320_.jpg,"Authentic Furniture & Decor product. Built with high-grade components, tested for peak durability, and backed by a 1-year manufacturer warranty. Complete with original accessories and certified packaging."
prod_000628,13,sel_0051,"DOHEEM Wall Mirror for Bathroom - Rounded Corner Mirror Black Metal Frame 20"" X 30"" Hangs Horizontal Or Vertical",CRT-FUR-00628,5249,15,17,4.7,488,1233,https://m.media-amazon.com/images/I/91Q7hS9ZABL._AC_UL320_.jpg,"Authentic Furniture & Decor product. Built with high-grade components, tested for peak durability, and backed by a 1-year manufacturer warranty. Complete with original accessories and certified packaging."
prod_000629,13,sel_0013,"HIPIHOM Dining Table Set with Bench, 59 Inch Modern Kitchen Table Set with L-Shaped Bench and 45 Inch Bench for Family Dining Room...",CRT-FUR-00629,101999,30,110,5,4,623,https://m.media-amazon.com/images/I/81HN29Ez8kL._AC_UL320_.jpg,"Authentic Furniture & Decor product. Built with high-grade components, tested for peak durability, and backed by a 1-year manufacturer warranty. Complete with original accessories and certified packaging."
prod_000630,13,sel_0012,"AGHDECO Modern Executive Desk, 59"" Vintage Farmhouse Study Writing Desk with Storage Drawers, Industrial Wood Computer Manager's Desk...",CRT-FUR-00630,37999,5,121,5,1,452,https://m.media-amazon.com/images/I/91dTEWnAQPL._AC_UL320_.jpg,"Authentic Furniture & Decor product. Built with high-grade components, tested for peak durability, and backed by a 1-year manufacturer warranty. Complete with original accessories and certified packaging."
prod_000631,13,sel_0026,"TaoHFE Square Coffee Table,Farmhouse Living Room Furniture,Farmhouse Coffee Table for Living Room,Rustic Coffee Table with...",CRT-FUR-00631,9749,10,146,3.5,9,428,https://m.media-amazon.com/images/I/81UqB6Y-iCL._AC_UL320_.jpg,"Authentic Furniture & Decor product. Built with high-grade components, tested for peak durability, and backed by a 1-year manufacturer warranty. Complete with original accessories and certified packaging."
prod_000632,13,sel_0001,"Ochine Tree Bookshelf, 4 Tier Retro Bookcase with Large Drawer, Wood Narrow Bookshelves Organizer for CDs/Movies/Books, Floor Standing...",CRT-FUR-00632,4499,30,96,4.4,251,120,https://m.media-amazon.com/images/I/61D0DVAWXeL._AC_UL320_.jpg,"Authentic Furniture & Decor product. Built with high-grade components, tested for peak durability, and backed by a 1-year manufacturer warranty. Complete with original accessories and certified packaging."
prod_000633,13,sel_0057,Baby Delight Beside Me Wink Bassinet | Bedside Sleeper | 7-Position Height Adjustment | Pebble Grey,CRT-FUR-00633,7749,20,39,4.4,200,1174,https://m.media-amazon.com/images/I/71ay8eJnocL._AC_UL320_.jpg,"Authentic Furniture & Decor product. Built with high-grade components, tested for peak durability, and backed by a 1-year manufacturer warranty. Complete with original accessories and certified packaging."
prod_000634,13,sel_0012,lemonadeus Vintage Decorative Wall Mirror Gold Shield Artistic Gold Wall Mirror Vintage Baroque Wall-Mounted Mirror Home Décor...,CRT-FUR-00634,1399,20,32,4.6,282,431,https://m.media-amazon.com/images/I/61NlE9sm36L._AC_UL320_.jpg,"Authentic Furniture & Decor product. Built with high-grade components, tested for peak durability, and backed by a 1-year manufacturer warranty. Complete with original accessories and certified packaging."
prod_000635,13,sel_0056,"Juvale Black Patterned Nonslip Welcome Doormat, Coco Coir Mat (17 x 30 in)",CRT-FUR-00635,1599,20,89,4.6,72,301,https://m.media-amazon.com/images/I/919bKQ+0Z+L._AC_UL320_.jpg,"Authentic Furniture & Decor product. Built with high-grade components, tested for peak durability, and backed by a 1-year manufacturer warranty. Complete with original accessories and certified packaging."
prod_000636,13,sel_0016,"White Bathroom Floor Cabinet,Storage Cabinet with Doors and Shelves,Free Standing Tall Slim Side Organizer,Home Furniture...",CRT-FUR-00636,3499,5,136,3,28,963,https://m.media-amazon.com/images/I/61oBFqxU9DL._AC_UL320_.jpg,"Authentic Furniture & Decor product. Built with high-grade components, tested for peak durability, and backed by a 1-year manufacturer warranty. Complete with original accessories and certified packaging."
prod_000637,13,sel_0057,"Nicehill Dresser for Bedroom with 6 Drawers, Storage Drawer Organizer, Wide Chest of Drawers for Closet, Clothes, Kids, Baby, Living...",CRT-FUR-00637,4999,10,149,4.5,3201,1275,https://m.media-amazon.com/images/I/81jldGC7cnL._AC_UL320_.jpg,"Authentic Furniture & Decor product. Built with high-grade components, tested for peak durability, and backed by a 1-year manufacturer warranty. Complete with original accessories and certified packaging."
prod_000638,13,sel_0011,AnyDesign Halloween Welcome Doormat Ghost Dog Pumpkin Front Door Mat Rustic Non-Slip Door Rugs Indoor Outdoor Carpet Floor Mat for...,CRT-FUR-00638,1299,30,111,4.4,134,1399,https://m.media-amazon.com/images/I/81IOX5FofzL._AC_UL320_.jpg,"Authentic Furniture & Decor product. Built with high-grade components, tested for peak durability, and backed by a 1-year manufacturer warranty. Complete with original accessories and certified packaging."
prod_000639,13,sel_0001,"BLUEWEST Wooden Wine Racks Countertop, 8 Bottle Wine Rack, Acacia Wine Bottle Holder Stand, Free Standing Wine Storage, Wine Shelf...",CRT-FUR-00639,2499,25,17,4.4,373,464,https://m.media-amazon.com/images/I/91E7VqWVVCL._AC_UL320_.jpg,"Authentic Furniture & Decor product. Built with high-grade components, tested for peak durability, and backed by a 1-year manufacturer warranty. Complete with original accessories and certified packaging."
prod_000640,13,sel_0025,NUOBESTY Galvanized Trash Can with Lid Mini Wastebasket Trash Can Small Metal Buckets with Lids Mini Tabletop Trash Can Mini Metal...,CRT-FUR-00640,1199,10,43,2.6,39,203,https://m.media-amazon.com/images/I/51u1c+loj3L._AC_UL320_.jpg,"Authentic Furniture & Decor product. Built with high-grade components, tested for peak durability, and backed by a 1-year manufacturer warranty. Complete with original accessories and certified packaging."
prod_000641,13,sel_0019,"SUPERJARE 70 Inch Console Table with LED Light Strips, Gold Entryway Table with Tempered Glass, Sofa Table, Hallway Table for Entryway...",CRT-FUR-00641,9749,20,44,4.6,26,586,https://m.media-amazon.com/images/I/61KbwJzr-fL._AC_UL320_.jpg,"Authentic Furniture & Decor product. Built with high-grade components, tested for peak durability, and backed by a 1-year manufacturer warranty. Complete with original accessories and certified packaging."
prod_000642,13,sel_0003,"100pointONE Durable Front Door Mat, Heavy Duty Indoor Outdoor Doormat, 60” x 36” Low Profile Outdoor Mats for Home Entrance, Stain and...",CRT-FUR-00642,4249,25,29,4.7,11,667,https://m.media-amazon.com/images/I/81ghG0wc4dL._AC_UL320_.jpg,"Authentic Furniture & Decor product. Built with high-grade components, tested for peak durability, and backed by a 1-year manufacturer warranty. Complete with original accessories and certified packaging."
prod_000643,13,sel_0026,"DEXHOM Vanity Mirror with Lights, 22.8"" x 18.2"" Hollywood Mirror, Lighted Makeup Mirror with 15 Dimmable Bulbs and 10X Magnification, 3...",CRT-FUR-00643,5749,15,14,4.3,20,1250,https://m.media-amazon.com/images/I/71mSeyFFH-L._AC_UL320_.jpg,"Authentic Furniture & Decor product. Built with high-grade components, tested for peak durability, and backed by a 1-year manufacturer warranty. Complete with original accessories and certified packaging."
prod_000644,13,sel_0032,MAISON ARTS Black Counter Height Bar Stools Set of 4 for Kitchen Counter Solid Wood Legs with Faux Leather Saddle Seat Farmhouse...,CRT-FUR-00644,20999,10,79,4.3,390,813,https://m.media-amazon.com/images/I/71yhzXhA19L._AC_UL320_.jpg,"Authentic Furniture & Decor product. Built with high-grade components, tested for peak durability, and backed by a 1-year manufacturer warranty. Complete with original accessories and certified packaging."
prod_000645,13,sel_0040,"ALISENED Computer Home Office Desk, 31.5"" Desk for Small Spaces with Storage Shelf,Small Computer Desk with Monitor and Bookshelf...",CRT-FUR-00645,6249,20,126,4.4,60,1003,https://m.media-amazon.com/images/I/618Q4FHHj+L._AC_UL320_.jpg,"Authentic Furniture & Decor product. Built with high-grade components, tested for peak durability, and backed by a 1-year manufacturer warranty. Complete with original accessories and certified packaging."
prod_000646,13,sel_0028,"Heehee Rotating Bookshelf 360 Display Floor Standing Bookcase Storage Rack Children's Bookshelf, Wood Book Shelf Organizer Stand for...",CRT-FUR-00646,15999,20,64,4.3,165,129,https://m.media-amazon.com/images/I/61SY64-B+kL._AC_UL320_.jpg,"Authentic Furniture & Decor product. Built with high-grade components, tested for peak durability, and backed by a 1-year manufacturer warranty. Complete with original accessories and certified packaging."
prod_000647,13,sel_0008,GreatMH Black Pool Towel Rack Outdoor Towel Rack for Pool Towel Hooks Towel Hanger for Bathrobes Clothes 9 Hooks,CRT-FUR-00647,799,30,127,4.6,44,216,https://m.media-amazon.com/images/I/711ynOTG8mL._AC_UL320_.jpg,"Authentic Furniture & Decor product. Built with high-grade components, tested for peak durability, and backed by a 1-year manufacturer warranty. Complete with original accessories and certified packaging."
prod_000648,13,sel_0033,"Illusion Doormat, Christmas Decoration Non-Slip Doormat, 3D Visual Illusion Fluffy Carpet (red, 5080)",CRT-FUR-00648,1599,25,66,4.1,262,605,https://m.media-amazon.com/images/I/7121m10ymQL._AC_UL320_.jpg,"Authentic Furniture & Decor product. Built with high-grade components, tested for peak durability, and backed by a 1-year manufacturer warranty. Complete with original accessories and certified packaging."
prod_000649,13,sel_0047,"Yongchuang Upholstered Headboard Queen, Full Foldable White Headboard for Queen Size Bed Faux Leather Wall Heaboard Adjustable Height",CRT-FUR-00649,9499,25,104,4.3,175,1447,https://m.media-amazon.com/images/I/81N-8VNO6IL._AC_UL320_.jpg,"Authentic Furniture & Decor product. Built with high-grade components, tested for peak durability, and backed by a 1-year manufacturer warranty. Complete with original accessories and certified packaging."
prod_000650,13,sel_0033,BetyHom Vintage Gold Resin Frame Decorative Wall Mirror Small 12.5x9 in,CRT-FUR-00650,1399,10,137,4.5,201,659,https://m.media-amazon.com/images/I/71nCzqwV7WL._AC_UL320_.jpg,"Authentic Furniture & Decor product. Built with high-grade components, tested for peak durability, and backed by a 1-year manufacturer warranty. Complete with original accessories and certified packaging."
prod_000651,14,sel_0038,Americanflat 13x19 Picture Frame in Black - Engineered Wood with Shatter Resistant Glass - Horizontal and Vertical Formats for Wall with...,CRT-WAL-00651,1499,0,31,4.7,133,975,https://m.media-amazon.com/images/I/61iPxS7KT3L._AC_UL320_.jpg,"Authentic Wall Art & Decor product. Built with high-grade components, tested for peak durability, and backed by a 1-year manufacturer warranty. Complete with original accessories and certified packaging."
prod_000652,14,sel_0054,"Halloween Decorations, 12 Pieces Laminated Halloween Gothic Decor Poster Frames Durable Haunted House Creepy Portraits Pictures Spooky...",CRT-WAL-00652,1099,10,49,4.3,131,1246,https://m.media-amazon.com/images/I/813QnbvUcrL._AC_UL320_.jpg,"Authentic Wall Art & Decor product. Built with high-grade components, tested for peak durability, and backed by a 1-year manufacturer warranty. Complete with original accessories and certified packaging."
prod_000653,14,sel_0003,"Taylor Poster for Walls, Taylor Album Cover Posters Wall Decor Art Print Posters for Room Aesthetic Set of 13 for Teen and Girls Dorm...",CRT-WAL-00653,999,10,97,4.6,272,926,https://m.media-amazon.com/images/I/81TqsUg1XKL._AC_UL320_.jpg,"Authentic Wall Art & Decor product. Built with high-grade components, tested for peak durability, and backed by a 1-year manufacturer warranty. Complete with original accessories and certified packaging."
prod_000654,14,sel_0032,"Plaid Double Sided Framed Chalkboard, 8.5""X10.5"", 1 Pack",CRT-WAL-00654,299,15,145,4.3,52,1271,https://m.media-amazon.com/images/I/81uLTMPXgOL._AC_UL320_.jpg,"Authentic Wall Art & Decor product. Built with high-grade components, tested for peak durability, and backed by a 1-year manufacturer warranty. Complete with original accessories and certified packaging."
prod_000655,14,sel_0028,"97 DECOR Dark Academia Room Decor - Gothic Home Decor, Moody Halloween Decor, Dark Academia Aesthetic Pictures, Creepy Posters Goth Art...",CRT-WAL-00655,1099,25,58,4.4,293,1232,https://m.media-amazon.com/images/I/91PvqB8x8EL._AC_UL320_.jpg,"Authentic Wall Art & Decor product. Built with high-grade components, tested for peak durability, and backed by a 1-year manufacturer warranty. Complete with original accessories and certified packaging."
prod_000656,14,sel_0044,Affirmations in Taylor Music Swift Lyrics Metal Tin Sign Posters for Room Decor Aesthetic Music Album Taylor Wall Art Fans Gift 8X12Inch,CRT-WAL-00656,799,0,25,4.8,248,190,https://m.media-amazon.com/images/I/71995Rh9EEL._AC_UL320_.jpg,"Authentic Wall Art & Decor product. Built with high-grade components, tested for peak durability, and backed by a 1-year manufacturer warranty. Complete with original accessories and certified packaging."
prod_000657,14,sel_0020,When Visiting My House Please Remember Wall Decoration - Cat's Metal Signs Artwork - Original Vintage Design Tin Metal Wall Art Print...,CRT-WAL-00657,899,25,14,4.7,281,541,https://m.media-amazon.com/images/I/61g8wyNQq5L._AC_UL320_.jpg,"Authentic Wall Art & Decor product. Built with high-grade components, tested for peak durability, and backed by a 1-year manufacturer warranty. Complete with original accessories and certified packaging."
prod_000658,14,sel_0008,LEGO Ideas Vincent Van Gogh The Starry Night 21333 Building Blocks - Unique 3D Wall Art Home Décor Piece or Table Display with Artist...,CRT-WAL-00658,13999,5,140,4.9,139,815,https://m.media-amazon.com/images/I/811CZdxlsbL._AC_UL320_.jpg,"Authentic Wall Art & Decor product. Built with high-grade components, tested for peak durability, and backed by a 1-year manufacturer warranty. Complete with original accessories and certified packaging."
prod_000659,14,sel_0001,Beyoncé Official RENAISSANCE WORLD TOUR Billboard Poster,CRT-WAL-00659,1599,15,68,4.9,429,1346,https://m.media-amazon.com/images/I/61EMDBQ5ArL._AC_UL320_.jpg,"Authentic Wall Art & Decor product. Built with high-grade components, tested for peak durability, and backed by a 1-year manufacturer warranty. Complete with original accessories and certified packaging."
prod_000660,14,sel_0037,Aesthetic Halloween posters for wall decor - 50 Set 4''x6'' Halloween Pictures Collage kit Room Collage Decoration Aesthetic Wall...,CRT-WAL-00660,799,0,45,4.5,34,683,https://m.media-amazon.com/images/I/A1F5KVFDmQL._AC_UL320_.jpg,"Authentic Wall Art & Decor product. Built with high-grade components, tested for peak durability, and backed by a 1-year manufacturer warranty. Complete with original accessories and certified packaging."
prod_000661,14,sel_0032,"TRAMIN 100 PCS Vintage Posters, Collage Kit Aesthetic Pictures, Cottagecore Room Decor for Bedroom, Cute Dorm Photo Wall Decor for Teen...",CRT-WAL-00661,799,20,26,4.6,107,124,https://m.media-amazon.com/images/I/81oHuyFIN+L._AC_UL320_.jpg,"Authentic Wall Art & Decor product. Built with high-grade components, tested for peak durability, and backed by a 1-year manufacturer warranty. Complete with original accessories and certified packaging."
prod_000662,14,sel_0012,"40th Birthday Table Decorations for Men & Women, DOUBLE-SIDED Back in 1983 Poster Acrylic Table Sign with Stand, 40th Birthday Gifts...",CRT-WAL-00662,399,25,75,4.6,99,1017,https://m.media-amazon.com/images/I/81TASWhXskL._AC_UL320_.jpg,"Authentic Wall Art & Decor product. Built with high-grade components, tested for peak durability, and backed by a 1-year manufacturer warranty. Complete with original accessories and certified packaging."
prod_000663,14,sel_0001,"Sage Green Master Wall Art Prints, Abstract Matisse Wall Art Exhibition Posters, Vintage Art Boho Art Prints, Retro Room Decor for...",CRT-WAL-00663,1099,10,82,4.7,259,527,https://m.media-amazon.com/images/I/81I1hn0ZJXL._AC_UL320_.jpg,"Authentic Wall Art & Decor product. Built with high-grade components, tested for peak durability, and backed by a 1-year manufacturer warranty. Complete with original accessories and certified packaging."
prod_000664,14,sel_0042,"97 DECOR Gothic Home Decor - Witchy Decor Aesthetic Halloween Decor, Gothic Wall Decor, Spooky Home Decor, Goth Room Decor, Creepy Art...",CRT-WAL-00664,1099,15,99,4.4,435,775,https://m.media-amazon.com/images/I/91-mi0vKvML._AC_UL320_.jpg,"Authentic Wall Art & Decor product. Built with high-grade components, tested for peak durability, and backed by a 1-year manufacturer warranty. Complete with original accessories and certified packaging."
prod_000665,14,sel_0029,Taylor Poster Swift Music Album Poster Eras Tour - Set of 12 High-Definition Posters for Living Room and Bedroom Decoration - 11.5x16.5...,CRT-WAL-00665,1399,0,102,5,314,479,https://m.media-amazon.com/images/I/81iudOb9xYL._AC_UL320_.jpg,"Authentic Wall Art & Decor product. Built with high-grade components, tested for peak durability, and backed by a 1-year manufacturer warranty. Complete with original accessories and certified packaging."
prod_000666,14,sel_0048,"Botanical Boho Bathroom Decor Wall Art Prints, UNFRAMED Sage Green Plants Decor for Bedroom|Office, Minimalist Eucalyptus Leaves...",CRT-WAL-00666,799,10,92,4.5,441,1062,https://m.media-amazon.com/images/I/81X-93Nny4L._AC_UL320_.jpg,"Authentic Wall Art & Decor product. Built with high-grade components, tested for peak durability, and backed by a 1-year manufacturer warranty. Complete with original accessories and certified packaging."
prod_000667,14,sel_0048,Lana Del Rey Poster Decorative Painting Canvas Wall Posters And Art Picture Print Modern Family Bedroom Decor Posters 12x18inch(30x45cm),CRT-WAL-00667,599,25,134,4.4,215,580,https://m.media-amazon.com/images/I/61joatJvW4L._AC_UL320_.jpg,"Authentic Wall Art & Decor product. Built with high-grade components, tested for peak durability, and backed by a 1-year manufacturer warranty. Complete with original accessories and certified packaging."
prod_000668,14,sel_0058,New Inspirational Orgonite Pyramid for Success | Rainbow Moonstone Orgone Pyramid for Anti-stress - Calmness – Growth – Strength –...,CRT-WAL-00668,2499,30,44,4.6,391,538,https://m.media-amazon.com/images/I/81ev8Sp5VES._AC_UL320_.jpg,"Authentic Wall Art & Decor product. Built with high-grade components, tested for peak durability, and backed by a 1-year manufacturer warranty. Complete with original accessories and certified packaging."
prod_000669,14,sel_0024,Superior Mapping Company United States Poster Size Wall Map 40 x 28 with Cities (1 Map),CRT-WAL-00669,699,30,126,4.6,113,173,https://m.media-amazon.com/images/I/91cM19R8NeL._AC_UL320_.jpg,"Authentic Wall Art & Decor product. Built with high-grade components, tested for peak durability, and backed by a 1-year manufacturer warranty. Complete with original accessories and certified packaging."
prod_000670,14,sel_0036,"Artmag Magnetic Poster Hanger Frame, 20x28 20x30 20x24 Light Wood Wooden Magnet Canvas Artwork Print Dowel Poster Hangers Frames Hanging...",CRT-WAL-00670,1399,0,122,4.7,412,835,https://m.media-amazon.com/images/I/51F1IkCvAUL._AC_UL320_.jpg,"Authentic Wall Art & Decor product. Built with high-grade components, tested for peak durability, and backed by a 1-year manufacturer warranty. Complete with original accessories and certified packaging."
prod_000671,14,sel_0040,"Funny Show Me Your Tito's Black Cat Poster Man Cave Sign Vintage Bar Sign Bar Wall Decor 12"" * 8"" (098)",CRT-WAL-00671,799,30,55,4.8,185,1030,https://m.media-amazon.com/images/I/71ZBeFFDQyL._AC_UL320_.jpg,"Authentic Wall Art & Decor product. Built with high-grade components, tested for peak durability, and backed by a 1-year manufacturer warranty. Complete with original accessories and certified packaging."
prod_000672,14,sel_0055,"97 Decor Eclectic Decor - Maximalist Decor, Colorful Eclectic Home Decor, Eclectic Wall Decor, Eclectic Wall Art Prints Set for Bedroom...",CRT-WAL-00672,1099,25,76,4.5,96,1144,https://m.media-amazon.com/images/I/91Blwaqq7hL._AC_UL320_.jpg,"Authentic Wall Art & Decor product. Built with high-grade components, tested for peak durability, and backed by a 1-year manufacturer warranty. Complete with original accessories and certified packaging."
prod_000673,14,sel_0006,"Unique Paw Patrol Door Poster, 27"" x 60"", Multicolor",CRT-WAL-00673,449,5,50,4.7,53,261,https://m.media-amazon.com/images/I/61HYKNxkZvL._AC_UL320_.jpg,"Authentic Wall Art & Decor product. Built with high-grade components, tested for peak durability, and backed by a 1-year manufacturer warranty. Complete with original accessories and certified packaging."
prod_000674,14,sel_0022,"Inspirational Wall Art Office Decor, Motivational UNFRAMED Wall Art Prints for Bedroom | Living Room | Office | Classroom, Black and...",CRT-WAL-00674,799,10,73,4.5,173,825,https://m.media-amazon.com/images/I/71z5FBF1c0L._AC_UL320_.jpg,"Authentic Wall Art & Decor product. Built with high-grade components, tested for peak durability, and backed by a 1-year manufacturer warranty. Complete with original accessories and certified packaging."
prod_000675,14,sel_0057,Enno Vatti US National Parks Scratch Off Poster - Map of 63 National Parks of the United States - Travel Bucket List - Gift for...,CRT-WAL-00675,1999,15,142,4.6,55,465,https://m.media-amazon.com/images/I/819Fmy8f0CL._AC_UL320_.jpg,"Authentic Wall Art & Decor product. Built with high-grade components, tested for peak durability, and backed by a 1-year manufacturer warranty. Complete with original accessories and certified packaging."
prod_000676,14,sel_0060,Framed Boho Wall Art Set of 4 for Wooded Minimalist Botanical Print Wall Art for Rustic Vintage Farmhouse Home Kitchen Wall Decor...,CRT-WAL-00676,2999,30,130,4.5,76,855,https://m.media-amazon.com/images/I/71A1g0sGUaL._AC_UL320_.jpg,"Authentic Wall Art & Decor product. Built with high-grade components, tested for peak durability, and backed by a 1-year manufacturer warranty. Complete with original accessories and certified packaging."
prod_000677,14,sel_0032,"Black Cat Halloween Decor Witch Decor Metal Tin Sign - Hello Darkness My Old Friend - Halloween Decorations Vintage Retro Tin Sign , Cat...",CRT-WAL-00677,699,5,82,4.8,321,684,https://m.media-amazon.com/images/I/61uHyUhm0yL._AC_UL320_.jpg,"Authentic Wall Art & Decor product. Built with high-grade components, tested for peak durability, and backed by a 1-year manufacturer warranty. Complete with original accessories and certified packaging."
prod_000678,14,sel_0050,"97 Decor Downtown Girl Posters, Vintage Aesthetic Room Decor, Retro Wall Collage Kit, Coquette Wall Art Prints Photo Pictures (4x6 Inches)",CRT-WAL-00678,999,0,130,4.5,37,868,https://m.media-amazon.com/images/I/91w6PAfmIQL._AC_UL320_.jpg,"Authentic Wall Art & Decor product. Built with high-grade components, tested for peak durability, and backed by a 1-year manufacturer warranty. Complete with original accessories and certified packaging."
prod_000679,14,sel_0005,"Funny Highland Cow Bathroom Wall Art Prints, Vintage Black and White Rustic Style Cute Cow Canvas Art Poster for Restroom Decoration...",CRT-WAL-00679,1099,20,44,4.5,136,227,https://m.media-amazon.com/images/I/71U+yVW-XJL._AC_UL320_.jpg,"Authentic Wall Art & Decor product. Built with high-grade components, tested for peak durability, and backed by a 1-year manufacturer warranty. Complete with original accessories and certified packaging."
prod_000680,14,sel_0049,AKBOK Vintage Horror Movie Newspaper Article Poster Classic Scary Movie Character Poster Newspaper Art Prints Home Theater Set for Man...,CRT-WAL-00680,1299,20,39,4.7,171,1178,https://m.media-amazon.com/images/I/811kjuuLY9L._AC_UL320_.jpg,"Authentic Wall Art & Decor product. Built with high-grade components, tested for peak durability, and backed by a 1-year manufacturer warranty. Complete with original accessories and certified packaging."
prod_000681,14,sel_0036,"97 DECOR Colorful Eclectic Decor - Maximalist Decor, Eclectic Home Decor, Eclectic Wall Decor, Funky Eclectic Gallery Wall Art Prints...",CRT-WAL-00681,1099,15,85,4.5,230,144,https://m.media-amazon.com/images/I/91oATSdj7uL._AC_UL320_.jpg,"Authentic Wall Art & Decor product. Built with high-grade components, tested for peak durability, and backed by a 1-year manufacturer warranty. Complete with original accessories and certified packaging."
prod_000682,14,sel_0045,"Palace Learning Dumbbell Workout Exercise Poster - Free Weight Body Building Guide | Home Gym Chart - LAMINATED, 18"" x 24""",CRT-WAL-00682,799,0,75,4.6,110,477,https://m.media-amazon.com/images/I/81nT6bmwtvL._AC_UL320_.jpg,"Authentic Wall Art & Decor product. Built with high-grade components, tested for peak durability, and backed by a 1-year manufacturer warranty. Complete with original accessories and certified packaging."
prod_000683,14,sel_0015,Vintage Wildflowers Poster Botanical Wall Art Prints Colorful Rustic Style of Floral Wall Hanging Illustrative Reference Flower Chart...,CRT-WAL-00683,1099,20,23,4.7,317,999,https://m.media-amazon.com/images/I/71OE8+iFWQL._AC_UL320_.jpg,"Authentic Wall Art & Decor product. Built with high-grade components, tested for peak durability, and backed by a 1-year manufacturer warranty. Complete with original accessories and certified packaging."
prod_000684,14,sel_0025,16 Pieces National Park Posters Vintage Style Unframed Set of 16 Travel Prints Wall Art and Mountain Print Set Abstract Unframed for...,CRT-WAL-00684,699,15,147,4.8,246,1251,https://m.media-amazon.com/images/I/813SQw0iRhL._AC_UL320_.jpg,"Authentic Wall Art & Decor product. Built with high-grade components, tested for peak durability, and backed by a 1-year manufacturer warranty. Complete with original accessories and certified packaging."
prod_000685,14,sel_0025,Jimmy BUFFETTS MARGARFFAVLLE Tin Sign Vintage Art Iron Painting Rusty Poster Wall Decoration Interesting Aluminum 8x12inch,CRT-WAL-00685,899,5,116,4.6,200,578,https://m.media-amazon.com/images/I/7135y6eZmwL._AC_UL320_.jpg,"Authentic Wall Art & Decor product. Built with high-grade components, tested for peak durability, and backed by a 1-year manufacturer warranty. Complete with original accessories and certified packaging."
prod_000686,14,sel_0012,Bathroom Decor Wall Art Blue Beach Picture Ocean Theme Flower Canvas Print Modern Coastal Seascape Painting Framed Seaside Artwork...,CRT-WAL-00686,1299,15,135,4.7,329,913,https://m.media-amazon.com/images/I/91RA8blUomL._AC_UL320_.jpg,"Authentic Wall Art & Decor product. Built with high-grade components, tested for peak durability, and backed by a 1-year manufacturer warranty. Complete with original accessories and certified packaging."
prod_000687,14,sel_0021,Inspirational Diversity Wall Art in This Room Watercolor Canvas Painting Prints for Classroom Office Wall Decor Framed Equality Artwork...,CRT-WAL-00687,1599,20,101,4.7,75,430,https://m.media-amazon.com/images/I/71jATfi8nSL._AC_UL320_.jpg,"Authentic Wall Art & Decor product. Built with high-grade components, tested for peak durability, and backed by a 1-year manufacturer warranty. Complete with original accessories and certified packaging."
prod_000688,14,sel_0057,Drake Posters Music Album Cover Posters Set of 12 Frameless Teenager Room Decor Aesthetic Size 08x12 inches (20x30cm),CRT-WAL-00688,1599,15,65,4.8,149,1383,https://m.media-amazon.com/images/I/71JGTDgM+7L._AC_UL320_.jpg,"Authentic Wall Art & Decor product. Built with high-grade components, tested for peak durability, and backed by a 1-year manufacturer warranty. Complete with original accessories and certified packaging."
prod_000689,14,sel_0034,Vintage Sports Poster Metal Football Tin Sign 8x12in(20x30cm)-American Football God first Family second Then football-Retro Poster for...,CRT-WAL-00689,449,30,38,4.7,445,865,https://m.media-amazon.com/images/I/61XVqW-rrwL._AC_UL320_.jpg,"Authentic Wall Art & Decor product. Built with high-grade components, tested for peak durability, and backed by a 1-year manufacturer warranty. Complete with original accessories and certified packaging."
prod_000690,14,sel_0024,"Kobe Quotes - Great Things Come From Hard Work and Perseverance. No Excuses - Motivational Sports Posters for Teens, Basketball Metal...",CRT-WAL-00690,1099,10,146,4.7,126,363,https://m.media-amazon.com/images/I/713clSagZrL._AC_UL320_.jpg,"Authentic Wall Art & Decor product. Built with high-grade components, tested for peak durability, and backed by a 1-year manufacturer warranty. Complete with original accessories and certified packaging."
prod_000691,14,sel_0055,"Retro Metal Tin Sign, Cat Show Me Your Tito's Wall Poster Metal Tin, Funny Kitty, Home Bar Shop Decorations Coffee Vintage Sign Gift...",CRT-WAL-00691,699,5,91,4.7,88,1366,https://m.media-amazon.com/images/I/71EhL25hgXL._AC_UL320_.jpg,"Authentic Wall Art & Decor product. Built with high-grade components, tested for peak durability, and backed by a 1-year manufacturer warranty. Complete with original accessories and certified packaging."
prod_000692,14,sel_0033,"AMSCAN Unique 79251 Disney Iconic Minnie Mouse Door Party Poster, 27' X 60' 1ct, Multicolor,Bedroom",CRT-WAL-00692,399,20,95,4.8,62,606,https://m.media-amazon.com/images/I/61CYS0-lRJL._AC_UL320_.jpg,"Authentic Wall Art & Decor product. Built with high-grade components, tested for peak durability, and backed by a 1-year manufacturer warranty. Complete with original accessories and certified packaging."
prod_000693,14,sel_0009,"Vintage Music Taylor Poster,Taylor Tapestry, Swift Poster Country Pop Female Singer Album Poster Wall Art Prints Decoration Living Room...",CRT-WAL-00693,999,20,65,3.4,31,133,https://m.media-amazon.com/images/I/71y2K5bjezL._AC_UL320_.jpg,"Authentic Wall Art & Decor product. Built with high-grade components, tested for peak durability, and backed by a 1-year manufacturer warranty. Complete with original accessories and certified packaging."
prod_000694,14,sel_0003,"Enno Vatti Top 100 Movies Scratch Off Poster - Best Films To Watch Bucket List (16.5"" x 23.4"") - Ultimate Gift for Movie Lovers...",CRT-WAL-00694,1999,30,91,4.6,203,1084,https://m.media-amazon.com/images/I/81kdY4+w1UL._AC_UL320_.jpg,"Authentic Wall Art & Decor product. Built with high-grade components, tested for peak durability, and backed by a 1-year manufacturer warranty. Complete with original accessories and certified packaging."
prod_000695,14,sel_0060,3 Piece Lotus Flower Canvas Wall Art for Living Room White and Indigo Blue Floral Picture Wall Decor for Dining Room Bedroom Bathroom...,CRT-WAL-00695,2749,15,109,4.5,355,972,https://m.media-amazon.com/images/I/71cOucOSRiL._AC_UL320_.jpg,"Authentic Wall Art & Decor product. Built with high-grade components, tested for peak durability, and backed by a 1-year manufacturer warranty. Complete with original accessories and certified packaging."
prod_000696,14,sel_0032,"Hypebeast Air Jordan Sneakers Poster – (12x16 Inch) Unframed – AJ Wall art, Hypebeast Room Decor, Gym Shoes Shoebox Collection Aesthetic...",CRT-WAL-00696,899,5,80,4.4,247,1330,https://m.media-amazon.com/images/I/61R0DWt-FkL._AC_UL320_.jpg,"Authentic Wall Art & Decor product. Built with high-grade components, tested for peak durability, and backed by a 1-year manufacturer warranty. Complete with original accessories and certified packaging."
prod_000697,14,sel_0013,"Flower Market Poster Set of 9, Abstract Flower Market Wall Art Prints, Vintage Colorful Floral Wall Art Decor, Minimalist City & Flower...",CRT-WAL-00697,999,20,92,4.5,165,872,https://m.media-amazon.com/images/I/813wipbPxWL._AC_UL320_.jpg,"Authentic Wall Art & Decor product. Built with high-grade components, tested for peak durability, and backed by a 1-year manufacturer warranty. Complete with original accessories and certified packaging."
prod_000698,14,sel_0003,"Woonkit Vintage Rock Band Posters for Room Aesthetic, 70s 80s 90s Retro Music Room Wall Bedroom Decor Wall Art, Vintage Rock Band Music...",CRT-WAL-00698,1299,10,72,4.7,134,1185,https://m.media-amazon.com/images/I/81rdFksmwsL._AC_UL320_.jpg,"Authentic Wall Art & Decor product. Built with high-grade components, tested for peak durability, and backed by a 1-year manufacturer warranty. Complete with original accessories and certified packaging."
prod_000699,14,sel_0037,FRAMED Botanical Plant Canvas Wall Art | Boho Plant Wall Decor for Bedroom | Minimalist Floral Prints for Living Room | Light Green...,CRT-WAL-00699,1599,25,145,4.3,237,1294,https://m.media-amazon.com/images/I/71kXct96npL._AC_UL320_.jpg,"Authentic Wall Art & Decor product. Built with high-grade components, tested for peak durability, and backed by a 1-year manufacturer warranty. Complete with original accessories and certified packaging."
prod_000700,14,sel_0008,"Command 669900230490 Poster Mega-Pack 136 Strips, White, Multi",CRT-WAL-00700,1399,20,58,4.7,424,402,https://m.media-amazon.com/images/I/71Q8vmQ2orL._AC_UL320_.jpg,"Authentic Wall Art & Decor product. Built with high-grade components, tested for peak durability, and backed by a 1-year manufacturer warranty. Complete with original accessories and certified packaging."
prod_000701,15,sel_0011,"Timers, Digital Kitchen Timer Magnetic with Large LED Display, LIORQUE Countdown Countup Timer for Cooking Classroom Fitness, Volume...",CRT-KIT-00701,1399,5,70,4.4,213,614,https://m.media-amazon.com/images/I/61mCWGQdZyS._AC_UL320_.jpg,"Authentic Kitchen & Dining product. Built with high-grade components, tested for peak durability, and backed by a 1-year manufacturer warranty. Complete with original accessories and certified packaging."
prod_000702,15,sel_0008,"3 in 1 Stuffed Burger Press Patty Maker Rings Molds Kit, Non Stick Stuffer Hamburger Press Patty Maker - with 100 Pcs Wax Hamburger...",CRT-KIT-00702,499,5,70,4.3,48,1447,https://m.media-amazon.com/images/I/71UoYVM66IL._AC_UL320_.jpg,"Authentic Kitchen & Dining product. Built with high-grade components, tested for peak durability, and backed by a 1-year manufacturer warranty. Complete with original accessories and certified packaging."
prod_000703,15,sel_0019,"Celestial Seasonings Herbal Tea, Bengal Spice 20 Count (Pack of 2)",CRT-KIT-00703,799,0,81,4.7,31,608,https://m.media-amazon.com/images/I/818lwt4i15L._AC_UL320_.jpg,"Authentic Kitchen & Dining product. Built with high-grade components, tested for peak durability, and backed by a 1-year manufacturer warranty. Complete with original accessories and certified packaging."
prod_000704,15,sel_0042,"Qimh Colander collapsible, Colander Strainer Over The Sink Vegetable/Fruit Colanders Strainers (6 Quart) with Extendable Handles, New...",CRT-KIT-00704,1199,0,109,4.7,260,563,https://m.media-amazon.com/images/I/61+Bx8RR+OL._AC_UL320_.jpg,"Authentic Kitchen & Dining product. Built with high-grade components, tested for peak durability, and backed by a 1-year manufacturer warranty. Complete with original accessories and certified packaging."
prod_000705,15,sel_0052,"American Metalcraft HACTP16 Coupe Style Pan, Heavy Weight, 14 Gauge Thickness, 16"" Dia., Aluminum, Silver",CRT-KIT-00705,599,20,11,4.5,358,185,https://m.media-amazon.com/images/I/61lVPffpNtL._AC_UL320_.jpg,"Authentic Kitchen & Dining product. Built with high-grade components, tested for peak durability, and backed by a 1-year manufacturer warranty. Complete with original accessories and certified packaging."
prod_000706,15,sel_0040,"Wooden Spoons for Cooking,12 Pack Wooden Utensils for Cooking Wooden Kitchen Utensils Set Wooden Cooking Utensils Natural Teak Wooden...",CRT-KIT-00706,2499,5,130,4.8,421,110,https://m.media-amazon.com/images/I/71tvwbASp6L._AC_UL320_.jpg,"Authentic Kitchen & Dining product. Built with high-grade components, tested for peak durability, and backed by a 1-year manufacturer warranty. Complete with original accessories and certified packaging."
prod_000707,15,sel_0029,"Aigostar Electric Kettle Temperature Control & Tea Infuser 1.7L, Hot Water Tea Kettle with Variable Temperature LED Indicator Light...",CRT-KIT-00707,2749,0,78,4.4,320,162,https://m.media-amazon.com/images/I/71kpP0gHMSL._AC_UL320_.jpg,"Authentic Kitchen & Dining product. Built with high-grade components, tested for peak durability, and backed by a 1-year manufacturer warranty. Complete with original accessories and certified packaging."
prod_000708,15,sel_0007,"Cupcake Stand Tower, 2 Pack, White, 3 Tiered, Cup Cake Stand Cardboard Dessert Holder for Parties (White)",CRT-KIT-00708,999,20,140,4.4,373,533,https://m.media-amazon.com/images/I/71lIxhnh4GL._AC_UL320_.jpg,"Authentic Kitchen & Dining product. Built with high-grade components, tested for peak durability, and backed by a 1-year manufacturer warranty. Complete with original accessories and certified packaging."
prod_000709,15,sel_0051,Premium Pizza Cutter Wheel - Stainless Steel - Easy to Cut and Clean - Super Sharp Pizza Slicer - Dishwasher Safe - Handles Large and...,CRT-KIT-00709,399,20,106,4.5,215,993,https://m.media-amazon.com/images/I/71wpWLWIJML._AC_UL320_.jpg,"Authentic Kitchen & Dining product. Built with high-grade components, tested for peak durability, and backed by a 1-year manufacturer warranty. Complete with original accessories and certified packaging."
prod_000710,15,sel_0018,"Silicone Spatulas, 8.5 inch Small Rubber Spatula Seamless One Piece Design Heat Resistant Non-Stick Flexible Scrapers Baking Mixing Tool...",CRT-KIT-00710,1199,0,87,4.7,73,534,https://m.media-amazon.com/images/I/61+bAgq0ppL._AC_UL320_.jpg,"Authentic Kitchen & Dining product. Built with high-grade components, tested for peak durability, and backed by a 1-year manufacturer warranty. Complete with original accessories and certified packaging."
prod_000711,15,sel_0039,"Infrared Thermometer, Heat Temperature Temp Gun for Cooking, Adjustable Emissivity - for Cooking, Pizza Oven, Meat, Griddle, Grill...",CRT-KIT-00711,1799,5,146,4.5,405,1339,https://m.media-amazon.com/images/I/81xIkPyUAEL._AC_UL320_.jpg,"Authentic Kitchen & Dining product. Built with high-grade components, tested for peak durability, and backed by a 1-year manufacturer warranty. Complete with original accessories and certified packaging."
prod_000712,15,sel_0019,"3.2 Gallon Fruit Wine Press - 100% Nature Apple&Grape&Berries Crusher Manual Juice Maker for Kitchen, Solid Wood Basket with 6 Blocks...",CRT-KIT-00712,9999,10,67,4.3,105,566,https://m.media-amazon.com/images/I/61aVkNVddVL._AC_UL320_.jpg,"Authentic Kitchen & Dining product. Built with high-grade components, tested for peak durability, and backed by a 1-year manufacturer warranty. Complete with original accessories and certified packaging."
prod_000713,15,sel_0049,"Teami® Colon Cleanse Detox Tea - 15 Tea Bags, 30 Day Supply",CRT-KIT-00713,1999,20,112,4.4,273,1344,https://m.media-amazon.com/images/I/71Uc8joOvaL._AC_UL320_.jpg,"Authentic Kitchen & Dining product. Built with high-grade components, tested for peak durability, and backed by a 1-year manufacturer warranty. Complete with original accessories and certified packaging."
prod_000714,15,sel_0039,"FineDine 5 Deep Nesting Mixing Bowls with Lids for Kitchen Storage , Cooking Food, Baking, Breading, Salad or Meal Prep - Silver...",CRT-KIT-00714,2749,10,59,4.5,177,1030,https://m.media-amazon.com/images/I/81SgvuYq9+L._AC_UL320_.jpg,"Authentic Kitchen & Dining product. Built with high-grade components, tested for peak durability, and backed by a 1-year manufacturer warranty. Complete with original accessories and certified packaging."
prod_000715,15,sel_0019,"AW BRIDAL Ceramic Engagement Gifts For Couples Newly Engaged Unique Coffee Mugs Set Of 2, 12 Oz| Bachelorette Bridal Shower Gift For...",CRT-KIT-00715,1999,25,14,4.8,274,283,https://m.media-amazon.com/images/I/61gaVlgQ8VL._AC_UL320_.jpg,"Authentic Kitchen & Dining product. Built with high-grade components, tested for peak durability, and backed by a 1-year manufacturer warranty. Complete with original accessories and certified packaging."
prod_000716,15,sel_0014,"Cookie Cutters 4"" to 3"" Set of 6 Mickey & Minnie Mouse Unicorn Dinosaur Heart Star Hot Biscuit Cake Fondant Pancake Cutter Mold for Kids...",CRT-KIT-00716,599,10,96,4.6,156,68,https://m.media-amazon.com/images/I/51t938yOPEL._AC_UL320_.jpg,"Authentic Kitchen & Dining product. Built with high-grade components, tested for peak durability, and backed by a 1-year manufacturer warranty. Complete with original accessories and certified packaging."
prod_000717,15,sel_0043,"Eggpod by Emson Egg Cooker Wireless Microwave Hardboiled Egg Maker, Cooker, Egg Boiler & Steamer, 4 Perfectly-Cooked Hard boiled Eggs in...",CRT-KIT-00717,1599,5,81,4.2,85,238,https://m.media-amazon.com/images/I/714xk-F9MKS._AC_UL320_.jpg,"Authentic Kitchen & Dining product. Built with high-grade components, tested for peak durability, and backed by a 1-year manufacturer warranty. Complete with original accessories and certified packaging."
prod_000718,15,sel_0029,Buddha Teas - Holy Basil - Organic Herbal Tea - For Cognitive Balance & Overall Health - Ayurvedic Tulsi - With Antioxidants - Caffeine...,CRT-KIT-00718,699,30,142,4.5,387,712,https://m.media-amazon.com/images/I/61GveOpU+jL._AC_UL320_.jpg,"Authentic Kitchen & Dining product. Built with high-grade components, tested for peak durability, and backed by a 1-year manufacturer warranty. Complete with original accessories and certified packaging."
prod_000719,15,sel_0017,Home Acre Designs Vintage Farmhouse Utensil Holder - Stylish Countertop Organizer and Kitchen Decor Caddy - Stainless Steel Rim - White,CRT-KIT-00719,1199,10,123,4.8,244,340,https://m.media-amazon.com/images/I/61uuNH5MWRS._AC_UL320_.jpg,"Authentic Kitchen & Dining product. Built with high-grade components, tested for peak durability, and backed by a 1-year manufacturer warranty. Complete with original accessories and certified packaging."
prod_000720,15,sel_0008,"Arc Water Bottle With Time Marker - Motivational Water Bottles With Times To Drink - BPA Free Frosted Plastic - Gym, Sports, Outdoors...",CRT-KIT-00720,1299,15,67,4.4,188,50,https://m.media-amazon.com/images/I/71MqXSvDq5L._AC_UL320_.jpg,"Authentic Kitchen & Dining product. Built with high-grade components, tested for peak durability, and backed by a 1-year manufacturer warranty. Complete with original accessories and certified packaging."
prod_000721,15,sel_0046,"Meat Slicer, Anescra 200W Electric Deli Food Slicer with Two Removable 7.5’’ Stainless Steel Blades and Food Carriage, 0-15mm Adjustable...",CRT-KIT-00721,9499,5,14,4.3,416,1062,https://m.media-amazon.com/images/I/61HvIzi9VkL._AC_UL320_.jpg,"Authentic Kitchen & Dining product. Built with high-grade components, tested for peak durability, and backed by a 1-year manufacturer warranty. Complete with original accessories and certified packaging."
prod_000722,15,sel_0009,"6-Piece Griddle Cleaning Kit for Blackstone, Flat Top Grill Cleaning Kit Non-Scratch Scouring Pads for Kitchen - 5 Scrubber Pads and 1...",CRT-KIT-00722,799,5,95,4.4,328,1027,https://m.media-amazon.com/images/I/71VhlpZxVML._AC_UL320_.jpg,"Authentic Kitchen & Dining product. Built with high-grade components, tested for peak durability, and backed by a 1-year manufacturer warranty. Complete with original accessories and certified packaging."
prod_000723,15,sel_0039,"Tulip Cupcake Liners, Muffin Liners for Baking by Baker’s Signature – 150pcs of Parchment Paper Cups Cupcake Wrappers – Perfect Size...",CRT-KIT-00723,1099,15,43,4.7,392,1045,https://m.media-amazon.com/images/I/71j22UOrZRL._AC_UL320_.jpg,"Authentic Kitchen & Dining product. Built with high-grade components, tested for peak durability, and backed by a 1-year manufacturer warranty. Complete with original accessories and certified packaging."
prod_000724,15,sel_0024,"E-far 8 Inch Cake Pan Set of 3, Stainless Steel Round Layer Cake Baking Pans, Non-Toxic & Healthy, Mirror Finish & Dishwasher Safe",CRT-KIT-00724,1399,25,97,4.7,330,938,https://m.media-amazon.com/images/I/619kc4gi9wL._AC_UL320_.jpg,"Authentic Kitchen & Dining product. Built with high-grade components, tested for peak durability, and backed by a 1-year manufacturer warranty. Complete with original accessories and certified packaging."
prod_000725,15,sel_0005,Ice Cube Tray for Freezer (Set of 2) - Ice Tray with Lid Ice Cube Trays for Freezer with Lid - Ice Trays for Freezer with Lid - Ice Maker,CRT-KIT-00725,599,0,59,4.5,332,360,https://m.media-amazon.com/images/I/714LnMIn6tL._AC_UL320_.jpg,"Authentic Kitchen & Dining product. Built with high-grade components, tested for peak durability, and backed by a 1-year manufacturer warranty. Complete with original accessories and certified packaging."
prod_000726,15,sel_0006,Norpro 2063 Nonstick 3 Sided Splatter Guard,CRT-KIT-00726,999,0,88,4.3,434,55,https://m.media-amazon.com/images/I/81A9iJJYGML._AC_UL320_.jpg,"Authentic Kitchen & Dining product. Built with high-grade components, tested for peak durability, and backed by a 1-year manufacturer warranty. Complete with original accessories and certified packaging."
prod_000727,15,sel_0035,"18""x12"" PVC Bar Service Mat for Cocktail Bartender (Black 2-Pack)",CRT-KIT-00727,1599,0,72,4.8,114,878,https://m.media-amazon.com/images/I/71kKXBtAJQL._AC_UL320_.jpg,"Authentic Kitchen & Dining product. Built with high-grade components, tested for peak durability, and backed by a 1-year manufacturer warranty. Complete with original accessories and certified packaging."
prod_000728,15,sel_0050,"Cake Drums Round 14 Inches - (Gold, 1-Pack) - Sturdy 1/2 Inch Thick - Professional Smooth Straight Edges",CRT-KIT-00728,599,0,44,4.8,333,1196,https://m.media-amazon.com/images/I/813YdQl8BzL._AC_UL320_.jpg,"Authentic Kitchen & Dining product. Built with high-grade components, tested for peak durability, and backed by a 1-year manufacturer warranty. Complete with original accessories and certified packaging."
prod_000729,15,sel_0057,"Air Fryer Disposable Paper Liner for Ninja AG301 Air Fryer, 100 Pcs Non-Stick Disposable Air Fryer Parchment Paper Pads Air Fryer Liners...",CRT-KIT-00729,999,15,89,4.5,294,469,https://m.media-amazon.com/images/I/71YYQgyB7iL._AC_UL320_.jpg,"Authentic Kitchen & Dining product. Built with high-grade components, tested for peak durability, and backed by a 1-year manufacturer warranty. Complete with original accessories and certified packaging."
prod_000730,15,sel_0018,"ESHATO Kids Chef Hat, Adjustable Elastic Cotton Cooking Cap for Children",CRT-KIT-00730,599,15,143,4.7,376,727,https://m.media-amazon.com/images/I/61jyygc1zvL._AC_UL320_.jpg,"Authentic Kitchen & Dining product. Built with high-grade components, tested for peak durability, and backed by a 1-year manufacturer warranty. Complete with original accessories and certified packaging."
prod_000731,15,sel_0018,"Chocolate Molds, Rectangle Chocolate Bar Sweet Molds Silicone Bakeware Wax Melt Molds, Pack of 1",CRT-KIT-00731,599,10,103,4.7,96,504,https://m.media-amazon.com/images/I/61-JSv3gCdL._AC_UL320_.jpg,"Authentic Kitchen & Dining product. Built with high-grade components, tested for peak durability, and backed by a 1-year manufacturer warranty. Complete with original accessories and certified packaging."
prod_000732,15,sel_0029,"Cha4TEA 36-Count Assorted Green Tea for Keurig K-Cup Brewers (Matcha Green Tea, Green Tea, Jasmine /Oolong Green Tea)",CRT-KIT-00732,1599,5,25,4.5,51,929,https://m.media-amazon.com/images/I/91u97qri4tL._AC_UL320_.jpg,"Authentic Kitchen & Dining product. Built with high-grade components, tested for peak durability, and backed by a 1-year manufacturer warranty. Complete with original accessories and certified packaging."
prod_000733,15,sel_0041,"[200 Count] Linen-Feel Guest Towels - Disposable Cloth Dinner Napkins, Bathroom Paper Hand Towels, Wedding Napkins",CRT-KIT-00733,2499,15,77,4.7,97,502,https://m.media-amazon.com/images/I/6194z7NaepL._AC_UL320_.jpg,"Authentic Kitchen & Dining product. Built with high-grade components, tested for peak durability, and backed by a 1-year manufacturer warranty. Complete with original accessories and certified packaging."
prod_000734,15,sel_0036,"Mattitude Kitchen Mat [2 PCS] Cushioned Anti-Fatigue Non Slip Rug Waterproof Kitchen Rug Ergonomic Comfort Standing Mat , House, Floor...",CRT-KIT-00734,1699,30,107,4.4,183,1355,https://m.media-amazon.com/images/I/81GdRKm5FIL._AC_UL320_.jpg,"Authentic Kitchen & Dining product. Built with high-grade components, tested for peak durability, and backed by a 1-year manufacturer warranty. Complete with original accessories and certified packaging."
prod_000735,15,sel_0013,"WEIGHTMAN Digital Scale Gram, 200g/0.01g Pocket Scale Gold Titanium Plating, LCD Backlit Display, Mini Jewelry Scale with 6 Units, Auto...",CRT-KIT-00735,1099,0,14,4.6,347,821,https://m.media-amazon.com/images/I/71ZNKCoipgL._AC_UL320_.jpg,"Authentic Kitchen & Dining product. Built with high-grade components, tested for peak durability, and backed by a 1-year manufacturer warranty. Complete with original accessories and certified packaging."
prod_000736,15,sel_0015,"100 Pack Round Air Fryer Liners with Holes for Air Fryer Basket, Dumpling Paper, 10 Inch Perforated Bamboo Steamer Liner Sheets for...",CRT-KIT-00736,699,0,139,4.7,62,1204,https://m.media-amazon.com/images/I/61TzV5i413L._AC_UL320_.jpg,"Authentic Kitchen & Dining product. Built with high-grade components, tested for peak durability, and backed by a 1-year manufacturer warranty. Complete with original accessories and certified packaging."
prod_000737,15,sel_0013,Clear Glass Bottles 12 oz - 375ml [Pack of 6] for Wine Beverages Drinks Oil Vinegar Kombucha Beer Water Soda with Cork Stopper Airtight Lid,CRT-KIT-00737,2499,15,70,4.7,417,1377,https://m.media-amazon.com/images/I/515EKlI0PvL._AC_UL320_.jpg,"Authentic Kitchen & Dining product. Built with high-grade components, tested for peak durability, and backed by a 1-year manufacturer warranty. Complete with original accessories and certified packaging."
prod_000738,15,sel_0039,"Café Bustelo Espresso Style, Dark Roast Coffee, 12 Keurig K-Cup Pods",CRT-KIT-00738,599,0,19,4.7,341,362,https://m.media-amazon.com/images/I/81rutJBwscL._AC_UL320_.jpg,"Authentic Kitchen & Dining product. Built with high-grade components, tested for peak durability, and backed by a 1-year manufacturer warranty. Complete with original accessories and certified packaging."
prod_000739,15,sel_0046,"70 Count Recipe Cards, Recipe Cards 4x6 White, 4x6 Recipe Cards Double Sided, Blank Recipe Cards for Bridal Shower and Wedding",CRT-KIT-00739,499,25,16,4.8,376,128,https://m.media-amazon.com/images/I/61iLR5gZHYL._AC_UL320_.jpg,"Authentic Kitchen & Dining product. Built with high-grade components, tested for peak durability, and backed by a 1-year manufacturer warranty. Complete with original accessories and certified packaging."
prod_000740,15,sel_0058,"IMUSA USA Traditional Colombian Natural Caldero Glass Lid & Steam Vent 3-Piece (1.4/3.4/6.6) Quart, Silver (Dutch Oven Set)",CRT-KIT-00740,2249,15,17,4.5,247,334,https://m.media-amazon.com/images/I/61fdnCdCsmL._AC_UL320_.jpg,"Authentic Kitchen & Dining product. Built with high-grade components, tested for peak durability, and backed by a 1-year manufacturer warranty. Complete with original accessories and certified packaging."
prod_000741,15,sel_0012,"Tetley British Blend Decaffeinated Black Tea, 40 Tea Bags",CRT-KIT-00741,599,10,10,4.5,43,876,https://m.media-amazon.com/images/I/71WrHHZ+tZL._AC_UL320_.jpg,"Authentic Kitchen & Dining product. Built with high-grade components, tested for peak durability, and backed by a 1-year manufacturer warranty. Complete with original accessories and certified packaging."
prod_000742,15,sel_0011,"Popsicles Molds, MEETRUE 12 Pieces Silicone Popsicle Molds Easy-Release BPA-free Popsicle Maker Molds Ice Pop Molds Homemade Popsicle...",CRT-KIT-00742,1399,0,147,4.5,245,26,https://m.media-amazon.com/images/I/61J4hh0lVyL._AC_UL320_.jpg,"Authentic Kitchen & Dining product. Built with high-grade components, tested for peak durability, and backed by a 1-year manufacturer warranty. Complete with original accessories and certified packaging."
prod_000743,15,sel_0031,"DASH Hot Air Popcorn Popper Maker with Measuring Cup to Portion Popping Corn Kernels + Melt Butter, 16 Cups - White",CRT-KIT-00743,1799,5,94,4.2,374,403,https://m.media-amazon.com/images/I/61zzPXaUptL._AC_UL320_.jpg,"Authentic Kitchen & Dining product. Built with high-grade components, tested for peak durability, and backed by a 1-year manufacturer warranty. Complete with original accessories and certified packaging."
prod_000744,15,sel_0049,"KitchenArt Professional Series Tablespoon, Champagne Satin Measuring Spoon, Adjustable from 1/2 Teaspoon to 1, White & Black",CRT-KIT-00744,1299,15,107,4.4,426,1212,https://m.media-amazon.com/images/I/615d7ruML7L._AC_UL320_.jpg,"Authentic Kitchen & Dining product. Built with high-grade components, tested for peak durability, and backed by a 1-year manufacturer warranty. Complete with original accessories and certified packaging."
prod_000745,15,sel_0017,"Dumpling Maker Press，Empanadas Maker Press，Dumpling Mold Machine-Make Perfect Dumplings Every Time，3Sizes (L/3.7""+M/3.2""+S/2.6"")",CRT-KIT-00745,699,20,14,4.2,198,165,https://m.media-amazon.com/images/I/61Y9fWjvHmL._AC_UL320_.jpg,"Authentic Kitchen & Dining product. Built with high-grade components, tested for peak durability, and backed by a 1-year manufacturer warranty. Complete with original accessories and certified packaging."
prod_000746,15,sel_0037,"15PCS Cocktail Picks for Drinks, Stainless Steel Cocktail Toothpicks, Reusable Cocktail Skewers, Garnish Picks Bloody Mary Skewers...",CRT-KIT-00746,599,0,131,4.8,237,1046,https://m.media-amazon.com/images/I/61I57jiZIrL._AC_UL320_.jpg,"Authentic Kitchen & Dining product. Built with high-grade components, tested for peak durability, and backed by a 1-year manufacturer warranty. Complete with original accessories and certified packaging."
prod_000747,15,sel_0059,"Café Bustelo Brazil Dark Roast Coffee, 72 Keurig K-Cup Pods",CRT-KIT-00747,3749,25,93,4.6,70,863,https://m.media-amazon.com/images/I/81vL0oeZrEL._AC_UL320_.jpg,"Authentic Kitchen & Dining product. Built with high-grade components, tested for peak durability, and backed by a 1-year manufacturer warranty. Complete with original accessories and certified packaging."
prod_000748,15,sel_0010,"Sommelier 50753 Joie Spud Dude Potato Vegetable Scrub Cleaner Brush, 3 x 2-Inches, Multi Color",CRT-KIT-00748,599,0,76,4.4,365,1049,https://m.media-amazon.com/images/I/61yRmREsTnL._AC_UL320_.jpg,"Authentic Kitchen & Dining product. Built with high-grade components, tested for peak durability, and backed by a 1-year manufacturer warranty. Complete with original accessories and certified packaging."
prod_000749,15,sel_0028,"Cake Collars 4 x 394inch,Transparent Cake Rolls, Acetate Sheet, Transparent Chocolate Mousse Collar Baking Surrounding Edge Decorating...",CRT-KIT-00749,699,10,125,4.7,231,382,https://m.media-amazon.com/images/I/518HwneMvvL._AC_UL320_.jpg,"Authentic Kitchen & Dining product. Built with high-grade components, tested for peak durability, and backed by a 1-year manufacturer warranty. Complete with original accessories and certified packaging."
prod_000750,15,sel_0014,"Nostalgia 3 Tier Electric Chocolate Fondue Fountain Machine for Parties - Melts Cheese, Queso, Candy, and Liqueur - Dip Strawberries...",CRT-KIT-00750,2999,10,52,4,218,309,https://m.media-amazon.com/images/I/81MKVKslzqL._AC_UL320_.jpg,"Authentic Kitchen & Dining product. Built with high-grade components, tested for peak durability, and backed by a 1-year manufacturer warranty. Complete with original accessories and certified packaging."
prod_000751,16,sel_0024,"Corner Shower Caddy, 2 Pack Adhesive Shower Corner Organizer Shelves, No Drilling Stainless Steel Shower Storage Rack with...",CRT-BED-00751,1599,25,43,4.7,145,789,https://m.media-amazon.com/images/I/71qo5eAZRdL._AC_UL320_.jpg,"Authentic Bed & Bath product. Built with high-grade components, tested for peak durability, and backed by a 1-year manufacturer warranty. Complete with original accessories and certified packaging."
prod_000752,16,sel_0035,"Shower Curtain Hooks Rings, Rust-Resistant for Bathroom Shower Rods Shower Hooks - Set of 12, Chrome",CRT-BED-00752,349,25,149,4.5,156,1088,https://m.media-amazon.com/images/I/61KWmht+ltL._AC_UL320_.jpg,"Authentic Bed & Bath product. Built with high-grade components, tested for peak durability, and backed by a 1-year manufacturer warranty. Complete with original accessories and certified packaging."
prod_000753,16,sel_0008,"SONORO KATE Bathroom Rug 32""×20"", Non-Slip Bath Mat, Soft Cozy Shaggy Durable Thick Chenille Bath Rugs for Bathroom,Easier to Dry, Plush...",CRT-BED-00753,1199,0,119,4.6,28,827,https://m.media-amazon.com/images/I/81TAObJVrBL._AC_UL320_.jpg,"Authentic Bed & Bath product. Built with high-grade components, tested for peak durability, and backed by a 1-year manufacturer warranty. Complete with original accessories and certified packaging."
prod_000754,16,sel_0023,"INEVIFIT Bathroom Scale, Highly Accurate Digital Bathroom Body Scale, Measures Weight up to 400 lbs. Includes Batteries",CRT-BED-00754,3749,10,30,4.8,443,1041,https://m.media-amazon.com/images/I/71ibxVZi9BL._AC_UL320_.jpg,"Authentic Bed & Bath product. Built with high-grade components, tested for peak durability, and backed by a 1-year manufacturer warranty. Complete with original accessories and certified packaging."
prod_000755,16,sel_0032,"JASAI 18 Oz Clear Glass Soap Dispenser with Rust Proof Stainless Steel Pump, Refillable Liquid Hand Soap Dispenser for Bathroom, Premium...",CRT-BED-00755,699,20,65,4.6,85,575,https://m.media-amazon.com/images/I/61S4zvDangL._AC_UL320_.jpg,"Authentic Bed & Bath product. Built with high-grade components, tested for peak durability, and backed by a 1-year manufacturer warranty. Complete with original accessories and certified packaging."
prod_000756,16,sel_0042,"smiry Luxury Chenille Bath Rug, Extra Soft and Absorbent Shaggy Bathroom Mat Rugs, Machine Washable, Non-Slip Plush Carpet Runner for...",CRT-BED-00756,699,30,69,4.5,373,600,https://m.media-amazon.com/images/I/81Y8HSYNloL._AC_UL320_.jpg,"Authentic Bed & Bath product. Built with high-grade components, tested for peak durability, and backed by a 1-year manufacturer warranty. Complete with original accessories and certified packaging."
prod_000757,16,sel_0013,"Matte Black Toilet Paper Holder SUS304 Stainless Steel, Modern Round Tissue Roll Holders Wall Mount, Toilet Paper Roll Dispenser...",CRT-BED-00757,799,5,131,4.6,286,1248,https://m.media-amazon.com/images/I/51OWLzGEfAL._AC_UL320_.jpg,"Authentic Bed & Bath product. Built with high-grade components, tested for peak durability, and backed by a 1-year manufacturer warranty. Complete with original accessories and certified packaging."
prod_000758,16,sel_0029,OXO Good Grips Soap Dispensing Palm Brush Storage Set,CRT-BED-00758,999,5,88,4.7,25,698,https://m.media-amazon.com/images/I/71ixBEDC2HL._AC_UL320_.jpg,"Authentic Bed & Bath product. Built with high-grade components, tested for peak durability, and backed by a 1-year manufacturer warranty. Complete with original accessories and certified packaging."
prod_000759,16,sel_0001,Utopia Towels - Luxurious Jumbo Bath Sheet 2 Piece - 600 GSM 100% Ring Spun Cotton Highly Absorbent and Quick Dry Extra Large Bath Towel...,CRT-BED-00759,2499,10,42,4.5,265,772,https://m.media-amazon.com/images/I/A1WIbLZAWdL._AC_UL320_.jpg,"Authentic Bed & Bath product. Built with high-grade components, tested for peak durability, and backed by a 1-year manufacturer warranty. Complete with original accessories and certified packaging."
prod_000760,16,sel_0006,"Madesmart 2-Tier Plastic Multipurpose Organizer with Divided Slide-Out Storage Bins, Under Sink and Cabinet Organizer Rack, Frost",CRT-BED-00760,1499,20,44,4.6,329,575,https://m.media-amazon.com/images/I/61r05gGdJXL._AC_UL320_.jpg,"Authentic Bed & Bath product. Built with high-grade components, tested for peak durability, and backed by a 1-year manufacturer warranty. Complete with original accessories and certified packaging."
prod_000761,16,sel_0032,"YINENN Bath Tub Shower Stall Mats 31x15.5 Inch Non-Slip and Latex Free, Bathtub Mat with Suction Cups, Machine Washable Bathroom Mats...",CRT-BED-00761,799,20,16,4.5,368,361,https://m.media-amazon.com/images/I/71nxFhDeXJL._AC_UL320_.jpg,"Authentic Bed & Bath product. Built with high-grade components, tested for peak durability, and backed by a 1-year manufacturer warranty. Complete with original accessories and certified packaging."
prod_000762,16,sel_0047,"AquaBliss HD Multi Stage Shower Filter Replacement Cartridge - 48x Heavy Duty Detox Power. Kiss Itching, Breakage & Dullness Goodbye....",CRT-BED-00762,1599,30,85,4.6,111,795,https://m.media-amazon.com/images/I/61WD4AkmJaL._AC_UL320_.jpg,"Authentic Bed & Bath product. Built with high-grade components, tested for peak durability, and backed by a 1-year manufacturer warranty. Complete with original accessories and certified packaging."
prod_000763,16,sel_0037,"Luigi's Sink and Drain Plunger for Bathrooms, Kitchens, Sinks, Baths and Showers. Small and Powerful, Commercial Style 'Plumbers...",CRT-BED-00763,1199,25,58,4.5,78,323,https://m.media-amazon.com/images/I/617FkvQFW6L._AC_UL320_.jpg,"Authentic Bed & Bath product. Built with high-grade components, tested for peak durability, and backed by a 1-year manufacturer warranty. Complete with original accessories and certified packaging."
prod_000764,16,sel_0027,"Gorilla Grip Bath Rug 24x17, Thick Soft Absorbent Chenille, Rubber Backing Quick Dry Microfiber Mats, Machine Washable Rugs for Shower...",CRT-BED-00764,899,5,149,4.4,349,21,https://m.media-amazon.com/images/I/715r2qeyaWL._AC_UL320_.jpg,"Authentic Bed & Bath product. Built with high-grade components, tested for peak durability, and backed by a 1-year manufacturer warranty. Complete with original accessories and certified packaging."
prod_000765,16,sel_0001,"OLANLY Luxury Bathroom Rug Mat 30x20, Extra Soft and Absorbent Microfiber Bath Rugs, Non-Slip Plush Shaggy Bath Carpet, Machine Wash...",CRT-BED-00765,1599,5,55,4.4,52,1236,https://m.media-amazon.com/images/I/81AFxaQnZXL._AC_UL320_.jpg,"Authentic Bed & Bath product. Built with high-grade components, tested for peak durability, and backed by a 1-year manufacturer warranty. Complete with original accessories and certified packaging."
prod_000766,16,sel_0031,"ALYVIA SPRING Extra Long Fabric Shower Curtain Liner Waterproof - 72"" x 84"", Soft & Lightweight XL Shower Curtain with Magnets, Machine...",CRT-BED-00766,1199,25,75,4.6,426,650,https://m.media-amazon.com/images/I/61N3LuiqNKL._AC_UL320_.jpg,"Authentic Bed & Bath product. Built with high-grade components, tested for peak durability, and backed by a 1-year manufacturer warranty. Complete with original accessories and certified packaging."
prod_000767,16,sel_0049,Gallon Pump Dispenser - for Plastic or Glass Bottles – Heavy-Duty Leak Proof for Commercial and Household Use - Plastic Pump for 1...,CRT-BED-00767,699,15,127,4.5,424,1437,https://m.media-amazon.com/images/I/71uhhC9A9wS._AC_UL320_.jpg,"Authentic Bed & Bath product. Built with high-grade components, tested for peak durability, and backed by a 1-year manufacturer warranty. Complete with original accessories and certified packaging."
prod_000768,16,sel_0036,"Stone Bath Mat - Non-Slip Fast-Drying Mat for Kitchen Counter, Tub & Bathroom Floor - Super Absorbent Diatomaceous Earth Shower Mat ...",CRT-BED-00768,3999,0,86,4.4,271,1296,https://m.media-amazon.com/images/I/710f6SOkF+L._AC_UL320_.jpg,"Authentic Bed & Bath product. Built with high-grade components, tested for peak durability, and backed by a 1-year manufacturer warranty. Complete with original accessories and certified packaging."
prod_000769,16,sel_0024,"NearMoon Bathroom Toilet Paper Holder, Premium SUS304 Stainless Steel Rustproof Wall Mounted Toilet Roll Holder for Bathroom, Kitchen...",CRT-BED-00769,599,20,81,4.4,431,727,https://m.media-amazon.com/images/I/51S2eyDrcaL._AC_UL320_.jpg,"Authentic Bed & Bath product. Built with high-grade components, tested for peak durability, and backed by a 1-year manufacturer warranty. Complete with original accessories and certified packaging."
prod_000770,16,sel_0032,"Metal Shower Curtain Hooks，Set of 12 Rings，Rust Resistant S Shaped Hooks Hangers for Kitchen Utensils, Clothing, Towels, etc. (Black)",CRT-BED-00770,599,0,100,4.7,42,257,https://m.media-amazon.com/images/I/61Zl5uq0s+L._AC_UL320_.jpg,"Authentic Bed & Bath product. Built with high-grade components, tested for peak durability, and backed by a 1-year manufacturer warranty. Complete with original accessories and certified packaging."
prod_000771,16,sel_0038,"12 PCS Clear Plastic Shower Curtain Rings, Easy Snap Closure Shower Curtain Hooks",CRT-BED-00771,449,0,28,4.5,325,1086,https://m.media-amazon.com/images/I/51ephgFxalS._AC_UL320_.jpg,"Authentic Bed & Bath product. Built with high-grade components, tested for peak durability, and backed by a 1-year manufacturer warranty. Complete with original accessories and certified packaging."
prod_000772,16,sel_0022,"Waste King Black Disposer EZ Mount Garbage Disposal Stopper and Splash Guard for Sink Drain, 1025",CRT-BED-00772,699,15,56,4.5,150,718,https://m.media-amazon.com/images/I/71gDj0KTtzL._AC_UL320_.jpg,"Authentic Bed & Bath product. Built with high-grade components, tested for peak durability, and backed by a 1-year manufacturer warranty. Complete with original accessories and certified packaging."
prod_000773,16,sel_0055,"smiry Memory Foam Bath Mat, Super Soft Absorbent Bathroom Rugs Non Slip Bath Rug Runner for Shower Bathroom Floors, 24"" x 16"", Black",CRT-BED-00773,799,20,96,4.3,299,591,https://m.media-amazon.com/images/I/71ONcUd7brL._AC_UL320_.jpg,"Authentic Bed & Bath product. Built with high-grade components, tested for peak durability, and backed by a 1-year manufacturer warranty. Complete with original accessories and certified packaging."
prod_000774,16,sel_0056,"AmazerBath Bath Tub Mat, Medium Size 27.6 x 15 Inches Non-Slip Shower Mats with Suction Cups and Drain Holes, Bathroom Bathtub Mats...",CRT-BED-00774,999,20,29,4.3,58,1058,https://m.media-amazon.com/images/I/61oK-pTC4HL._AC_UL320_.jpg,"Authentic Bed & Bath product. Built with high-grade components, tested for peak durability, and backed by a 1-year manufacturer warranty. Complete with original accessories and certified packaging."
prod_000775,16,sel_0050,"Orighty Microfiber Washcloths Towels Set 50 Pack, Highly Absorbent and Soft Feel Face Cloths, Multi-Purpose Wash Cloths for Bathroom...",CRT-BED-00775,1099,25,43,4.3,131,598,https://m.media-amazon.com/images/I/71uNvckd4mL._AC_UL320_.jpg,"Authentic Bed & Bath product. Built with high-grade components, tested for peak durability, and backed by a 1-year manufacturer warranty. Complete with original accessories and certified packaging."
prod_000776,16,sel_0046,"HOME SO Suction Cup Hooks for Shower, Bathroom, Kitchen, Glass Door, Mirror, Tile – Loofah, Towel, Coat, Bath Robe Hook Holder for...",CRT-BED-00776,1599,5,10,4.4,122,651,https://m.media-amazon.com/images/I/41JwQBDG3tL._AC_UL320_.jpg,"Authentic Bed & Bath product. Built with high-grade components, tested for peak durability, and backed by a 1-year manufacturer warranty. Complete with original accessories and certified packaging."
prod_000777,16,sel_0029,6 Spray Modes High Pressure Handheld Showerhead Set Upgraded 5 Inches Premium Chrome 60 Inches Stainless Steel Hose For Low Water Pressure,CRT-BED-00777,1899,30,76,4.5,393,780,https://m.media-amazon.com/images/I/71VdSPxqHTL._AC_UL320_.jpg,"Authentic Bed & Bath product. Built with high-grade components, tested for peak durability, and backed by a 1-year manufacturer warranty. Complete with original accessories and certified packaging."
prod_000778,16,sel_0044,"Etekcity Digital Bathroom Scale for Body Weight for People, Extra Wide Platform and High Capacity, Large Number and Easy-to-Read on...",CRT-BED-00778,2249,15,82,4.7,203,337,https://m.media-amazon.com/images/I/51h6JAlrhZL._AC_UL320_.jpg,"Authentic Bed & Bath product. Built with high-grade components, tested for peak durability, and backed by a 1-year manufacturer warranty. Complete with original accessories and certified packaging."
prod_000779,16,sel_0009,"Soap Dispenser - 2 Pack, 18 Oz Antique Design Thick Glass Hand Soap Dispensers; with 304 Rust Proof Stainless Steel Pump, 6Pcs Clear...",CRT-BED-00779,1099,25,79,4.6,71,463,https://m.media-amazon.com/images/I/614YaiDMdxL._AC_UL320_.jpg,"Authentic Bed & Bath product. Built with high-grade components, tested for peak durability, and backed by a 1-year manufacturer warranty. Complete with original accessories and certified packaging."
prod_000780,16,sel_0042,SheeChung 15 Oz Qtip Dispenser Apothecary Jars Bathroom with Labels - Qtip Holder Storage Canister Clear Plastic Acrylic Jar for Cotton...,CRT-BED-00780,499,5,95,4.6,283,683,https://m.media-amazon.com/images/I/710dRwUp3UL._AC_UL320_.jpg,"Authentic Bed & Bath product. Built with high-grade components, tested for peak durability, and backed by a 1-year manufacturer warranty. Complete with original accessories and certified packaging."
prod_000781,16,sel_0005,"KAHAF Collection 6-Pack Bath Towels - Lightweight - Extra Absorbent - 100% Cotton - Shower towels (Multi, 27 inchesx54 inches)",CRT-BED-00781,2249,0,46,4.1,65,602,https://m.media-amazon.com/images/I/81UwogJF3yL._AC_UL320_.jpg,"Authentic Bed & Bath product. Built with high-grade components, tested for peak durability, and backed by a 1-year manufacturer warranty. Complete with original accessories and certified packaging."
prod_000782,16,sel_0030,"Sellemer Toilet Brush and Holder Set for Bathroom, Flexible Toilet Bowl Brush Head with Silicone Bristles, Compact Size for Storage and...",CRT-BED-00782,799,10,42,4.1,114,593,https://m.media-amazon.com/images/I/51EIxHlK++L._AC_UL320_.jpg,"Authentic Bed & Bath product. Built with high-grade components, tested for peak durability, and backed by a 1-year manufacturer warranty. Complete with original accessories and certified packaging."
prod_000783,16,sel_0017,"Wall Towel Rack for Rolled Towels, 2 Tier Bathroom Towel Storage with Wood Shelf, Metal Wall Mounted Towel Storage for Small Bathroom",CRT-BED-00783,1799,30,121,4.7,268,1342,https://m.media-amazon.com/images/I/61m6Bed-r3L._AC_UL320_.jpg,"Authentic Bed & Bath product. Built with high-grade components, tested for peak durability, and backed by a 1-year manufacturer warranty. Complete with original accessories and certified packaging."
prod_000784,16,sel_0060,"Shower Head, 8 Inch High Pressure Rainfall Shower Head/Handheld Shower Combo with 11 Inch Extension Arm, 9 Settings Adjustable Anti-leak...",CRT-BED-00784,3499,20,55,4.3,201,136,https://m.media-amazon.com/images/I/71z4kIdF3PL._AC_UL320_.jpg,"Authentic Bed & Bath product. Built with high-grade components, tested for peak durability, and backed by a 1-year manufacturer warranty. Complete with original accessories and certified packaging."
prod_000785,16,sel_0026,"SlipX Solutions Power Grip Extra Long Bath Tub & Shower Mat 39x16, Wet Floor Non-Slip for Elderly & Kids Bathroom, 30% Longer Bathtub...",CRT-BED-00785,1199,30,127,4.5,208,252,https://m.media-amazon.com/images/I/71RqwP6tyaL._AC_UL320_.jpg,"Authentic Bed & Bath product. Built with high-grade components, tested for peak durability, and backed by a 1-year manufacturer warranty. Complete with original accessories and certified packaging."
prod_000786,16,sel_0015,"Danco 10086 VersaSpray Portable Hand Held Shower Head Sprayer Fits Bathtubs Without Diverter, 1 Pack, White",CRT-BED-00786,999,10,17,3.4,105,501,https://m.media-amazon.com/images/I/61062LRWZ+L._AC_UL320_.jpg,"Authentic Bed & Bath product. Built with high-grade components, tested for peak durability, and backed by a 1-year manufacturer warranty. Complete with original accessories and certified packaging."
prod_000787,16,sel_0035,"Black Toilet Paper Holder, Bathroom Tissue Holder Paper Roll SUS 304 Stainless Steel Wall Mount Matte Black, A2175S12-BK",CRT-BED-00787,799,10,52,4.7,113,415,https://m.media-amazon.com/images/I/41J-thR2K9L._AC_UL320_.jpg,"Authentic Bed & Bath product. Built with high-grade components, tested for peak durability, and backed by a 1-year manufacturer warranty. Complete with original accessories and certified packaging."
prod_000788,16,sel_0056,"Goowin Shower Curtain Rings, 12 Pcs Shower Curtain Hooks, Oval Snap Shower Rings for Curtain, Metal Black Shower Curtain Rings Rust...",CRT-BED-00788,499,30,81,4.5,90,99,https://m.media-amazon.com/images/I/61B-I1x19kL._AC_UL320_.jpg,"Authentic Bed & Bath product. Built with high-grade components, tested for peak durability, and backed by a 1-year manufacturer warranty. Complete with original accessories and certified packaging."
prod_000789,16,sel_0009,"Black Spring Tension Curtain Rod 28-52 Inches, 7/8"" Diameter Adjustable Shower Curtain Rod No Drill, Anti-slip Heavy Duty Spring Curtain...",CRT-BED-00789,1099,5,133,4.1,282,442,https://m.media-amazon.com/images/I/6164NCRlqNL._AC_UL320_.jpg,"Authentic Bed & Bath product. Built with high-grade components, tested for peak durability, and backed by a 1-year manufacturer warranty. Complete with original accessories and certified packaging."
prod_000790,16,sel_0032,"Makeup Perfume Organizer, 360 Degree Rotating Lazy Susan Cosmetic Desk Storage Lotions Display Case Round Gift Tray with Large Capacity...",CRT-BED-00790,1599,30,69,4.6,274,419,https://m.media-amazon.com/images/I/71aIPPX3L6L._AC_UL320_.jpg,"Authentic Bed & Bath product. Built with high-grade components, tested for peak durability, and backed by a 1-year manufacturer warranty. Complete with original accessories and certified packaging."
prod_000791,16,sel_0008,"GLAMBURG Ultra Soft 8-Piece Towel Set - 100% Pure Ringspun Cotton, Contains 2 Oversized Bath Towels 27x54, 2 Hand Towels 16x28, 4 Wash...",CRT-BED-00791,2499,15,22,4,373,1214,https://m.media-amazon.com/images/I/91XNL5fDD0L._AC_UL320_.jpg,"Authentic Bed & Bath product. Built with high-grade components, tested for peak durability, and backed by a 1-year manufacturer warranty. Complete with original accessories and certified packaging."
prod_000792,16,sel_0024,"2 Pack Thick Amber Glass Pint Jar Soap Dispenser with Matte Black Stainless Steel Pump, 16ounce Boston Round Bottles Dispenser with...",CRT-BED-00792,1199,30,70,4.5,204,1210,https://m.media-amazon.com/images/I/51Gax8kXHvL._AC_UL320_.jpg,"Authentic Bed & Bath product. Built with high-grade components, tested for peak durability, and backed by a 1-year manufacturer warranty. Complete with original accessories and certified packaging."
prod_000793,16,sel_0052,"Amazon Basics Banded Bathroom Bath Rug Mat, Bright White, 31"" L x 20"" W",CRT-BED-00793,999,20,89,4.2,140,605,https://m.media-amazon.com/images/I/61vWJQ2OEGS._AC_UL320_.jpg,"Authentic Bed & Bath product. Built with high-grade components, tested for peak durability, and backed by a 1-year manufacturer warranty. Complete with original accessories and certified packaging."
prod_000794,16,sel_0005,"Veken 12 Inch Dual Rain Shower HeadCombo with 5 Settings High Pressure Handheld, Matte Black Rainfall Shower Head with Adjustable...",CRT-BED-00794,4249,5,145,4.4,310,823,https://m.media-amazon.com/images/I/81r+IJ-EAkL._AC_UL320_.jpg,"Authentic Bed & Bath product. Built with high-grade components, tested for peak durability, and backed by a 1-year manufacturer warranty. Complete with original accessories and certified packaging."
prod_000795,16,sel_0060,"Double Layer Soap Dish Suction Cup Soap Holder, Strong Sponge Holder for Shower, Bathroom, Tub and Kitchen Sink, Drill-Free, Removable",CRT-BED-00795,1299,10,70,4.5,435,490,https://m.media-amazon.com/images/I/612pnGlb9ZL._AC_UL320_.jpg,"Authentic Bed & Bath product. Built with high-grade components, tested for peak durability, and backed by a 1-year manufacturer warranty. Complete with original accessories and certified packaging."
prod_000796,16,sel_0012,Goody Two-Sided Makeup Mirror with Stand - 1X and 3X Dual Sided Magnification - Lightweight & Portable Table Top Magnifying Vanity Mirror,CRT-BED-00796,249,5,73,4.4,235,1248,https://m.media-amazon.com/images/I/61OuwMI5WkL._AC_UL320_.jpg,"Authentic Bed & Bath product. Built with high-grade components, tested for peak durability, and backed by a 1-year manufacturer warranty. Complete with original accessories and certified packaging."
prod_000797,16,sel_0031,HASKO accessories Suction Soap Dish with Hooks - Super Powerful Vacuum Suction Cup Shower Soap Holder - Rustproof Stainless Steel SS304...,CRT-BED-00797,899,10,33,4.6,402,1147,https://m.media-amazon.com/images/I/81entL03RNL._AC_UL320_.jpg,"Authentic Bed & Bath product. Built with high-grade components, tested for peak durability, and backed by a 1-year manufacturer warranty. Complete with original accessories and certified packaging."
prod_000798,16,sel_0028,"Utopia Towels - Salon Towel, Pack of 24 (Not Bleach Proof, 16 x 27 Inches) Highly Absorbent Cotton Towels for Hand, Gym, Beauty, Spa...",CRT-BED-00798,3499,5,40,4.5,75,878,https://m.media-amazon.com/images/I/81qUwYOl-LL._AC_UL320_.jpg,"Authentic Bed & Bath product. Built with high-grade components, tested for peak durability, and backed by a 1-year manufacturer warranty. Complete with original accessories and certified packaging."
prod_000799,16,sel_0012,"Lighted Makeup Mirror Hollywood Mirror Vanity Mirror with Lights, Touch Control Design 3 Colors Dimable LED Bulbs, Detachable 10X...",CRT-BED-00799,3249,25,41,4.6,370,1279,https://m.media-amazon.com/images/I/61wd3vtedaL._AC_UL320_.jpg,"Authentic Bed & Bath product. Built with high-grade components, tested for peak durability, and backed by a 1-year manufacturer warranty. Complete with original accessories and certified packaging."
prod_000800,16,sel_0035,Stainless Steel Over Door Towel Rack Bar Holders for Universal Fit on Over Cabinet Cupboard Doors 2 Pack,CRT-BED-00800,999,5,76,4.4,438,1333,https://m.media-amazon.com/images/I/61ETsQStbsL._AC_UL320_.jpg,"Authentic Bed & Bath product. Built with high-grade components, tested for peak durability, and backed by a 1-year manufacturer warranty. Complete with original accessories and certified packaging."
prod_000801,17,sel_0039,COMPLETE COMPLEXION CARE Squalane & Probiotic Gentle Face Cleanser | Daily Moisturizing Face Wash for Dry & Sensitive Skin | Fragrance...,CRT-BEA-00801,2499,10,31,4.8,136,905,https://m.media-amazon.com/images/I/610qIKcGIqL._AC_UL320_.jpg,"Authentic Beauty & Skin Care product. Built with high-grade components, tested for peak durability, and backed by a 1-year manufacturer warranty. Complete with original accessories and certified packaging."
prod_000802,17,sel_0007,"Shankara Fine Line Moisturizer for Adults, All Skin Types with Ayurvedic Ingredients–Finest facial skin care products for Aging Skin to...",CRT-BEA-00802,5499,25,17,4.7,11,276,https://m.media-amazon.com/images/I/814VhPZLdJL._AC_UL320_.jpg,"Authentic Beauty & Skin Care product. Built with high-grade components, tested for peak durability, and backed by a 1-year manufacturer warranty. Complete with original accessories and certified packaging."
prod_000803,17,sel_0054,"WILMA SCHUMANN Soothing Gentle Face Cleanser Milk, 7 fl oz / 210ml, Daily Hydrating Facial Cleanser For Dry Skin, Sensitive or Mature...",CRT-BEA-00803,2999,25,58,5,14,649,https://m.media-amazon.com/images/I/31FLghKoj2L._AC_UL320_.jpg,"Authentic Beauty & Skin Care product. Built with high-grade components, tested for peak durability, and backed by a 1-year manufacturer warranty. Complete with original accessories and certified packaging."
prod_000804,17,sel_0010,"Yecuce Castor Oil for Hair Growth,Organic One Single Ingredient Cold Pressed Castor Oil,Stimulate Thicker Fuller Hair Eyelashes Eyebrows...",CRT-BEA-00804,799,20,111,4.5,8,1419,https://m.media-amazon.com/images/I/71dNfbsGd7L._AC_UL320_.jpg,"Authentic Beauty & Skin Care product. Built with high-grade components, tested for peak durability, and backed by a 1-year manufacturer warranty. Complete with original accessories and certified packaging."
prod_000805,17,sel_0010,"Viking Revolution Skin Toner for Men, Facial Toner Spray for Mens Face Care, Toner for Face - Hydrating Toner for Oily Skin, Balancing...",CRT-BEA-00805,799,15,70,4.3,154,1182,https://m.media-amazon.com/images/I/71ErrhrpOPL._AC_UL320_.jpg,"Authentic Beauty & Skin Care product. Built with high-grade components, tested for peak durability, and backed by a 1-year manufacturer warranty. Complete with original accessories and certified packaging."
prod_000806,17,sel_0032,Natural Elephant Exfoliating Hammam Glove - Pure Black,CRT-BEA-00806,499,30,84,4.2,5986,481,https://m.media-amazon.com/images/I/71Lkd6dc0BL._AC_UL320_.jpg,"Authentic Beauty & Skin Care product. Built with high-grade components, tested for peak durability, and backed by a 1-year manufacturer warranty. Complete with original accessories and certified packaging."
prod_000807,17,sel_0001,"Bifesta Mandom Eye Makeup Remover, 145ml (2)",CRT-BEA-00807,1199,15,38,4.6,125,944,https://m.media-amazon.com/images/I/71s+IhYT1NL._AC_UL320_.jpg,"Authentic Beauty & Skin Care product. Built with high-grade components, tested for peak durability, and backed by a 1-year manufacturer warranty. Complete with original accessories and certified packaging."
prod_000808,17,sel_0017,Vaseline Intensive Care Body Lotion for Dry Skin Cocoa Radiant Lotion Made with Ultra-Hydrating Lipids and Pure Cocoa Butter for a...,CRT-BEA-00808,599,20,15,4.6,4996,529,https://m.media-amazon.com/images/I/71pBE5pYr4L._AC_UL320_.jpg,"Authentic Beauty & Skin Care product. Built with high-grade components, tested for peak durability, and backed by a 1-year manufacturer warranty. Complete with original accessories and certified packaging."
prod_000809,17,sel_0001,"PURA D'OR Organic Coffee Bean Oil (4oz / 118mL) 100% Pure USDA Certified Premium Grade Natural Moisturizer, Cold Pressed, Unrefined...",CRT-BEA-00809,1599,30,80,4.6,26,1336,https://m.media-amazon.com/images/I/71QDM5gVXZL._AC_UL320_.jpg,"Authentic Beauty & Skin Care product. Built with high-grade components, tested for peak durability, and backed by a 1-year manufacturer warranty. Complete with original accessories and certified packaging."
prod_000810,17,sel_0034,"Sukin Organics Moisture Restoring Night Cream, 4.06 Fl. Oz.",CRT-BEA-00810,999,10,25,4.5,1221,708,https://m.media-amazon.com/images/I/61zHVX81f9L._AC_UL320_.jpg,"Authentic Beauty & Skin Care product. Built with high-grade components, tested for peak durability, and backed by a 1-year manufacturer warranty. Complete with original accessories and certified packaging."
prod_000811,17,sel_0050,"SHVYOG Kojic Acid Soap, Turmeric Soap Bar, Dark Spot Remover with Vitamin C Hyaluronic Acid for Deep Cleansing, Gentle Soap for Face and...",CRT-BEA-00811,999,15,100,4.1,31,1430,https://m.media-amazon.com/images/I/71hWRJIvIyL._AC_UL320_.jpg,"Authentic Beauty & Skin Care product. Built with high-grade components, tested for peak durability, and backed by a 1-year manufacturer warranty. Complete with original accessories and certified packaging."
prod_000812,17,sel_0037,"Physicians Formula Rosé All Day Serum| Helps to Brighten and Clear Skin, Even Tone and Prevent Wrinkles | Dermatologist Tested...",CRT-BEA-00812,1099,0,93,4.4,1742,1214,https://m.media-amazon.com/images/I/61Ld8GGUrML._AC_UL320_.jpg,"Authentic Beauty & Skin Care product. Built with high-grade components, tested for peak durability, and backed by a 1-year manufacturer warranty. Complete with original accessories and certified packaging."
prod_000813,17,sel_0033,Revolution Good Vibes Chilled Bomb Lip Oil,CRT-BEA-00813,599,15,98,4.4,96,902,https://m.media-amazon.com/images/I/71MSFAzqssL._AC_UL320_.jpg,"Authentic Beauty & Skin Care product. Built with high-grade components, tested for peak durability, and backed by a 1-year manufacturer warranty. Complete with original accessories and certified packaging."
prod_000814,17,sel_0053,"TOTCLEAR Dark Spot Remover for Face, Underarm Cream, Armpit, Neck, Back, Legs, Elbows, Private Areas, Quality Plant-Based...",CRT-BEA-00814,1199,10,61,4.2,1260,374,https://m.media-amazon.com/images/I/71FlLjSlSHL._AC_UL320_.jpg,"Authentic Beauty & Skin Care product. Built with high-grade components, tested for peak durability, and backed by a 1-year manufacturer warranty. Complete with original accessories and certified packaging."
prod_000815,17,sel_0025,"Shankara Anti-Age Vitamin C Serum for Face - Herbal Anti Aging Serum Hydrating Formulation, Naturally Nourishes & Rejuvenates Skin, For...",CRT-BEA-00815,6249,25,94,4.4,45,220,https://m.media-amazon.com/images/I/71rbc1zt7JL._AC_UL320_.jpg,"Authentic Beauty & Skin Care product. Built with high-grade components, tested for peak durability, and backed by a 1-year manufacturer warranty. Complete with original accessories and certified packaging."
prod_000816,17,sel_0031,"Camellia Extract Skin Care Sets, Skin Care Gift Set for Women Girls, Face Skin Care Routine Kit for Women, 5Pcs Skin Care Products Set...",CRT-BEA-00816,1099,30,139,4.6,184,518,https://m.media-amazon.com/images/I/717jXjNAS8L._AC_UL320_.jpg,"Authentic Beauty & Skin Care product. Built with high-grade components, tested for peak durability, and backed by a 1-year manufacturer warranty. Complete with original accessories and certified packaging."
prod_000817,17,sel_0015,"Epionce Renewal Eye Cream: Anti-Aging, Dark Circles & Puffiness, Hyaluronic Acid, Under Eye Brightener",CRT-BEA-00817,4499,25,73,4.5,166,453,https://m.media-amazon.com/images/I/418ru2UVszL._AC_UL320_.jpg,"Authentic Beauty & Skin Care product. Built with high-grade components, tested for peak durability, and backed by a 1-year manufacturer warranty. Complete with original accessories and certified packaging."
prod_000818,17,sel_0042,"Amazon Aware Balancing Face Moisturizer with Licorice Root Extract & Vitamin C, Vegan, Cucumber, Dermatologist Tested, Oily to...",CRT-BEA-00818,449,0,142,3.9,317,182,https://m.media-amazon.com/images/I/61HFo4rYkQL._AC_UL320_.jpg,"Authentic Beauty & Skin Care product. Built with high-grade components, tested for peak durability, and backed by a 1-year manufacturer warranty. Complete with original accessories and certified packaging."
prod_000819,17,sel_0032,"Beauty Guru Vitamin C Under Eye Serum (Pack of 1) - Anti Aging Eye Roller with Sea Buckthorn Oil, Reduces Dark Circles and Puffiness...",CRT-BEA-00819,699,5,19,4,43,1125,https://m.media-amazon.com/images/I/71HYDBTRMOL._AC_UL320_.jpg,"Authentic Beauty & Skin Care product. Built with high-grade components, tested for peak durability, and backed by a 1-year manufacturer warranty. Complete with original accessories and certified packaging."
prod_000820,17,sel_0048,"Juice Beauty GREEN APPLE Firming Peptide Body Moisturizer Lotion, Antioxidant-Rich Green Apple, Peptides, Brightens and Firms Skin...",CRT-BEA-00820,1999,0,27,4.3,630,604,https://m.media-amazon.com/images/I/61NFQZIuRwL._AC_UL320_.jpg,"Authentic Beauty & Skin Care product. Built with high-grade components, tested for peak durability, and backed by a 1-year manufacturer warranty. Complete with original accessories and certified packaging."
prod_000821,17,sel_0019,Plantlife Sandalwood Bar Soap - Moisturizing and Soothing Soap for Your Skin - Hand Crafted Using Plant-Based Ingredients - Made in...,CRT-BEA-00821,599,0,39,4.4,626,1401,https://m.media-amazon.com/images/I/41X9VX2x2yL._AC_UL320_.jpg,"Authentic Beauty & Skin Care product. Built with high-grade components, tested for peak durability, and backed by a 1-year manufacturer warranty. Complete with original accessories and certified packaging."
prod_000822,17,sel_0028,"Acure Radically Rejuvenating Facial Scrub, 100% Vegan, Provides Anti-Aging Support, Moroccan Red Clay & Rose Oil, Gently exfoliates and...",CRT-BEA-00822,1099,30,19,4.3,1147,1036,https://m.media-amazon.com/images/I/71IYEjPDPTL._AC_UL320_.jpg,"Authentic Beauty & Skin Care product. Built with high-grade components, tested for peak durability, and backed by a 1-year manufacturer warranty. Complete with original accessories and certified packaging."
prod_000823,17,sel_0042,Blistex Simple & Sensitive Lip Moisturizer 0.15 oz (Pack of 4),CRT-BEA-00823,699,20,120,4.6,360,213,https://m.media-amazon.com/images/I/51Y3u+Yz9ZL._AC_UL320_.jpg,"Authentic Beauty & Skin Care product. Built with high-grade components, tested for peak durability, and backed by a 1-year manufacturer warranty. Complete with original accessories and certified packaging."
prod_000824,17,sel_0010,Tree of Life Reusable (90 Uses) - Dark Circles Under Eye Treatment Patches for Puffy Eyes - Silicone Patch to Reduce Puffiness - Mask...,CRT-BEA-00824,1199,5,102,4.4,45,950,https://m.media-amazon.com/images/I/615VqCT2bqL._AC_UL320_.jpg,"Authentic Beauty & Skin Care product. Built with high-grade components, tested for peak durability, and backed by a 1-year manufacturer warranty. Complete with original accessories and certified packaging."
prod_000825,17,sel_0029,Instant Puffy Eye & Lift Treatment – Removes Under Eye Bags & Puffiness. Eliminate Dark Circles & Wrinkles. Naturally Ageless Hydrating...,CRT-BEA-00825,1799,25,100,3.5,1078,1162,https://m.media-amazon.com/images/I/61cODvSjV3L._AC_UL320_.jpg,"Authentic Beauty & Skin Care product. Built with high-grade components, tested for peak durability, and backed by a 1-year manufacturer warranty. Complete with original accessories and certified packaging."
prod_000826,17,sel_0038,Lily Bell Soft Dry Wipes Cotton Tissue Disposable Face Towel (110 Count) 100% Cotton Wipes Cotton Facial Tissues for Sensitive Skin...,CRT-BEA-00826,499,30,69,4.2,163,517,https://m.media-amazon.com/images/I/61EJeS2czlL._AC_UL320_.jpg,"Authentic Beauty & Skin Care product. Built with high-grade components, tested for peak durability, and backed by a 1-year manufacturer warranty. Complete with original accessories and certified packaging."
prod_000827,17,sel_0015,Victoria's Secret Aqua Kiss 8.0 oz Fragrance Lotion,CRT-BEA-00827,999,30,75,4.7,582,1212,https://m.media-amazon.com/images/I/416nF-fBJkL._AC_UL320_.jpg,"Authentic Beauty & Skin Care product. Built with high-grade components, tested for peak durability, and backed by a 1-year manufacturer warranty. Complete with original accessories and certified packaging."
prod_000828,17,sel_0048,Pacifica Sea and C Love Vitamin 1 oz,CRT-BEA-00828,1499,0,65,4.6,708,759,https://m.media-amazon.com/images/I/61vrfq8ofLL._AC_UL320_.jpg,"Authentic Beauty & Skin Care product. Built with high-grade components, tested for peak durability, and backed by a 1-year manufacturer warranty. Complete with original accessories and certified packaging."
prod_000829,17,sel_0019,Fruit Of The Earth Bogo Lotion Vitamin-E 11 Ounce (Pack of 2),CRT-BEA-00829,999,30,32,4.7,1093,533,https://m.media-amazon.com/images/I/71zs4QCvP5L._AC_UL320_.jpg,"Authentic Beauty & Skin Care product. Built with high-grade components, tested for peak durability, and backed by a 1-year manufacturer warranty. Complete with original accessories and certified packaging."
prod_000830,17,sel_0041,"KSECRET Calamine 30 Days Secret Toner, 160ml / 1.69fl.oz. | Korean Skincare | Acne Treatment Toner & Skin-Refining",CRT-BEA-00830,1599,25,118,4.5,26,791,https://m.media-amazon.com/images/I/51wshjfgehL._AC_UL320_.jpg,"Authentic Beauty & Skin Care product. Built with high-grade components, tested for peak durability, and backed by a 1-year manufacturer warranty. Complete with original accessories and certified packaging."
prod_000831,17,sel_0023,"STENDERS Sugar Body Scrub - Natural Body Scrubs for Women. Body Exfoliator with Blackcurrant Extract, Hydrating and Nourishing....",CRT-BEA-00831,1499,5,92,4.6,32,336,https://m.media-amazon.com/images/I/71g8VdjN0YL._AC_UL320_.jpg,"Authentic Beauty & Skin Care product. Built with high-grade components, tested for peak durability, and backed by a 1-year manufacturer warranty. Complete with original accessories and certified packaging."
prod_000832,17,sel_0020,"Dr Drawing Korean Clean Peeling Gel for Elasticity & Smooth skin, Pore Purifying Gel, Exfoliating Facial Cleanser, 2.7 fl oz",CRT-BEA-00832,2249,0,43,4.7,273,255,https://m.media-amazon.com/images/I/51qBEK6Dx8L._AC_UL320_.jpg,"Authentic Beauty & Skin Care product. Built with high-grade components, tested for peak durability, and backed by a 1-year manufacturer warranty. Complete with original accessories and certified packaging."
prod_000833,17,sel_0006,Hot Cream for Belly Fat Burner - Sweat Enhancer Cream for Women and Men - Body Sculpting Cellulite Workout Cream - Anti Cellulite...,CRT-BEA-00833,799,10,46,4.1,586,111,https://m.media-amazon.com/images/I/51cqp80uF1L._AC_UL320_.jpg,"Authentic Beauty & Skin Care product. Built with high-grade components, tested for peak durability, and backed by a 1-year manufacturer warranty. Complete with original accessories and certified packaging."
prod_000834,17,sel_0003,OLAY Night of OLAY Firming Cream 2 oz (Pack of 2),CRT-BEA-00834,1799,5,139,4.7,490,433,https://m.media-amazon.com/images/I/71YjB0VLd9L._AC_UL320_.jpg,"Authentic Beauty & Skin Care product. Built with high-grade components, tested for peak durability, and backed by a 1-year manufacturer warranty. Complete with original accessories and certified packaging."
prod_000835,17,sel_0003,"Weleda Skin Food Ultra-Light Dry Oil, 3.4 Fluid Ounces, Plant-Rich Formula with Vitamin-Rich Oils and Extracts of Pansy and Chamomile",CRT-BEA-00835,1599,5,78,4.1,56,128,https://m.media-amazon.com/images/I/71mbaaJihHL._AC_UL320_.jpg,"Authentic Beauty & Skin Care product. Built with high-grade components, tested for peak durability, and backed by a 1-year manufacturer warranty. Complete with original accessories and certified packaging."
prod_000836,17,sel_0024,"Badger Biodegradable Sunscreen in Metal Tin, SPF 50 Zinc Oxide Sunscreen with 98% Organic Ingredients, Reef Safe, Broad Spectrum, Water...",CRT-BEA-00836,1199,15,131,4.7,200,906,https://m.media-amazon.com/images/I/71U3p371gPL._AC_UL320_.jpg,"Authentic Beauty & Skin Care product. Built with high-grade components, tested for peak durability, and backed by a 1-year manufacturer warranty. Complete with original accessories and certified packaging."
prod_000837,17,sel_0040,"AXIS-Y Mugwort Pore Clarifying Wash Off Pack | Exfoliating | Pore Reduction | Acne, blackhead, oily skin care | Clay/Mud Mask | Korean...",CRT-BEA-00837,1399,20,109,4.4,29,485,https://m.media-amazon.com/images/I/51LuTj1yWxL._AC_UL320_.jpg,"Authentic Beauty & Skin Care product. Built with high-grade components, tested for peak durability, and backed by a 1-year manufacturer warranty. Complete with original accessories and certified packaging."
prod_000838,17,sel_0043,Timeless Skin Care Vitamin B5 Hydration Serum Unisex 1 oz,CRT-BEA-00838,1099,0,48,4.5,45,643,https://m.media-amazon.com/images/I/71VtR9F-m2L._AC_UL320_.jpg,"Authentic Beauty & Skin Care product. Built with high-grade components, tested for peak durability, and backed by a 1-year manufacturer warranty. Complete with original accessories and certified packaging."
prod_000839,17,sel_0018,ZO SKIN HEALTH Hydrating Cleanser Normal to Dry Skin Travel Size 2 Fl. Oz.,CRT-BEA-00839,1599,15,18,4.6,117,1229,https://m.media-amazon.com/images/I/61V1F+Ap9uL._AC_UL320_.jpg,"Authentic Beauty & Skin Care product. Built with high-grade components, tested for peak durability, and backed by a 1-year manufacturer warranty. Complete with original accessories and certified packaging."
prod_000840,17,sel_0036,"Autumn Shower Bubble Bath Set - Rose Water, Lemon, and Eucalyptus Mint Milk Bath with Essential Oil, Scented Candle, and Body Scrub ...",CRT-BEA-00840,1599,5,115,4.3,270,594,https://m.media-amazon.com/images/I/61ZN1jExUBL._AC_UL320_.jpg,"Authentic Beauty & Skin Care product. Built with high-grade components, tested for peak durability, and backed by a 1-year manufacturer warranty. Complete with original accessories and certified packaging."
prod_000841,17,sel_0023,"Best of Nature 100% Pure Fractionated Coconut Massage & Body Oil | Liquid Coconut Oil | MCT | Unscented Moisturizer for Hair, Skin, Face...",CRT-BEA-00841,3749,20,109,4.6,171,291,https://m.media-amazon.com/images/I/512gPjikxfL._AC_UL320_.jpg,"Authentic Beauty & Skin Care product. Built with high-grade components, tested for peak durability, and backed by a 1-year manufacturer warranty. Complete with original accessories and certified packaging."
prod_000842,17,sel_0024,"Shrink Toning Lotion – Belly and Skin Smoothening Lotion for Loose Skin- Workout Cream Smoothing the Legs, Arms, Butt, Stomach, Thighs...",CRT-BEA-00842,3249,25,25,4,1065,1394,https://m.media-amazon.com/images/I/71ZUupJIswL._AC_UL320_.jpg,"Authentic Beauty & Skin Care product. Built with high-grade components, tested for peak durability, and backed by a 1-year manufacturer warranty. Complete with original accessories and certified packaging."
prod_000843,17,sel_0052,"O'Keeffe's Working Hands Moisturizing Hand Soap, 25 Ounce Bottle Refill, Unscented (Pack of 2)",CRT-BEA-00843,1999,10,89,4.7,157,1116,https://m.media-amazon.com/images/I/715FwfL0gXL._AC_UL320_.jpg,"Authentic Beauty & Skin Care product. Built with high-grade components, tested for peak durability, and backed by a 1-year manufacturer warranty. Complete with original accessories and certified packaging."
prod_000844,17,sel_0020,"DHC Super Collagen Cream, 1.7 Ounce",CRT-BEA-00844,4499,10,89,4.5,357,176,https://m.media-amazon.com/images/I/712-Ac020oL._AC_UL320_.jpg,"Authentic Beauty & Skin Care product. Built with high-grade components, tested for peak durability, and backed by a 1-year manufacturer warranty. Complete with original accessories and certified packaging."
prod_000845,17,sel_0053,"Cono Peptide Essence, Cono Peptide Essence 84%, Essence Anti-Aging Wrinkle Serum Instant Face Skin Care, Reduce Pigmentation and Fine...",CRT-BEA-00845,1099,25,69,4.7,425,290,https://m.media-amazon.com/images/I/71eQuE9OSWL._AC_UL320_.jpg,"Authentic Beauty & Skin Care product. Built with high-grade components, tested for peak durability, and backed by a 1-year manufacturer warranty. Complete with original accessories and certified packaging."
prod_000846,17,sel_0040,"Whish Beauty Coconut Milk And Verbena Self Tanner For All Skin Tones, 5 Fl Oz",CRT-BEA-00846,2999,0,62,4.1,398,161,https://m.media-amazon.com/images/I/41CK8BVB9QL._AC_UL320_.jpg,"Authentic Beauty & Skin Care product. Built with high-grade components, tested for peak durability, and backed by a 1-year manufacturer warranty. Complete with original accessories and certified packaging."
prod_000847,17,sel_0025,"NEW AGE Retinol Cream Neck & Facial Moisturizer Serum with Hyaluronic Acid, Vitamin E - Anti Aging Formula Reduces Wrinkles, Fine...",CRT-BEA-00847,1999,10,29,4.4,720,1332,https://m.media-amazon.com/images/I/71HOqINVXOL._AC_UL320_.jpg,"Authentic Beauty & Skin Care product. Built with high-grade components, tested for peak durability, and backed by a 1-year manufacturer warranty. Complete with original accessories and certified packaging."
prod_000848,17,sel_0025,"Caffeine Infused Coffee Eye Lift Cream - Reduces Puffiness, Brightens Dark Circles, & Firms Under Eye Bags - Anti Aging, Wrinkle...",CRT-BEA-00848,999,10,127,3.9,2494,1186,https://m.media-amazon.com/images/I/61XZJxLkhHL._AC_UL320_.jpg,"Authentic Beauty & Skin Care product. Built with high-grade components, tested for peak durability, and backed by a 1-year manufacturer warranty. Complete with original accessories and certified packaging."
prod_000849,17,sel_0016,"TEATRICAL Anti-Wrinkle Cream with Buddleja Davidii Stem Cells, Floral, 8 Ounce",CRT-BEA-00849,699,5,36,4.4,946,511,https://m.media-amazon.com/images/I/71dgg6hhMyL._AC_UL320_.jpg,"Authentic Beauty & Skin Care product. Built with high-grade components, tested for peak durability, and backed by a 1-year manufacturer warranty. Complete with original accessories and certified packaging."
prod_000850,17,sel_0035,"Paula's Choice Radiance Renewal Night Mask with Arbutin and Niacinamide, Overnight Face Mask",CRT-BEA-00850,3249,25,49,4.5,231,403,https://m.media-amazon.com/images/I/61vcEE5HOYL._AC_UL320_.jpg,"Authentic Beauty & Skin Care product. Built with high-grade components, tested for peak durability, and backed by a 1-year manufacturer warranty. Complete with original accessories and certified packaging."
prod_000851,18,sel_0002,MQGX Baby Suction Plate with Self-Feeding Spoon BPA Free Infant Newborn Utensil Set for Self-Training (Stage 1 + Stage 2) Suction Plates...,CRT-BAB-00851,1299,20,45,4.1,450,319,https://m.media-amazon.com/images/I/611R4eBTLdL._AC_UL320_.jpg,"Authentic Baby & Nursery product. Built with high-grade components, tested for peak durability, and backed by a 1-year manufacturer warranty. Complete with original accessories and certified packaging."
prod_000852,18,sel_0026,"MISS BIG Toddler Plates,Baby Led Weaning Supplies 7Pcs,Baby Plates with Suction,Bowl,Cup,Self Feeding Spoon,Fork,Dishwasher Safe and...",CRT-BAB-00852,1999,20,140,5,19,227,https://m.media-amazon.com/images/I/71LzVSRB5cL._AC_UL320_.jpg,"Authentic Baby & Nursery product. Built with high-grade components, tested for peak durability, and backed by a 1-year manufacturer warranty. Complete with original accessories and certified packaging."
prod_000853,18,sel_0040,"Baby Water Bottle Cap Silicone Bottles Top Spill Proof Spout Adapter for Toddlers Kids and Adults BPA Free,Pack of 4",CRT-BAB-00853,899,30,115,4.9,240,467,https://m.media-amazon.com/images/I/71yF+RVwdkL._AC_UL320_.jpg,"Authentic Baby & Nursery product. Built with high-grade components, tested for peak durability, and backed by a 1-year manufacturer warranty. Complete with original accessories and certified packaging."
prod_000854,18,sel_0035,"Miniware 1-2-3 Sip! Training Cup for Baby Toddler Self Feeding & Development, Tiny Cup Perfect for Baby Led Weaning, Non Drip Lid...",CRT-BAB-00854,1499,30,22,4.1,300,26,https://m.media-amazon.com/images/I/511XzaIueZL._AC_UL320_.jpg,"Authentic Baby & Nursery product. Built with high-grade components, tested for peak durability, and backed by a 1-year manufacturer warranty. Complete with original accessories and certified packaging."
prod_000855,18,sel_0031,"Cribmates 2 Piece Wide Bottle Elephant Zigzag, Grey/Yellow",CRT-BAB-00855,799,25,59,4.5,343,554,https://m.media-amazon.com/images/I/61WelksHCAL._AC_UL320_.jpg,"Authentic Baby & Nursery product. Built with high-grade components, tested for peak durability, and backed by a 1-year manufacturer warranty. Complete with original accessories and certified packaging."
prod_000856,18,sel_0016,babimoni 4-in-1 Convertible Baby High Chair for Infants & Toddlers - Portable Feeding & Eating Seat - Travel-Friendly Highchair with...,CRT-BAB-00856,7499,0,34,4.5,182,442,https://m.media-amazon.com/images/I/51dcS5kTk8L._AC_UL320_.jpg,"Authentic Baby & Nursery product. Built with high-grade components, tested for peak durability, and backed by a 1-year manufacturer warranty. Complete with original accessories and certified packaging."
prod_000857,18,sel_0009,"Vermida Kids Tumbler with Straw and Lid, 4 Pack 8oz Spill Proof Toddlers Straws Cups with Lids,Stainless Steel Water Bottle Double Wall...",CRT-BAB-00857,2249,0,144,4.6,111,424,https://m.media-amazon.com/images/I/61tTjr+0xhL._AC_UL320_.jpg,"Authentic Baby & Nursery product. Built with high-grade components, tested for peak durability, and backed by a 1-year manufacturer warranty. Complete with original accessories and certified packaging."
prod_000858,18,sel_0058,Twoworld Baby High Chair Seat Cushion Liner Mat Pad Cover Rainbow Striped Water Resistant and High Chair Straps (5 Point Harness) 1 Suit,CRT-BAB-00858,1399,5,24,3.5,190,933,https://m.media-amazon.com/images/I/517h4KAa8HL._AC_UL320_.jpg,"Authentic Baby & Nursery product. Built with high-grade components, tested for peak durability, and backed by a 1-year manufacturer warranty. Complete with original accessories and certified packaging."
prod_000859,18,sel_0016,"Philips Avent Anti-colic Baby Bottle with AirFree vent 9oz 4pk Pink, SCF404/44",CRT-BAB-00859,4249,15,85,4.7,1566,964,https://m.media-amazon.com/images/I/61z6sDDtNFL._AC_UL320_.jpg,"Authentic Baby & Nursery product. Built with high-grade components, tested for peak durability, and backed by a 1-year manufacturer warranty. Complete with original accessories and certified packaging."
prod_000860,18,sel_0006,Durable Baby Food Scissors (Ceramic) (BLUE),CRT-BAB-00860,799,5,12,5,10,606,https://m.media-amazon.com/images/I/31VROnYSSZL._AC_UL320_.jpg,"Authentic Baby & Nursery product. Built with high-grade components, tested for peak durability, and backed by a 1-year manufacturer warranty. Complete with original accessories and certified packaging."
prod_000861,18,sel_0034,"Ikubigu Baby Suction Plate with Spoon fork, Bamboo Divided Plate Feeding Set for Babies, Non-Toxic All-Natural Bamboo Baby Food Plate...",CRT-BAB-00861,1699,25,143,4.2,60,1298,https://m.media-amazon.com/images/I/71vuF-Kua9L._AC_UL320_.jpg,"Authentic Baby & Nursery product. Built with high-grade components, tested for peak durability, and backed by a 1-year manufacturer warranty. Complete with original accessories and certified packaging."
prod_000862,18,sel_0050,"Hudson Baby Unisex Baby Cotton Flannel Burp Cloths 4-Pack, Neutral Safari World, One Size",CRT-BAB-00862,1099,25,109,4.5,82,260,https://m.media-amazon.com/images/I/71ikeAgmsuL._AC_UL320_.jpg,"Authentic Baby & Nursery product. Built with high-grade components, tested for peak durability, and backed by a 1-year manufacturer warranty. Complete with original accessories and certified packaging."
prod_000863,18,sel_0032,"2pack Magic Automatic Electric Drink Dispenser Pump for Milk, Juice, Water, Kids Proof, Spill Proof",CRT-BAB-00863,1499,15,41,3.5,27,828,https://m.media-amazon.com/images/I/516W7vWgjNL._AC_UL320_.jpg,"Authentic Baby & Nursery product. Built with high-grade components, tested for peak durability, and backed by a 1-year manufacturer warranty. Complete with original accessories and certified packaging."
prod_000864,18,sel_0055,"WEE BUNNIES Baby Feeding Set – Silicone Baby Suction Plate & Lid, Baby Bib, Cup, Suction Bowl, Toddler Plates - Feeding Spoon Fork Set...",CRT-BAB-00864,2249,15,13,5,1,341,https://m.media-amazon.com/images/I/61NiprcoqML._AC_UL320_.jpg,"Authentic Baby & Nursery product. Built with high-grade components, tested for peak durability, and backed by a 1-year manufacturer warranty. Complete with original accessories and certified packaging."
prod_000865,18,sel_0020,"Silicone Baby Feeding Set, Baby Led Weaning Supplies Set with Suction Plate, Bib, Sippy Cup, Baby Spoon and Fork, Toddler Feeding Eating...",CRT-BAB-00865,1499,20,13,4.3,450,199,https://m.media-amazon.com/images/I/615sVUUfcGL._AC_UL320_.jpg,"Authentic Baby & Nursery product. Built with high-grade components, tested for peak durability, and backed by a 1-year manufacturer warranty. Complete with original accessories and certified packaging."
prod_000866,18,sel_0018,Thyle 20 Pieces Silicone Baby Feeding Set Baby Led Weaning Supplies Suction Bowl Divided Plate with Self Feeding Spoons Fork Bib for...,CRT-BAB-00866,3499,25,12,4.5,153,625,https://m.media-amazon.com/images/I/71W-JZuuuHL._AC_UL320_.jpg,"Authentic Baby & Nursery product. Built with high-grade components, tested for peak durability, and backed by a 1-year manufacturer warranty. Complete with original accessories and certified packaging."
prod_000867,18,sel_0030,Twist N' Drop 8oz Anti-Colic Formula Mixing/Dispensing Baby Bottles BPA Free (Blue),CRT-BAB-00867,2249,15,99,5,5,357,https://m.media-amazon.com/images/I/61pfjps9-WL._AC_UL320_.jpg,"Authentic Baby & Nursery product. Built with high-grade components, tested for peak durability, and backed by a 1-year manufacturer warranty. Complete with original accessories and certified packaging."
prod_000868,18,sel_0018,Gadpiparty 4Pcs Reusable Colorful Plastic Water Bottle Lid Top Spill Proof Water Bottle Cover Juice Soda Water Bottle Caps Bottle Fizz...,CRT-BAB-00868,699,5,91,1.8,7,393,https://m.media-amazon.com/images/I/51RJVlM8d2L._AC_UL320_.jpg,"Authentic Baby & Nursery product. Built with high-grade components, tested for peak durability, and backed by a 1-year manufacturer warranty. Complete with original accessories and certified packaging."
prod_000869,18,sel_0017,"Crocodile Creek Space Explorer 2-Sided Placemat, Blue/Orange/Yellow/Green",CRT-BAB-00869,799,5,43,5,2,973,https://m.media-amazon.com/images/I/616avOUM5VL._AC_UL320_.jpg,"Authentic Baby & Nursery product. Built with high-grade components, tested for peak durability, and backed by a 1-year manufacturer warranty. Complete with original accessories and certified packaging."
prod_000870,18,sel_0050,"Electric Bottle Brush Set, Silicone Baby Bottle Brush Cleaner with Nipple Brush, Pacifier Cleaner, Straw Brush, Two Speed Cleaning Mode...",CRT-BAB-00870,1899,15,36,5,2,325,https://m.media-amazon.com/images/I/71090cpuB5L._AC_UL320_.jpg,"Authentic Baby & Nursery product. Built with high-grade components, tested for peak durability, and backed by a 1-year manufacturer warranty. Complete with original accessories and certified packaging."
prod_000871,18,sel_0037,Prince Lionheart Spinner Baby Food Pouch Carousel,CRT-BAB-00871,1099,0,34,4.1,40,1030,https://m.media-amazon.com/images/I/81UZpE7h16L._AC_UL320_.jpg,"Authentic Baby & Nursery product. Built with high-grade components, tested for peak durability, and backed by a 1-year manufacturer warranty. Complete with original accessories and certified packaging."
prod_000872,18,sel_0041,"Silver Buffalo Winnie the Pooh Show Me The Hunny Twist Spout Plastic Water Bottle with Stickers You Stick Yourself, 32 Ounces",CRT-BAB-00872,1099,0,119,4.2,482,393,https://m.media-amazon.com/images/I/61bZK17uxTL._AC_UL320_.jpg,"Authentic Baby & Nursery product. Built with high-grade components, tested for peak durability, and backed by a 1-year manufacturer warranty. Complete with original accessories and certified packaging."
prod_000873,18,sel_0029,Pure New Zealand Liquid Lanolin Oil EP Grade | For General Dry Skin Conditions I 100% Natural I No Artificial Fragrance 100ml,CRT-BAB-00873,1599,0,148,4.4,12,620,https://m.media-amazon.com/images/I/71PpQZY4XML._AC_UL320_.jpg,"Authentic Baby & Nursery product. Built with high-grade components, tested for peak durability, and backed by a 1-year manufacturer warranty. Complete with original accessories and certified packaging."
prod_000874,18,sel_0002,Hsei 12 Pcs Silicone Baby Feeding Forks and Spoons Set Including 6 Spoons and 6 Forks First Stage Led Weaning Self Feeding Supplies...,CRT-BAB-00874,1199,5,24,4.4,123,941,https://m.media-amazon.com/images/I/61hGh4oU4fL._AC_UL320_.jpg,"Authentic Baby & Nursery product. Built with high-grade components, tested for peak durability, and backed by a 1-year manufacturer warranty. Complete with original accessories and certified packaging."
prod_000875,18,sel_0007,Purple Seashell Sippy Cup - 13.9oz | 1 Pc,CRT-BAB-00875,599,0,84,4.7,7,805,https://m.media-amazon.com/images/I/714P8ub+x0L._AC_UL320_.jpg,"Authentic Baby & Nursery product. Built with high-grade components, tested for peak durability, and backed by a 1-year manufacturer warranty. Complete with original accessories and certified packaging."
prod_000876,18,sel_0014,"HOGA Silicone Baby Feeding Set, Safe & Easy to Clean Baby Led Weaning Supplies with Suction Bowl | Divided Plate | Straw Sippy Cup Spoon...",CRT-BAB-00876,2249,5,92,5,17,1438,https://m.media-amazon.com/images/I/61g2Q39UtrL._AC_UL320_.jpg,"Authentic Baby & Nursery product. Built with high-grade components, tested for peak durability, and backed by a 1-year manufacturer warranty. Complete with original accessories and certified packaging."
prod_000877,18,sel_0050,"Real Food Blends Variety Pack - Pureed Food Meal for Feeding Tubes, 9.4 oz Pouch (Pack of 12 Pouches)",CRT-BAB-00877,6249,15,145,4.2,272,1445,https://m.media-amazon.com/images/I/71AA-vaOm7L._AC_UL320_.jpg,"Authentic Baby & Nursery product. Built with high-grade components, tested for peak durability, and backed by a 1-year manufacturer warranty. Complete with original accessories and certified packaging."
prod_000878,18,sel_0031,"modern-twist 10 x 14"" Reusable, Waterproof Coloring Mark-Mat Sheet for Kids, 100% Food-Grade Silicone, Pack of 1, Mighty Mushrooms",CRT-BAB-00878,699,30,28,4.3,343,429,https://m.media-amazon.com/images/I/81CJRq7IzvL._AC_UL320_.jpg,"Authentic Baby & Nursery product. Built with high-grade components, tested for peak durability, and backed by a 1-year manufacturer warranty. Complete with original accessories and certified packaging."
prod_000879,18,sel_0018,Ion8 Kid's One Touch On-The-Go Printed Water Bottle - Leakproof and BPA-Free Water Bottle - Fits Car Cup Holders and Kid's Backpacks 12...,CRT-BAB-00879,1299,20,30,4.5,16876,644,https://m.media-amazon.com/images/I/71EDKJlf8UL._AC_UL320_.jpg,"Authentic Baby & Nursery product. Built with high-grade components, tested for peak durability, and backed by a 1-year manufacturer warranty. Complete with original accessories and certified packaging."
prod_000880,18,sel_0045,"Wow Cup Stages Kids and Baby 360 Sippy Cup, Blue/Green, 10 oz/7 oz, 2 Pack",CRT-BAB-00880,1199,5,74,4.3,11,1135,https://m.media-amazon.com/images/I/81nLIFKv3TL._AC_UL320_.jpg,"Authentic Baby & Nursery product. Built with high-grade components, tested for peak durability, and backed by a 1-year manufacturer warranty. Complete with original accessories and certified packaging."
prod_000881,18,sel_0040,"Baby Bibs for Boy & Girl 8-Pack Muslin Baby Bib Drool Bibs for Baby Essential, Soft Cotton & Cute Color for Matching Outfits",CRT-BAB-00881,1299,15,107,4.4,80,253,https://m.media-amazon.com/images/I/71GnjA9ph1L._AC_UL320_.jpg,"Authentic Baby & Nursery product. Built with high-grade components, tested for peak durability, and backed by a 1-year manufacturer warranty. Complete with original accessories and certified packaging."
prod_000882,18,sel_0019,"Silicone Baby Bibs, Waterproof Baby Feeding Bibs with Food Catcher Pocket, Adjustable Silicon Bibs for Toddlers Baby Essentials Must...",CRT-BAB-00882,699,10,39,4.9,279,628,https://m.media-amazon.com/images/I/512PoDbW1BL._AC_UL320_.jpg,"Authentic Baby & Nursery product. Built with high-grade components, tested for peak durability, and backed by a 1-year manufacturer warranty. Complete with original accessories and certified packaging."
prod_000883,18,sel_0015,"Corkcicle. Gloss Rose Quartz Kids Cup, 1 EA",CRT-BAB-00883,2999,25,134,4.6,23,293,https://m.media-amazon.com/images/I/41GWn-hCWkL._AC_UL320_.jpg,"Authentic Baby & Nursery product. Built with high-grade components, tested for peak durability, and backed by a 1-year manufacturer warranty. Complete with original accessories and certified packaging."
prod_000884,18,sel_0044,"Modern Twist Meal Set Food-Grade Silicone, Waterproof and Reusable Bowl & Lid, Badger Goldfish – Graphite, 13 fl oz.",CRT-BAB-00884,799,5,30,5,6,1005,https://m.media-amazon.com/images/I/714IMgdjqNL._AC_UL320_.jpg,"Authentic Baby & Nursery product. Built with high-grade components, tested for peak durability, and backed by a 1-year manufacturer warranty. Complete with original accessories and certified packaging."
prod_000885,18,sel_0008,"Pink (3) Baby Bottle Silicone Brushes and (30 Pack) Baby Milk Bottle Cleaning Tablets, Baby Water Bottle Tumbler Cleaner",CRT-BAB-00885,799,5,78,4.5,114,248,https://m.media-amazon.com/images/I/616w04gIicL._AC_UL320_.jpg,"Authentic Baby & Nursery product. Built with high-grade components, tested for peak durability, and backed by a 1-year manufacturer warranty. Complete with original accessories and certified packaging."
prod_000886,18,sel_0005,Sippy Cup Straps for Baby Bottle Toy Leash 2 Pack for Stroller High Chair Strap (Pink/Yellow),CRT-BAB-00886,1099,5,120,4.6,312,1442,https://m.media-amazon.com/images/I/71YY0W8Ke5L._AC_UL320_.jpg,"Authentic Baby & Nursery product. Built with high-grade components, tested for peak durability, and backed by a 1-year manufacturer warranty. Complete with original accessories and certified packaging."
prod_000887,18,sel_0022,"BapronBaby Solid Prints Bapron - No Neck Tie Safer Bib - Baby & Toddler - Soft Waterproof - PVC, BPA & Phthalate Free - 6m+",CRT-BAB-00887,1399,20,30,4.6,19,1244,https://m.media-amazon.com/images/I/51SuiJ01SIL._AC_UL320_.jpg,"Authentic Baby & Nursery product. Built with high-grade components, tested for peak durability, and backed by a 1-year manufacturer warranty. Complete with original accessories and certified packaging."
prod_000888,18,sel_0037,PrimaStella Unbreakable Silicone Non-Slip Bowl and Chew Spoon Set for Babies and Toddlers (Dark Green),CRT-BAB-00888,799,0,31,4.3,262,1332,https://m.media-amazon.com/images/I/61TTbw4wmWL._AC_UL320_.jpg,"Authentic Baby & Nursery product. Built with high-grade components, tested for peak durability, and backed by a 1-year manufacturer warranty. Complete with original accessories and certified packaging."
prod_000889,18,sel_0060,"Puddles 2 Oceans Water Bottle with Snack Compartment, 2 in 1 Insulated Water Bottle with Storage Container, Stainless Steel Water...",CRT-BAB-00889,2499,5,133,4,10,420,https://m.media-amazon.com/images/I/713zwQ6SRFL._AC_UL320_.jpg,"Authentic Baby & Nursery product. Built with high-grade components, tested for peak durability, and backed by a 1-year manufacturer warranty. Complete with original accessories and certified packaging."
prod_000890,18,sel_0049,"Seat Tray Compatible with Bumbo Seat, Baby Seat Tray for Feeding and Play Easy to Install and Remove Floor Seat Activity Tray Accessory...",CRT-BAB-00890,1599,10,93,1.5,2,220,https://m.media-amazon.com/images/I/4134C+OZ52L._AC_UL320_.jpg,"Authentic Baby & Nursery product. Built with high-grade components, tested for peak durability, and backed by a 1-year manufacturer warranty. Complete with original accessories and certified packaging."
prod_000891,18,sel_0043,"Cudlie Disney Baby Girl Minnie Mouse Bottle, Rattle & Pacifer Set",CRT-BAB-00891,799,10,78,5,2,142,https://m.media-amazon.com/images/I/61iZybfkWjL._AC_UL320_.jpg,"Authentic Baby & Nursery product. Built with high-grade components, tested for peak durability, and backed by a 1-year manufacturer warranty. Complete with original accessories and certified packaging."
prod_000892,18,sel_0045,"Ameda Comfortgel Hydrogel Sterile Pads, Blue",CRT-BAB-00892,999,10,86,4.1,5,382,https://m.media-amazon.com/images/I/31moboIAiyL._AC_UL320_.jpg,"Authentic Baby & Nursery product. Built with high-grade components, tested for peak durability, and backed by a 1-year manufacturer warranty. Complete with original accessories and certified packaging."
prod_000893,18,sel_0048,"Cunill 3-Ounce Beaded Baby Cup, 2.12-Inch, Sterling Silver",CRT-BAB-00893,17999,10,116,4.7,5,240,https://m.media-amazon.com/images/I/71qxNZWcCKL._AC_UL320_.jpg,"Authentic Baby & Nursery product. Built with high-grade components, tested for peak durability, and backed by a 1-year manufacturer warranty. Complete with original accessories and certified packaging."
prod_000894,18,sel_0044,Starbucks Summer 2022 Swirl Purple Color Changing Reusable 24oz Cold Cup,CRT-BAB-00894,1999,30,48,4,43,1098,https://m.media-amazon.com/images/I/61cZUo8INVL._AC_UL320_.jpg,"Authentic Baby & Nursery product. Built with high-grade components, tested for peak durability, and backed by a 1-year manufacturer warranty. Complete with original accessories and certified packaging."
prod_000895,18,sel_0005,Munchkin 44123: 9Oz Miracle Color Changing Sippy Cup - 1Pk (Assorted),CRT-BAB-00895,799,10,66,4.6,90,1171,https://m.media-amazon.com/images/I/41rTgAA+JPS._AC_UL320_.jpg,"Authentic Baby & Nursery product. Built with high-grade components, tested for peak durability, and backed by a 1-year manufacturer warranty. Complete with original accessories and certified packaging."
prod_000896,18,sel_0038,"Stephen Joseph Silicone Baby Plate, One size, Bunny",CRT-BAB-00896,1599,30,87,4.3,42,341,https://m.media-amazon.com/images/I/71LqaW2xErL._AC_UL320_.jpg,"Authentic Baby & Nursery product. Built with high-grade components, tested for peak durability, and backed by a 1-year manufacturer warranty. Complete with original accessories and certified packaging."
prod_000897,18,sel_0037,"Momma Bear Essentials Premium Nipple Shield, Set of 6 with Hot Pink Soft Cotton Reusable Drawstring Bag - Non-Toxic, BPA and BPS Free",CRT-BAB-00897,1099,20,30,3.7,248,199,https://m.media-amazon.com/images/I/610lNbGTcfL._AC_UL320_.jpg,"Authentic Baby & Nursery product. Built with high-grade components, tested for peak durability, and backed by a 1-year manufacturer warranty. Complete with original accessories and certified packaging."
prod_000898,18,sel_0035,"Cerebelly Baby Food Pouches – Butternut Squash with Chicken Bone Broth (4 oz, Pack of 1) - Healthy Kids Snacks - Veggie Purees - 16...",CRT-BAB-00898,499,20,68,4.4,55,674,https://m.media-amazon.com/images/I/71Qbl9m7bcL._AC_UL320_.jpg,"Authentic Baby & Nursery product. Built with high-grade components, tested for peak durability, and backed by a 1-year manufacturer warranty. Complete with original accessories and certified packaging."
prod_000899,18,sel_0004,"Mud Pie Unisex Baby Smore Silicone Bib and Rattle, Gray, One Size",CRT-BAB-00899,2249,25,39,5,3,1411,https://m.media-amazon.com/images/I/71LE7UxUPmS._AC_UL320_.jpg,"Authentic Baby & Nursery product. Built with high-grade components, tested for peak durability, and backed by a 1-year manufacturer warranty. Complete with original accessories and certified packaging."
prod_000900,18,sel_0001,Richell Aqulea outing straw mug 200 Light blue,CRT-BAB-00900,1199,15,137,3.9,49,999,https://m.media-amazon.com/images/I/51vLN89MDXL._AC_UL320_.jpg,"Authentic Baby & Nursery product. Built with high-grade components, tested for peak durability, and backed by a 1-year manufacturer warranty. Complete with original accessories and certified packaging."
prod_000901,19,sel_0021,"Bodyprox Ankle Support Brace, Breathable Neoprene Sleeve, Adjustable Wrap!",CRT-SPO-00901,799,5,74,4.3,59,441,https://m.media-amazon.com/images/I/81mEoQ2pm-L._AC_UL320_.jpg,"Authentic Sports & Fitness product. Built with high-grade components, tested for peak durability, and backed by a 1-year manufacturer warranty. Complete with original accessories and certified packaging."
prod_000902,19,sel_0035,Golf 2021 Supersoft Golf Balls (One Dozen),CRT-SPO-00902,1999,15,31,4.8,266,400,https://m.media-amazon.com/images/I/71I1Y36VShL._AC_UL320_.jpg,"Authentic Sports & Fitness product. Built with high-grade components, tested for peak durability, and backed by a 1-year manufacturer warranty. Complete with original accessories and certified packaging."
prod_000903,19,sel_0039,Hanes Ultimate Women's 6-Pack Comfort Toe Seamed Ankle Socks,CRT-SPO-00903,999,30,144,4.7,417,550,https://m.media-amazon.com/images/I/711MgPoMoUS._AC_UL320_.jpg,"Authentic Sports & Fitness product. Built with high-grade components, tested for peak durability, and backed by a 1-year manufacturer warranty. Complete with original accessories and certified packaging."
prod_000904,19,sel_0035,"Sleeve Stars Ankle Brace for Women & Men, Plantar Fasciitis Relief & Ankle Compression Sleeve, Foot Brace w/Ankle Support Strap, Heel...",CRT-SPO-00904,1599,5,149,4.2,41,262,https://m.media-amazon.com/images/I/81Pfn6wYgJL._AC_UL320_.jpg,"Authentic Sports & Fitness product. Built with high-grade components, tested for peak durability, and backed by a 1-year manufacturer warranty. Complete with original accessories and certified packaging."
prod_000905,19,sel_0049,8 Pack Refill Cartridge Kit Replacement Only Blue,CRT-SPO-00905,1999,5,79,4.6,107,433,https://m.media-amazon.com/images/I/71cG5+J+o8L._AC_UL320_.jpg,"Authentic Sports & Fitness product. Built with high-grade components, tested for peak durability, and backed by a 1-year manufacturer warranty. Complete with original accessories and certified packaging."
prod_000906,19,sel_0044,"Shock Doctor Pro Mouth Guard, Shock Absorbing Mouth Protection, Custom Fit, Adult & Youth",CRT-SPO-00906,699,0,103,4.2,373,839,https://m.media-amazon.com/images/I/710TCPdOn1L._AC_UL320_.jpg,"Authentic Sports & Fitness product. Built with high-grade components, tested for peak durability, and backed by a 1-year manufacturer warranty. Complete with original accessories and certified packaging."
prod_000907,19,sel_0024,"Hanes Men's Double Tough Crew Socks, 12-Pair Pack",CRT-SPO-00907,1199,10,46,4.6,134,207,https://m.media-amazon.com/images/I/81iKJ1CM21L._AC_UL320_.jpg,"Authentic Sports & Fitness product. Built with high-grade components, tested for peak durability, and backed by a 1-year manufacturer warranty. Complete with original accessories and certified packaging."
prod_000908,19,sel_0053,"Bell 20-Inch Universal Inner Tube, Width Fit Range 1.75-Inch to 2.25-Inch, Schrader",CRT-SPO-00908,299,10,16,4.6,340,968,https://m.media-amazon.com/images/I/61mS8QejLbL._AC_UL320_.jpg,"Authentic Sports & Fitness product. Built with high-grade components, tested for peak durability, and backed by a 1-year manufacturer warranty. Complete with original accessories and certified packaging."
prod_000909,19,sel_0032,"Large Fanny Pack for Women Men - Syican Waist bag with 4-Zipper Pockets, Gifts for Enjoy Sports Traveling Workout Casual Hands-Free...",CRT-SPO-00909,699,20,25,4.6,394,1009,https://m.media-amazon.com/images/I/71+UeTr05kL._AC_UL320_.jpg,"Authentic Sports & Fitness product. Built with high-grade components, tested for peak durability, and backed by a 1-year manufacturer warranty. Complete with original accessories and certified packaging."
prod_000910,19,sel_0006,"Hanes Women's Value, Low Cut Soft Moisture-Wicking Socks, 10-Packs",CRT-SPO-00910,899,30,130,4.7,159,80,https://m.media-amazon.com/images/I/91UKjqtiXhL._AC_UL320_.jpg,"Authentic Sports & Fitness product. Built with high-grade components, tested for peak durability, and backed by a 1-year manufacturer warranty. Complete with original accessories and certified packaging."
prod_000911,19,sel_0029,"Eveready LED Headlamps (2-Pack), Bright and Durable Head Lights for Running, Camping, Fishing, Emergency (Batteries Included),Navy Blue...",CRT-SPO-00911,699,0,54,4.7,26,919,https://m.media-amazon.com/images/I/71atx7Yc03L._AC_UL320_.jpg,"Authentic Sports & Fitness product. Built with high-grade components, tested for peak durability, and backed by a 1-year manufacturer warranty. Complete with original accessories and certified packaging."
prod_000912,19,sel_0040,"Bike Chain Lock, 5 Digit Combination Heavy Duty Anti Theft Bicycle Chain Lock, 3.2 Feet Long Security Resettable Bike Locks for Bike...",CRT-SPO-00912,1599,10,77,4.6,306,591,https://m.media-amazon.com/images/I/7119xNNNqWL._AC_UL320_.jpg,"Authentic Sports & Fitness product. Built with high-grade components, tested for peak durability, and backed by a 1-year manufacturer warranty. Complete with original accessories and certified packaging."
prod_000913,19,sel_0046,"CAMBIVO 2 Pack Knee Braces for Knee Pain, Knee Compression Sleeve for Men and Women, Knee Support for Meniscus Tear, Running...",CRT-SPO-00913,1199,5,23,4.4,264,154,https://m.media-amazon.com/images/I/815rMekwNgL._AC_UL320_.jpg,"Authentic Sports & Fitness product. Built with high-grade components, tested for peak durability, and backed by a 1-year manufacturer warranty. Complete with original accessories and certified packaging."
prod_000914,19,sel_0057,Speedo Unisex Swim Training Ergo Ear Plugs,CRT-SPO-00914,699,10,125,4.4,36,690,https://m.media-amazon.com/images/I/51w6KMIePUL._AC_UL320_.jpg,"Authentic Sports & Fitness product. Built with high-grade components, tested for peak durability, and backed by a 1-year manufacturer warranty. Complete with original accessories and certified packaging."
prod_000915,19,sel_0012,"4 Packs Cooling Towel (40""x 12""), Ice Towel, Microfiber Towel, Soft Breathable Chilly Towel Stay Cool for Yoga, Sport, Gym, Workout...",CRT-SPO-00915,799,15,18,4.4,224,589,https://m.media-amazon.com/images/I/81Ug9nQpQIL._AC_UL320_.jpg,"Authentic Sports & Fitness product. Built with high-grade components, tested for peak durability, and backed by a 1-year manufacturer warranty. Complete with original accessories and certified packaging."
prod_000916,19,sel_0048,Stelle Ballet Shoes for Girls Toddler Ballet Slippers Soft Leather Boys Dance Shoes for Toddler/Little Kid/Big Kid,CRT-SPO-00916,899,15,125,4.7,322,1136,https://m.media-amazon.com/images/I/61CGDIk7SEL._AC_UL320_.jpg,"Authentic Sports & Fitness product. Built with high-grade components, tested for peak durability, and backed by a 1-year manufacturer warranty. Complete with original accessories and certified packaging."
prod_000917,19,sel_0026,"Mens Running Headband,5Pack,Mens Sweatband Sports Headband for Running,Cycling,Basketball,Yoga,Fitness Workout Stretchy Unisex Hairband",CRT-SPO-00917,999,5,118,4.5,27,1062,https://m.media-amazon.com/images/I/71brU3KoOHL._AC_UL320_.jpg,"Authentic Sports & Fitness product. Built with high-grade components, tested for peak durability, and backed by a 1-year manufacturer warranty. Complete with original accessories and certified packaging."
prod_000918,19,sel_0029,Bike Cover Outdoor Waterproof Bicycle Covers Rain Sun UV Dust Wind Proof with Lock Hole for Mountain Road Electric Bike,CRT-SPO-00918,1299,20,68,4.3,141,727,https://m.media-amazon.com/images/I/6120oPdOFQS._AC_UL320_.jpg,"Authentic Sports & Fitness product. Built with high-grade components, tested for peak durability, and backed by a 1-year manufacturer warranty. Complete with original accessories and certified packaging."
prod_000919,19,sel_0037,Growsun Electric Air Balloon Pump 110V 600W Balloon Blower Inflator for Garland Arch Party Decoration,CRT-SPO-00919,1599,10,39,4.7,352,712,https://m.media-amazon.com/images/I/61+5gfUYwpL._AC_UL320_.jpg,"Authentic Sports & Fitness product. Built with high-grade components, tested for peak durability, and backed by a 1-year manufacturer warranty. Complete with original accessories and certified packaging."
prod_000920,19,sel_0019,Franklin Sports Thrown Down Baseball Bases with Home Plate and Pitcher's Rubber - Backyard Kids Rubber Base Set Perfect for Baseball...,CRT-SPO-00920,799,0,99,4.6,152,71,https://m.media-amazon.com/images/I/71L+pWUw4hL._AC_UL320_.jpg,"Authentic Sports & Fitness product. Built with high-grade components, tested for peak durability, and backed by a 1-year manufacturer warranty. Complete with original accessories and certified packaging."
prod_000921,19,sel_0013,"Barnett Visor Clear, Football and Lacrosse Helmet Eye-Shield",CRT-SPO-00921,1799,30,47,4.5,63,331,https://m.media-amazon.com/images/I/41aylojlx6L._AC_UL320_.jpg,"Authentic Sports & Fitness product. Built with high-grade components, tested for peak durability, and backed by a 1-year manufacturer warranty. Complete with original accessories and certified packaging."
prod_000922,19,sel_0023,"Magnetic Dart Board, Safe Dart Game Toy for Kids, 12pcs Magnetic Darts, Excellent Indoor Game and Party Game, Double Sided Dart Board...",CRT-SPO-00922,2249,10,85,4.6,90,96,https://m.media-amazon.com/images/I/8163gv4mlDL._AC_UL320_.jpg,"Authentic Sports & Fitness product. Built with high-grade components, tested for peak durability, and backed by a 1-year manufacturer warranty. Complete with original accessories and certified packaging."
prod_000923,19,sel_0015,Brass Presta Valve Adapter - Convert Presta to Schrader - Inflate Tire Using Standard Bike Pump or Air Compressor (4 Pack),CRT-SPO-00923,499,10,78,4.6,193,1021,https://m.media-amazon.com/images/I/81+m+WFCgDL._AC_UL320_.jpg,"Authentic Sports & Fitness product. Built with high-grade components, tested for peak durability, and backed by a 1-year manufacturer warranty. Complete with original accessories and certified packaging."
prod_000924,19,sel_0028,"Hanes Boys' Socks, Double Tough Cushioned Crew Socks, 12-pair Packs",CRT-SPO-00924,799,0,43,4.7,257,409,https://m.media-amazon.com/images/I/71RijZ8P8WS._AC_UL320_.jpg,"Authentic Sports & Fitness product. Built with high-grade components, tested for peak durability, and backed by a 1-year manufacturer warranty. Complete with original accessories and certified packaging."
prod_000925,19,sel_0045,Graduated Copper Compression Socks for Men & Women Circulation 8 Pairs 15-20mmHg - Best for Running Athletic Cycling,CRT-SPO-00925,1599,15,140,4.5,217,374,https://m.media-amazon.com/images/I/618LXHpKupL._AC_UL320_.jpg,"Authentic Sports & Fitness product. Built with high-grade components, tested for peak durability, and backed by a 1-year manufacturer warranty. Complete with original accessories and certified packaging."
prod_000926,19,sel_0058,"Hand Warmers Rechargeable, Dnaleao 2 Pack 4000mAh Electric Portable Pocket Heater, Heat Therapy Great for Outdoors, Hunting, Golf...",CRT-SPO-00926,1599,25,128,4.6,102,560,https://m.media-amazon.com/images/I/61sd60TK2oL._AC_UL320_.jpg,"Authentic Sports & Fitness product. Built with high-grade components, tested for peak durability, and backed by a 1-year manufacturer warranty. Complete with original accessories and certified packaging."
prod_000927,19,sel_0057,"Mueller Sports Medicine Green Fitted Wrist Brace for Men and Women, Support and Compression for Carpal Tunnel Syndrome, Tendinitis, and...",CRT-SPO-00927,1199,5,86,4.5,264,699,https://m.media-amazon.com/images/I/81Bqe8WU4qL._AC_UL320_.jpg,"Authentic Sports & Fitness product. Built with high-grade components, tested for peak durability, and backed by a 1-year manufacturer warranty. Complete with original accessories and certified packaging."
prod_000928,19,sel_0027,"Bike Pump Portable, Ball Pump Inflator Bicycle Floor Pump with high Pressure Buffer Easiest use with Both Presta and Schrader Bicycle...",CRT-SPO-00928,899,30,56,4.2,391,1309,https://m.media-amazon.com/images/I/61ruh0SyxjL._AC_UL320_.jpg,"Authentic Sports & Fitness product. Built with high-grade components, tested for peak durability, and backed by a 1-year manufacturer warranty. Complete with original accessories and certified packaging."
prod_000929,19,sel_0024,Saucony Women's Multipack Performance Heel Tab Athletic Socks,CRT-SPO-00929,1399,25,123,4.8,369,854,https://m.media-amazon.com/images/I/91EYxSnesAL._AC_UL320_.jpg,"Authentic Sports & Fitness product. Built with high-grade components, tested for peak durability, and backed by a 1-year manufacturer warranty. Complete with original accessories and certified packaging."
prod_000930,19,sel_0056,Hanes ComfortSoft EcoSmart Men's Fleece Sweatpants,CRT-SPO-00930,899,5,83,4.4,189,509,https://m.media-amazon.com/images/I/61trccDbwQL._AC_UL320_.jpg,"Authentic Sports & Fitness product. Built with high-grade components, tested for peak durability, and backed by a 1-year manufacturer warranty. Complete with original accessories and certified packaging."
prod_000931,19,sel_0019,"HeyNuts Essential Full Length Yoga Leggings, Women's High Waisted Workout Compression Pants 28''",CRT-SPO-00931,2499,15,111,4.6,238,329,https://m.media-amazon.com/images/I/518dMBsprHL._AC_UL320_.jpg,"Authentic Sports & Fitness product. Built with high-grade components, tested for peak durability, and backed by a 1-year manufacturer warranty. Complete with original accessories and certified packaging."
prod_000932,19,sel_0032,Glow in The Dark Golf Balls Light up Led Golf Balls Night Golf Gift Sets for Men Kids Women,CRT-SPO-00932,1899,15,85,4.3,166,479,https://m.media-amazon.com/images/I/61xNLlhlsML._AC_UL320_.jpg,"Authentic Sports & Fitness product. Built with high-grade components, tested for peak durability, and backed by a 1-year manufacturer warranty. Complete with original accessories and certified packaging."
prod_000933,19,sel_0038,"Shock Doctor Gel Max Mouth Guard, Heavy Duty Protection & Custom Fit, Adult & Youth",CRT-SPO-00933,999,25,83,4.2,139,1128,https://m.media-amazon.com/images/I/61i5FY9dXnL._AC_UL320_.jpg,"Authentic Sports & Fitness product. Built with high-grade components, tested for peak durability, and backed by a 1-year manufacturer warranty. Complete with original accessories and certified packaging."
prod_000934,19,sel_0032,Nike Everyday Cushion Crew Socks,CRT-SPO-00934,2499,5,86,4.6,396,470,https://m.media-amazon.com/images/I/71JFdHMZaaL._AC_UL320_.jpg,"Authentic Sports & Fitness product. Built with high-grade components, tested for peak durability, and backed by a 1-year manufacturer warranty. Complete with original accessories and certified packaging."
prod_000935,19,sel_0005,Sunzel Womens Workout Leggings with High Waist Tummy Control,CRT-SPO-00935,2249,0,64,4.4,380,393,https://m.media-amazon.com/images/I/61I7FpgX9IL._AC_UL320_.jpg,"Authentic Sports & Fitness product. Built with high-grade components, tested for peak durability, and backed by a 1-year manufacturer warranty. Complete with original accessories and certified packaging."
prod_000936,19,sel_0008,VIFUUR Water Sports Shoes Barefoot Quick-Dry Aqua Yoga Socks Slip-on for Men Women,CRT-SPO-00936,999,15,118,4.3,340,686,https://m.media-amazon.com/images/I/61ejDUGIg8L._AC_UL320_.jpg,"Authentic Sports & Fitness product. Built with high-grade components, tested for peak durability, and backed by a 1-year manufacturer warranty. Complete with original accessories and certified packaging."
prod_000937,19,sel_0007,"Hanes Women’s Sweatpants, ComfortSoft EcoSmart Open Leg Fleece Sweatpants",CRT-SPO-00937,599,10,50,4,324,1391,https://m.media-amazon.com/images/I/71x9SXlBuaL._AC_UL320_.jpg,"Authentic Sports & Fitness product. Built with high-grade components, tested for peak durability, and backed by a 1-year manufacturer warranty. Complete with original accessories and certified packaging."
prod_000938,19,sel_0039,Physix Gear Sport Modern,CRT-SPO-00938,1499,15,125,4.5,50,397,https://m.media-amazon.com/images/I/61K+KjL9+DL._AC_UL320_.jpg,"Authentic Sports & Fitness product. Built with high-grade components, tested for peak durability, and backed by a 1-year manufacturer warranty. Complete with original accessories and certified packaging."
prod_000939,19,sel_0038,IDEGG No Show Socks Womens and Men Low Cut Ankle Short Anti-slid Athletic Running Novelty Casual Invisible Liner Socks,CRT-SPO-00939,1099,5,70,4.7,250,1042,https://m.media-amazon.com/images/I/81IzdW+IZwL._AC_UL320_.jpg,"Authentic Sports & Fitness product. Built with high-grade components, tested for peak durability, and backed by a 1-year manufacturer warranty. Complete with original accessories and certified packaging."
prod_000940,19,sel_0051,"Posture Corrector for Women, Adjustable Upper Back Brace, Back Support for Posture for Women and Men, Breathable Back Straightener...",CRT-SPO-00940,899,10,111,4.8,25,988,https://m.media-amazon.com/images/I/61SKXJvW2fL._AC_UL320_.jpg,"Authentic Sports & Fitness product. Built with high-grade components, tested for peak durability, and backed by a 1-year manufacturer warranty. Complete with original accessories and certified packaging."
prod_000941,19,sel_0034,Ankle Brace Plantar Fasciitis Socks for Women Neuropathy Compression Ankle Socks Arch Support Socks Heel Spur Relief Products Leg & Foot...,CRT-SPO-00941,799,25,12,4.2,354,478,https://m.media-amazon.com/images/I/81ptM-ppobL._AC_UL320_.jpg,"Authentic Sports & Fitness product. Built with high-grade components, tested for peak durability, and backed by a 1-year manufacturer warranty. Complete with original accessories and certified packaging."
prod_000942,19,sel_0051,"Sweet Sweat Workout Enhancer Roll-On Anti-Chafing Gel Stick - Sweat Harder and Faster, Helps Promote Water Weight Loss, Use with Sweet...",CRT-SPO-00942,2499,20,32,4.6,151,1243,https://m.media-amazon.com/images/I/41LpJokOiGL._AC_UL320_.jpg,"Authentic Sports & Fitness product. Built with high-grade components, tested for peak durability, and backed by a 1-year manufacturer warranty. Complete with original accessories and certified packaging."
prod_000943,19,sel_0015,Kids Knee Brace Sleeve - Youth Knee Compression Sleeve for Children - Boys & Girls | Child Knee Support for Knee Pain & Sports &...,CRT-SPO-00943,1099,25,70,4.5,113,946,https://m.media-amazon.com/images/I/71CmzxI4CyL._AC_UL320_.jpg,"Authentic Sports & Fitness product. Built with high-grade components, tested for peak durability, and backed by a 1-year manufacturer warranty. Complete with original accessories and certified packaging."
prod_000944,19,sel_0002,Nike Everyday Cushion Ankle Training Socks (6 Pair),CRT-SPO-00944,2499,10,122,4.6,259,790,https://m.media-amazon.com/images/I/91jI4KEv5BL._AC_UL320_.jpg,"Authentic Sports & Fitness product. Built with high-grade components, tested for peak durability, and backed by a 1-year manufacturer warranty. Complete with original accessories and certified packaging."
prod_000945,19,sel_0034,Sport Squad Soccer Goal Net Set - Training Soccer Goals for Backyard - Indoor or Outdoor Versions - Easy Assembly - Great for Kids and...,CRT-SPO-00945,1999,15,85,4.4,191,842,https://m.media-amazon.com/images/I/81dgc3BPmnL._AC_UL320_.jpg,"Authentic Sports & Fitness product. Built with high-grade components, tested for peak durability, and backed by a 1-year manufacturer warranty. Complete with original accessories and certified packaging."
prod_000946,19,sel_0046,"Kunto Fitness Elbow Brace Compression Support Sleeve (Shipped From USA) for Tendonitis, Tennis Elbow, Golf Elbow Treatment - Reduce...",CRT-SPO-00946,1599,25,105,4.4,424,1010,https://m.media-amazon.com/images/I/91vIBNDOT7L._AC_UL320_.jpg,"Authentic Sports & Fitness product. Built with high-grade components, tested for peak durability, and backed by a 1-year manufacturer warranty. Complete with original accessories and certified packaging."
prod_000947,19,sel_0055,Callaway Golf 2023 Supersoft Golf Balls (One Dozen),CRT-SPO-00947,1999,10,40,4.8,251,1033,https://m.media-amazon.com/images/I/71CAWhWsOOL._AC_UL320_.jpg,"Authentic Sports & Fitness product. Built with high-grade components, tested for peak durability, and backed by a 1-year manufacturer warranty. Complete with original accessories and certified packaging."
prod_000948,19,sel_0046,FITRELL 3 Pairs Compression Socks for Women and Men 20-30mmHg-Circulation Support Socks,CRT-SPO-00948,1399,10,132,4.4,169,1188,https://m.media-amazon.com/images/I/81F-Oc5ckqL._AC_UL320_.jpg,"Authentic Sports & Fitness product. Built with high-grade components, tested for peak durability, and backed by a 1-year manufacturer warranty. Complete with original accessories and certified packaging."
prod_000949,19,sel_0051,"Large Hand & Body Warmers - Up to 18 Hours of Heat, Super Long Lasting - Easy, All Natural - Air Activated, for Body, Hands & Toes ...",CRT-SPO-00949,2499,15,47,4.5,147,504,https://m.media-amazon.com/images/I/719JlIP1l8L._AC_UL320_.jpg,"Authentic Sports & Fitness product. Built with high-grade components, tested for peak durability, and backed by a 1-year manufacturer warranty. Complete with original accessories and certified packaging."
prod_000950,19,sel_0039,"WILSON Tennis Ball Pick Up Hopper -75, 90",CRT-SPO-00950,2999,5,133,4,393,107,https://m.media-amazon.com/images/I/61Rmxoa4RjS._AC_UL320_.jpg,"Authentic Sports & Fitness product. Built with high-grade components, tested for peak durability, and backed by a 1-year manufacturer warranty. Complete with original accessories and certified packaging."
prod_000951,20,sel_0027,"Best Pet Supplies Crinkle Dog Toy for Small, Medium, and Large Breeds, Cute No Stuffing Duck with Soft Squeaker, Fun for Indoor Puppies...",CRT-PET-00951,499,10,74,4.5,210,696,https://m.media-amazon.com/images/I/61iLNIUwPnL._AC_UL320_.jpg,"Authentic Pet Supplies product. Built with high-grade components, tested for peak durability, and backed by a 1-year manufacturer warranty. Complete with original accessories and certified packaging."
prod_000952,20,sel_0038,"Multipet Plush Dog Toy, Lambchop, 10"", White/Tan, Small",CRT-PET-00952,599,30,38,4.5,34,947,https://m.media-amazon.com/images/I/81O7mf19NeL._AC_UL320_.jpg,"Authentic Pet Supplies product. Built with high-grade components, tested for peak durability, and backed by a 1-year manufacturer warranty. Complete with original accessories and certified packaging."
prod_000953,20,sel_0036,"Amazon Basics Dog Poop Bags With Dispenser and Leash Clip, Lavender Scented, 270 Count, 18 Pack of 15, 13 Inch x 9 Inch",CRT-PET-00953,799,20,117,4.8,84,186,https://m.media-amazon.com/images/I/71jWvY+J1jL._AC_UL320_.jpg,"Authentic Pet Supplies product. Built with high-grade components, tested for peak durability, and backed by a 1-year manufacturer warranty. Complete with original accessories and certified packaging."
prod_000954,20,sel_0007,"COCOYO Best Value 22""x22"" Dog Training Pads 50 Count | Dog Pee Pads | Super Absorbent Puppy Pads,White",CRT-PET-00954,799,0,80,4.4,414,417,https://m.media-amazon.com/images/I/713aTKNsywL._AC_UL320_.jpg,"Authentic Pet Supplies product. Built with high-grade components, tested for peak durability, and backed by a 1-year manufacturer warranty. Complete with original accessories and certified packaging."
prod_000955,20,sel_0043,"Zesty Paws Probiotics for Dogs - Digestive Enzymes for Gut Flora, Digestive Health, Diarrhea & Bowel Support - Clinically Studied DE111...",CRT-PET-00955,2499,0,98,4.4,318,944,https://m.media-amazon.com/images/I/81FrzdzqT5L._AC_UL320_.jpg,"Authentic Pet Supplies product. Built with high-grade components, tested for peak durability, and backed by a 1-year manufacturer warranty. Complete with original accessories and certified packaging."
prod_000956,20,sel_0016,Casfuy Dog Nail Grinder Upgraded - Professional 2-Speed Electric Rechargeable Pet Nail Trimmer Painless Paws Grooming & Smoothing for...,CRT-PET-00956,1599,25,91,4.5,352,195,https://m.media-amazon.com/images/I/51ZDoDf3ZwS._AC_UL320_.jpg,"Authentic Pet Supplies product. Built with high-grade components, tested for peak durability, and backed by a 1-year manufacturer warranty. Complete with original accessories and certified packaging."
prod_000957,20,sel_0027,Nature's Miracle Advanced Stain and Odor Eliminator Dog for Severe Dog Messes 32 Fl Oz,CRT-PET-00957,1099,15,84,4.6,91,1407,https://m.media-amazon.com/images/I/516QcGBBinL._AC_UL320_.jpg,"Authentic Pet Supplies product. Built with high-grade components, tested for peak durability, and backed by a 1-year manufacturer warranty. Complete with original accessories and certified packaging."
prod_000958,20,sel_0031,"Petmate 2 Cup Pet Food Scoop With Measuring Lines; BPA Free,Silver",CRT-PET-00958,249,0,91,4.7,275,520,https://m.media-amazon.com/images/I/61dyeyfm3PL._AC_UL320_.jpg,"Authentic Pet Supplies product. Built with high-grade components, tested for peak durability, and backed by a 1-year manufacturer warranty. Complete with original accessories and certified packaging."
prod_000959,20,sel_0009,"Honey Care All-Absorb, Small 17.5"" x 23.5"", 120 Count, Dog and Puppy Training Pads, Ultra Absorbent and Odor Eliminating, Leak-Proof...",CRT-PET-00959,1599,15,15,4.5,201,1399,https://m.media-amazon.com/images/I/81tptBqX-aL._AC_UL320_.jpg,"Authentic Pet Supplies product. Built with high-grade components, tested for peak durability, and backed by a 1-year manufacturer warranty. Complete with original accessories and certified packaging."
prod_000960,20,sel_0025,"Dog Toothbrush - 360º Tooth Brushing Kit for Dog Teeth Cleaning - Dental Care for Puppies, Cats & Small Pets - Ergonomic Dog Finger...",CRT-PET-00960,1099,5,58,4.5,172,1177,https://m.media-amazon.com/images/I/71rrdZxtw8L._AC_UL320_.jpg,"Authentic Pet Supplies product. Built with high-grade components, tested for peak durability, and backed by a 1-year manufacturer warranty. Complete with original accessories and certified packaging."
prod_000961,20,sel_0054,"VetIQ Calming Support Supplement for Dogs, Calming Chews Help Manage Stress and Promote Relaxation, Anxiety Relief for Dogs, 60 Count",CRT-PET-00961,999,10,45,4.2,94,728,https://m.media-amazon.com/images/I/81bB9sGBvJL._AC_UL320_.jpg,"Authentic Pet Supplies product. Built with high-grade components, tested for peak durability, and backed by a 1-year manufacturer warranty. Complete with original accessories and certified packaging."
prod_000962,20,sel_0044,BioSilk for Dogs Silk Therapy Detangling Plus Shine Mist for Dogs | Best Detangling Spray for All Dogs & Puppies for Shiny Coats and...,CRT-PET-00962,799,25,130,4.6,225,850,https://m.media-amazon.com/images/I/71Z0Ct8iOgL._AC_UL320_.jpg,"Authentic Pet Supplies product. Built with high-grade components, tested for peak durability, and backed by a 1-year manufacturer warranty. Complete with original accessories and certified packaging."
prod_000963,20,sel_0015,"Pogi's Dog Grooming Wipes - 100 Dog Wipes for Cleaning and Deodorizing - Plant-Based, Hypoallergenic Pet Wipes for Dogs, Puppy Wipes ...",CRT-PET-00963,1099,0,26,4.6,348,1367,https://m.media-amazon.com/images/I/71hlJ8bz3FL._AC_UL320_.jpg,"Authentic Pet Supplies product. Built with high-grade components, tested for peak durability, and backed by a 1-year manufacturer warranty. Complete with original accessories and certified packaging."
prod_000964,20,sel_0028,"Nocciola 5 PCS Crinkle Dog Squeaky Toys with Double Layer Reinforced Fabric, Durable Plush Dog Toys, No Stuffing Body Dog Toy Set for...",CRT-PET-00964,1599,0,101,4.3,205,1392,https://m.media-amazon.com/images/I/61ml9sv5i9L._AC_UL320_.jpg,"Authentic Pet Supplies product. Built with high-grade components, tested for peak durability, and backed by a 1-year manufacturer warranty. Complete with original accessories and certified packaging."
prod_000965,20,sel_0053,"Miracle Care Eye Wash Pads For Dogs And Cats Made In USA, Soft Pet Wipes For Gently Cleaning Eyes, Sterile Cat and Dog Wipes Formulated...",CRT-PET-00965,899,5,63,4.3,172,1364,https://m.media-amazon.com/images/I/71zQk2VJ1+L._AC_UL320_.jpg,"Authentic Pet Supplies product. Built with high-grade components, tested for peak durability, and backed by a 1-year manufacturer warranty. Complete with original accessories and certified packaging."
prod_000966,20,sel_0002,"HARTZ, Groomer's Best Small Slicker Brush for Cats and Small Dogs, Black/Violet, 1 Count",CRT-PET-00966,499,5,34,4.4,328,1046,https://m.media-amazon.com/images/I/61BXgZ7nQBL._AC_UL320_.jpg,"Authentic Pet Supplies product. Built with high-grade components, tested for peak durability, and backed by a 1-year manufacturer warranty. Complete with original accessories and certified packaging."
prod_000967,20,sel_0041,"Paw Inspired 32ct Disposable Dog Diapers | Female Dog Diapers Ultra Protection | Diapers for Dogs in Heat, Excitable Urination, or...",CRT-PET-00967,1599,10,63,4.3,398,469,https://m.media-amazon.com/images/I/814e4fTaVyL._AC_UL320_.jpg,"Authentic Pet Supplies product. Built with high-grade components, tested for peak durability, and backed by a 1-year manufacturer warranty. Complete with original accessories and certified packaging."
prod_000968,20,sel_0055,Texsens Innovative Traveler Bubble Backpack Pet Carriers for Cats and Dogs (Black),CRT-PET-00968,2249,10,80,4.7,144,568,https://m.media-amazon.com/images/I/61tatOQzdLL._AC_UL320_.jpg,"Authentic Pet Supplies product. Built with high-grade components, tested for peak durability, and backed by a 1-year manufacturer warranty. Complete with original accessories and certified packaging."
prod_000969,20,sel_0025,Glad for Pets JUMBO-SIZE Charcoal Puppy Pads | Black Training Pads That ABSORB & Neutralize Urine Instantly | New & Improved Quality...,CRT-PET-00969,1499,10,73,4.5,45,686,https://m.media-amazon.com/images/I/81GKs4fB20L._AC_UL320_.jpg,"Authentic Pet Supplies product. Built with high-grade components, tested for peak durability, and backed by a 1-year manufacturer warranty. Complete with original accessories and certified packaging."
prod_000970,20,sel_0056,Waterproof Orthopedic Foam Dog Beds for Extra Large Dogs Durable Dog Sofa The Pet Bed Washable Removable Cover with Zipper and Non-Slip...,CRT-PET-00970,4749,10,13,4.5,32,202,https://m.media-amazon.com/images/I/61djdF9UnnL._AC_UL320_.jpg,"Authentic Pet Supplies product. Built with high-grade components, tested for peak durability, and backed by a 1-year manufacturer warranty. Complete with original accessories and certified packaging."
prod_000971,20,sel_0023,Hartz UltraGuard Purple Flea & Tick Collar for Cats and Kittens - 7 Month Protection,CRT-PET-00971,299,15,46,4.1,408,1010,https://m.media-amazon.com/images/I/8129lFbVYJL._AC_UL320_.jpg,"Authentic Pet Supplies product. Built with high-grade components, tested for peak durability, and backed by a 1-year manufacturer warranty. Complete with original accessories and certified packaging."
prod_000972,20,sel_0058,"Glad Eco Friendly Waste Bags | 8 Rolls of Lavender Scented 120 Bags in Total for All Dogs, Leak Proof and Strong Poop Bags",CRT-PET-00972,599,10,62,4.4,372,1055,https://m.media-amazon.com/images/I/81kSiSnVk9L._AC_UL320_.jpg,"Authentic Pet Supplies product. Built with high-grade components, tested for peak durability, and backed by a 1-year manufacturer warranty. Complete with original accessories and certified packaging."
prod_000973,20,sel_0009,"Pooph Pet Odor Eliminator, 32oz Spray, 2-Pack - Dismantles Odors on a Molecular Basis, Dogs, Cats, Freshener, Eliminator, Urine, Poop...",CRT-PET-00973,3999,10,145,4,389,66,https://m.media-amazon.com/images/I/71zUNmlKHuL._AC_UL320_.jpg,"Authentic Pet Supplies product. Built with high-grade components, tested for peak durability, and backed by a 1-year manufacturer warranty. Complete with original accessories and certified packaging."
prod_000974,20,sel_0019,"Dog Poop Bags(420 Count), Scented Poop Bags for Dogs Leak Proof Doggie Poop Bag Refills Rolls Pet Waste Bags with 2 Free Dispenser",CRT-PET-00974,899,0,97,4.5,282,1171,https://m.media-amazon.com/images/I/71ieItWyYHL._AC_UL320_.jpg,"Authentic Pet Supplies product. Built with high-grade components, tested for peak durability, and backed by a 1-year manufacturer warranty. Complete with original accessories and certified packaging."
prod_000975,20,sel_0022,"Dog Poop Waste Bags with Dispenser and Leash Tie, 9"" x 13"", Green, 1000 Count",CRT-PET-00975,1599,0,99,4.7,204,1152,https://m.media-amazon.com/images/I/81B3-SEYX8L._AC_UL320_.jpg,"Authentic Pet Supplies product. Built with high-grade components, tested for peak durability, and backed by a 1-year manufacturer warranty. Complete with original accessories and certified packaging."
prod_000976,20,sel_0022,Four Paws Wee-Wee Superior Performance Gigantic Pee Pads for Dogs - Dog & Puppy Pads for Potty Training - Dog Housebreaking & Puppy...,CRT-PET-00976,1599,25,94,4.7,309,266,https://m.media-amazon.com/images/I/8132RT9qRXL._AC_UL320_.jpg,"Authentic Pet Supplies product. Built with high-grade components, tested for peak durability, and backed by a 1-year manufacturer warranty. Complete with original accessories and certified packaging."
prod_000977,20,sel_0007,"Arm & Hammer for Pets 2-In-1 Shampoo & Conditioner for Dogs| Cucumber Mint, 20 Ounce Bottle for All Dogs",CRT-PET-00977,399,25,142,4.6,218,1066,https://m.media-amazon.com/images/I/71qId3eEtpL._AC_UL320_.jpg,"Authentic Pet Supplies product. Built with high-grade components, tested for peak durability, and backed by a 1-year manufacturer warranty. Complete with original accessories and certified packaging."
prod_000978,20,sel_0023,"Chuckit! Flying Squirrel Fetch Dog Toy, Size Medium (9.5"" Diameter), Orange & Blue, for Medium Dog Breeds",CRT-PET-00978,599,0,129,4.6,345,599,https://m.media-amazon.com/images/I/512ISILbwOL._AC_UL320_.jpg,"Authentic Pet Supplies product. Built with high-grade components, tested for peak durability, and backed by a 1-year manufacturer warranty. Complete with original accessories and certified packaging."
prod_000979,20,sel_0041,"Dog Shock Collar with Remote - 2800FT Dog Training Collar with 4 Training Modes, Rechargeable E-Collar - IPX7 Waterproof Electric Collar...",CRT-PET-00979,3249,25,86,4.7,48,427,https://m.media-amazon.com/images/I/71lqeALUagL._AC_UL320_.jpg,"Authentic Pet Supplies product. Built with high-grade components, tested for peak durability, and backed by a 1-year manufacturer warranty. Complete with original accessories and certified packaging."
prod_000980,20,sel_0046,"Original Snuggle Puppy Heartbeat Stuffed Toy for Dogs. Pet Anxiety Relief and Calming Aid, Comfort Toy for Behavioral Training in Golden",CRT-PET-00980,3249,0,35,4.5,340,1021,https://m.media-amazon.com/images/I/61oo9rVzMCL._AC_UL320_.jpg,"Authentic Pet Supplies product. Built with high-grade components, tested for peak durability, and backed by a 1-year manufacturer warranty. Complete with original accessories and certified packaging."
prod_000981,20,sel_0055,Pet Head Oatmeal Natural Paw Butter 2oz,CRT-PET-00981,799,30,120,4.5,305,170,https://m.media-amazon.com/images/I/61G9R1B5xDL._AC_UL320_.jpg,"Authentic Pet Supplies product. Built with high-grade components, tested for peak durability, and backed by a 1-year manufacturer warranty. Complete with original accessories and certified packaging."
prod_000982,20,sel_0054,"Chuckit! Max Glow Ball Dog Toy, Large (3 Inch Diameter) for Dogs 60-100 lbs, Pack of 1",CRT-PET-00982,399,0,69,4.7,113,457,https://m.media-amazon.com/images/I/717fhJrTa4L._AC_UL320_.jpg,"Authentic Pet Supplies product. Built with high-grade components, tested for peak durability, and backed by a 1-year manufacturer warranty. Complete with original accessories and certified packaging."
prod_000983,20,sel_0002,100% Waterproof Car Seat Cover For Dogs - Durable Scratch Resistant Dog Seat Cover - 600D Heavy Duty Hammock Back Seat Cover for Dogs –...,CRT-PET-00983,1799,10,114,4.6,52,422,https://m.media-amazon.com/images/I/91-QV7dQgxL._AC_UL320_.jpg,"Authentic Pet Supplies product. Built with high-grade components, tested for peak durability, and backed by a 1-year manufacturer warranty. Complete with original accessories and certified packaging."
prod_000984,20,sel_0035,"Nutramax Cobalequin B12 Supplement for Cats and Small Dogs, 45 Count (Pack of 1)",CRT-PET-00984,1799,0,148,4.7,389,782,https://m.media-amazon.com/images/I/71MSvJuGtML._AC_UL320_.jpg,"Authentic Pet Supplies product. Built with high-grade components, tested for peak durability, and backed by a 1-year manufacturer warranty. Complete with original accessories and certified packaging."
prod_000985,20,sel_0038,"Automatic Cat Food Dispenser, Automatic Cat Feeders with Freshness Preservation, Timed Cat Feeder for Dry Food,Up to 6 Meals Per...",CRT-PET-00985,5499,30,12,4.5,126,273,https://m.media-amazon.com/images/I/61Mu8J2+TQL._AC_UL320_.jpg,"Authentic Pet Supplies product. Built with high-grade components, tested for peak durability, and backed by a 1-year manufacturer warranty. Complete with original accessories and certified packaging."
prod_000986,20,sel_0001,"Clean Paws | No-Rinse Foaming Cleanser | Gentle, Fragrance-Free, and pH Balanced to Provide a deep Clean Safe for All Dogs | 5fl oz....",CRT-PET-00986,1499,10,18,4.6,412,600,https://m.media-amazon.com/images/I/61LcQCTLu0L._AC_UL320_.jpg,"Authentic Pet Supplies product. Built with high-grade components, tested for peak durability, and backed by a 1-year manufacturer warranty. Complete with original accessories and certified packaging."
prod_000987,20,sel_0030,"IOKHEIRA Dog Plush Toys for Aggressive Chewers, Indestructible Dog Squeaky Toys with Crinkle Paper, Durable Teething Chew Toys for...",CRT-PET-00987,1099,20,16,3.3,349,1012,https://m.media-amazon.com/images/I/81X7gh5nISL._AC_UL320_.jpg,"Authentic Pet Supplies product. Built with high-grade components, tested for peak durability, and backed by a 1-year manufacturer warranty. Complete with original accessories and certified packaging."
prod_000988,20,sel_0048,KONG - Wubbaª - Dog Tug of War and Fetch Toy - For Small Dogs (Assorted Colors),CRT-PET-00988,699,25,40,4.1,379,380,https://m.media-amazon.com/images/I/81f6F+xsvDL._AC_UL320_.jpg,"Authentic Pet Supplies product. Built with high-grade components, tested for peak durability, and backed by a 1-year manufacturer warranty. Complete with original accessories and certified packaging."
prod_000989,20,sel_0040,Petstages Orka Dental Links Dog Chew Toy,CRT-PET-00989,449,0,18,4.3,97,247,https://m.media-amazon.com/images/I/71NXsZlgxLL._AC_UL320_.jpg,"Authentic Pet Supplies product. Built with high-grade components, tested for peak durability, and backed by a 1-year manufacturer warranty. Complete with original accessories and certified packaging."
prod_000990,20,sel_0056,"Automatic Pet Feeders for Cats and Dogs, Dry Food Dispenser with Desiccant Bag, Timed Cat Feeder, Programmable Portion Size Control 4...",CRT-PET-00990,4499,25,72,4.7,410,359,https://m.media-amazon.com/images/I/61p9MrNoQ5L._AC_UL320_.jpg,"Authentic Pet Supplies product. Built with high-grade components, tested for peak durability, and backed by a 1-year manufacturer warranty. Complete with original accessories and certified packaging."
prod_000991,20,sel_0023,"Dog Car Net Barrier Pet Barrier with Auto Safety Mesh Organizer Baby Stretchable Storage Bag Universal for Cars, SUVs -Easy Install, Car...",CRT-PET-00991,1299,5,79,4.1,345,1259,https://m.media-amazon.com/images/I/71r+FP1sqIL._AC_UL320_.jpg,"Authentic Pet Supplies product. Built with high-grade components, tested for peak durability, and backed by a 1-year manufacturer warranty. Complete with original accessories and certified packaging."
prod_000992,20,sel_0005,"Nylabone Puppy Chew Toy & Treat Starter Pack - Toys for Teething Long Lasting Supplies Chicken Bacon Flavor, Small (3 Count)",CRT-PET-00992,699,0,146,4.4,256,807,https://m.media-amazon.com/images/I/81UKve6HqGL._AC_UL320_.jpg,"Authentic Pet Supplies product. Built with high-grade components, tested for peak durability, and backed by a 1-year manufacturer warranty. Complete with original accessories and certified packaging."
prod_000993,20,sel_0046,"Pet N Pet Poop Bags For Dogs, Green 270 Counts Unscented Dog Poop Bag Rolls, Dog Bags For Poop, Doggie Poop Bags, Dog Waste Bags, Doggy...",CRT-PET-00993,499,25,106,4.7,295,27,https://m.media-amazon.com/images/I/81mcMrhZicL._AC_UL320_.jpg,"Authentic Pet Supplies product. Built with high-grade components, tested for peak durability, and backed by a 1-year manufacturer warranty. Complete with original accessories and certified packaging."
prod_000994,20,sel_0043,"Multipet Swingin' Slevin 27"" Duck Plush Dog Toy",CRT-PET-00994,399,10,95,4.4,435,762,https://m.media-amazon.com/images/I/61mAU6tBC6L._AC_UL320_.jpg,"Authentic Pet Supplies product. Built with high-grade components, tested for peak durability, and backed by a 1-year manufacturer warranty. Complete with original accessories and certified packaging."
prod_000995,20,sel_0041,"Dog Clippers,Professional Dog Grooming Kit, Cordless Dog Grooming Clippers for Thick Coats, Dog Hair Trimmer, Low Noise Dog Shaver...",CRT-PET-00995,2249,20,30,4.5,203,809,https://m.media-amazon.com/images/I/711D2P-rQ5L._AC_UL320_.jpg,"Authentic Pet Supplies product. Built with high-grade components, tested for peak durability, and backed by a 1-year manufacturer warranty. Complete with original accessories and certified packaging."
prod_000996,20,sel_0012,Artificial Grass Puppy Pee Pad for Dogs and Small Pets - 20x30 Reusable 3-Layer Training Potty Pad with Tray - Dog Housebreaking...,CRT-PET-00996,2249,5,126,4,248,247,https://m.media-amazon.com/images/I/812gzs+R1AL._AC_UL320_.jpg,"Authentic Pet Supplies product. Built with high-grade components, tested for peak durability, and backed by a 1-year manufacturer warranty. Complete with original accessories and certified packaging."
prod_000997,20,sel_0030,"Regalo 56-Inch Extra WideSpan Walk Through Baby Gate, Includes 4-Inch, 8-Inch and 12-Inch Extension, 4 Pack of Pressure Mounts and 4...",CRT-PET-00997,4999,30,28,4.5,106,1272,https://m.media-amazon.com/images/I/61s3hq4mrZL._AC_UL320_.jpg,"Authentic Pet Supplies product. Built with high-grade components, tested for peak durability, and backed by a 1-year manufacturer warranty. Complete with original accessories and certified packaging."
prod_000998,20,sel_0051,"RIZZARI Automatic Pet Waterer, 100% BPA-Free, 4.6L Gravity Stainless Steel Water Dispenser, Large Capacity Water Feeder for Cats and...",CRT-PET-00998,2749,25,62,4.5,132,752,https://m.media-amazon.com/images/I/611werofr+L._AC_UL320_.jpg,"Authentic Pet Supplies product. Built with high-grade components, tested for peak durability, and backed by a 1-year manufacturer warranty. Complete with original accessories and certified packaging."
prod_000999,20,sel_0019,"Arm & Hammer for Pets Itch Relief Spray for Dogs with Arm & Hammer Baking Soda, Chamomile and Peppermint Scent, 8oz | Professional...",CRT-PET-00999,349,10,100,4.2,255,752,https://m.media-amazon.com/images/I/61dZm2Hho3L._AC_UL320_.jpg,"Authentic Pet Supplies product. Built with high-grade components, tested for peak durability, and backed by a 1-year manufacturer warranty. Complete with original accessories and certified packaging."
prod_001000,20,sel_0029,"URPOWER Dog Seat Cover, 100% Waterproof Hammock 600D Heavy Duty Scratch Proof Nonslip Durable Soft Pet Back Seat Covers for Cars Trucks...",CRT-PET-01000,3249,25,15,4.6,347,522,https://m.media-amazon.com/images/I/81KeOUvA6aL._AC_UL320_.jpg,"Authentic Pet Supplies product. Built with high-grade components, tested for peak durability, and backed by a 1-year manufacturer warranty. Complete with original accessories and certified packaging."
prod_001001,21,sel_0030,"Chemical Guys HOL363 16-Piece Arsenal Builder Ceramic Car Wash & Protection Kit with Big Mouth Max Release Foam Cannon, Bucket and (6)...",CRT-AUT-01001,20999,15,28,4.5,345,1356,https://m.media-amazon.com/images/I/81xaaklwt6L._AC_UL320_.jpg,"Authentic Automotive & Car Care product. Built with high-grade components, tested for peak durability, and backed by a 1-year manufacturer warranty. Complete with original accessories and certified packaging."
prod_001002,21,sel_0008,"Car Wash Kit -Car Wash Cleaning Kit Car Interior Detailing Kit with Car Wash Foam Gun,Microfiber Sponge Car Care Kit,Tire Brush, Car...",CRT-AUT-01002,2749,20,105,4.2,400,932,https://m.media-amazon.com/images/I/913PzikWM4L._AC_UL320_.jpg,"Authentic Automotive & Car Care product. Built with high-grade components, tested for peak durability, and backed by a 1-year manufacturer warranty. Complete with original accessories and certified packaging."
prod_001003,21,sel_0025,"Car Vacuum Cleaner High Power Cordless, 16000pa Small Handheld Vacuum for Car with Blower, Powerful Hand Vacuum Rechargeable, Type-C...",CRT-AUT-01003,4999,15,69,4.5,204,60,https://m.media-amazon.com/images/I/81hlDIAFszL._AC_UL320_.jpg,"Authentic Automotive & Car Care product. Built with high-grade components, tested for peak durability, and backed by a 1-year manufacturer warranty. Complete with original accessories and certified packaging."
prod_001004,21,sel_0025,"Microfiber Cleaning Cloth Grey - 12 packs 16""x16"" - High Performance - 1200 Washes, Ultra Absorbent Towels Weave Grime & Liquid for...",CRT-AUT-01004,799,15,126,4.7,338,517,https://m.media-amazon.com/images/I/A1U4ZA-OJmS._AC_UL320_.jpg,"Authentic Automotive & Car Care product. Built with high-grade components, tested for peak durability, and backed by a 1-year manufacturer warranty. Complete with original accessories and certified packaging."
prod_001005,21,sel_0054,"ThisWorx Car Vacuum Cleaner - Car Accessories - Small 12V High Power Handheld Portable Car Vacuum w/Attachments, 16 Ft Cord & Bag ...",CRT-AUT-01005,1599,0,12,4,173,381,https://m.media-amazon.com/images/I/81EJLtLxMgL._AC_UL320_.jpg,"Authentic Automotive & Car Care product. Built with high-grade components, tested for peak durability, and backed by a 1-year manufacturer warranty. Complete with original accessories and certified packaging."
prod_001006,21,sel_0056,"Chemical Guys SPI22016 Total Interior Cleaner and Protectant, Safe for Cars, Trucks, SUVs, Jeeps, Motorcycles, RVs & More, 16 fl oz",CRT-AUT-01006,999,15,10,4.6,312,45,https://m.media-amazon.com/images/I/71lTFTEWPHL._AC_UL320_.jpg,"Authentic Automotive & Car Care product. Built with high-grade components, tested for peak durability, and backed by a 1-year manufacturer warranty. Complete with original accessories and certified packaging."
prod_001007,21,sel_0054,"Weiman Leather Cleaner & Conditioner Wipes With UV Protection, Prevent Cracking Or Fading Of Leather Couches, Car Seats, Shoes, Purses ...",CRT-AUT-01007,399,20,149,4.5,277,457,https://m.media-amazon.com/images/I/61C8sXfKnyL._AC_UL320_.jpg,"Authentic Automotive & Car Care product. Built with high-grade components, tested for peak durability, and backed by a 1-year manufacturer warranty. Complete with original accessories and certified packaging."
prod_001008,21,sel_0036,TICARVE Car Cleaning Gel Detailing Putty Car Putty Auto Detailing Tools Car Interior Cleaner Cleaning Slime Car Accessories Keyboard...,CRT-AUT-01008,599,20,71,4.2,202,1156,https://m.media-amazon.com/images/I/71vR0spoVkL._AC_UL320_.jpg,"Authentic Automotive & Car Care product. Built with high-grade components, tested for peak durability, and backed by a 1-year manufacturer warranty. Complete with original accessories and certified packaging."
prod_001009,21,sel_0018,Loctite Threadlocker Blue 242 Nut/Bolt Locker,CRT-AUT-01009,599,20,148,4.7,416,839,https://m.media-amazon.com/images/I/710dYyD5mTL._AC_UL320_.jpg,"Authentic Automotive & Car Care product. Built with high-grade components, tested for peak durability, and backed by a 1-year manufacturer warranty. Complete with original accessories and certified packaging."
prod_001010,21,sel_0022,"CERAKOTE® Ceramic Trim Coat Kit - Quick Plastic Trim Restorer - Guaranteed Restoration to Last Over 200 Washes – A Ceramic Coating, Not...",CRT-AUT-01010,1399,5,147,4.6,354,1248,https://m.media-amazon.com/images/I/71jCzZLhUbL._AC_UL320_.jpg,"Authentic Automotive & Car Care product. Built with high-grade components, tested for peak durability, and backed by a 1-year manufacturer warranty. Complete with original accessories and certified packaging."
prod_001011,21,sel_0052,"CAR GUYS Plastic Restorer | Bring Plastic, Rubber, and Vinyl Back to Life! | User Friendly Trim Restorer | Safe Auto Detailing Supplies...",CRT-AUT-01011,1399,25,98,4.4,231,803,https://m.media-amazon.com/images/I/61SV1O8XWhL._AC_UL320_.jpg,"Authentic Automotive & Car Care product. Built with high-grade components, tested for peak durability, and backed by a 1-year manufacturer warranty. Complete with original accessories and certified packaging."
prod_001012,21,sel_0039,"36PCS Car Interior Detailing Kit - Car Cleaning Kit with Portable Vacuum Cleaner, Tire Inflator, Mitt, Towels, Window Scraper, Detailing...",CRT-AUT-01012,3249,30,40,4.2,345,531,https://m.media-amazon.com/images/I/81oNO4LjpXL._AC_UL320_.jpg,"Authentic Automotive & Car Care product. Built with high-grade components, tested for peak durability, and backed by a 1-year manufacturer warranty. Complete with original accessories and certified packaging."
prod_001013,21,sel_0056,"16 Piece Full Car Detail Kit, Interior & Exterior Auto Care Set with Wash Soap, Polish, Tire & Glass Cleaners, Protection Spray, Soft...",CRT-AUT-01013,5749,20,61,4.2,143,1302,https://m.media-amazon.com/images/I/71+RKBzQolL._AC_UL320_.jpg,"Authentic Automotive & Car Care product. Built with high-grade components, tested for peak durability, and backed by a 1-year manufacturer warranty. Complete with original accessories and certified packaging."
prod_001014,21,sel_0034,"Leather Conditioner Cleaner for Couch Furniture, All-Natural Leather Care Kit for Leather Couch,Car Seat,Apparel,Boot,Shoe,Accessories...",CRT-AUT-01014,1599,5,13,4.6,334,352,https://m.media-amazon.com/images/I/71DqlInswbL._AC_UL320_.jpg,"Authentic Automotive & Car Care product. Built with high-grade components, tested for peak durability, and backed by a 1-year manufacturer warranty. Complete with original accessories and certified packaging."
prod_001015,21,sel_0019,Carfidant Scratch and Swirl Remover - Ultimate Car Scratch Remover Compound - Auto Polish & Paint Restorer - Easily Repair Paint...,CRT-AUT-01015,1799,30,62,3.9,215,96,https://m.media-amazon.com/images/I/71zINbITx3L._AC_UL320_.jpg,"Authentic Automotive & Car Care product. Built with high-grade components, tested for peak durability, and backed by a 1-year manufacturer warranty. Complete with original accessories and certified packaging."
prod_001016,21,sel_0031,"Microfiber Cleaning Cloth - 12Pcs (16x16 inch) High Performance - 1200 Washes, Ultra Absorbent Microfiber Towels for Cars Weave Grime &...",CRT-AUT-01016,499,20,30,4.7,361,1343,https://m.media-amazon.com/images/I/91O1DIQRHGL._AC_UL320_.jpg,"Authentic Automotive & Car Care product. Built with high-grade components, tested for peak durability, and backed by a 1-year manufacturer warranty. Complete with original accessories and certified packaging."
prod_001017,21,sel_0005,"Chemical Guys SPI_191_16 Lightning Fast Carpet and Upholstery Stain Extractor, (Fabric, Upholstery, & Carpet), Safe for Cars, Home...",CRT-AUT-01017,799,20,137,4.5,279,436,https://m.media-amazon.com/images/I/71o4kPyI6tL._AC_UL320_.jpg,"Authentic Automotive & Car Care product. Built with high-grade components, tested for peak durability, and backed by a 1-year manufacturer warranty. Complete with original accessories and certified packaging."
prod_001018,21,sel_0026,"Bick 4 Leather Conditioner and Leather Cleaner 8 oz - Will Not Darken Leather - Safe For All Colors of Leather Apparel, Furniture...",CRT-AUT-01018,899,5,100,4.7,175,897,https://m.media-amazon.com/images/I/81odLF5cKdL._AC_UL320_.jpg,"Authentic Automotive & Car Care product. Built with high-grade components, tested for peak durability, and backed by a 1-year manufacturer warranty. Complete with original accessories and certified packaging."
prod_001019,21,sel_0005,"Chemical Guys ACC_300_2 Wonder Wave Durafoam Contoured Large Tire Dressing Applicator Pad, Pack of 2",CRT-AUT-01019,599,30,103,4.6,439,804,https://m.media-amazon.com/images/I/51apbn1v2lL._AC_UL320_.jpg,"Authentic Automotive & Car Care product. Built with high-grade components, tested for peak durability, and backed by a 1-year manufacturer warranty. Complete with original accessories and certified packaging."
prod_001020,21,sel_0024,"Armor All Car Cleaning Wipes, Wipes for Car Interior and Car Exterior, 90 Wipes Each",CRT-AUT-01020,999,20,71,4.6,404,570,https://m.media-amazon.com/images/I/71cC0auoOKL._AC_UL320_.jpg,"Authentic Automotive & Car Care product. Built with high-grade components, tested for peak durability, and backed by a 1-year manufacturer warranty. Complete with original accessories and certified packaging."
prod_001021,21,sel_0031,"Car Cleaning Window Tool, Microfiber Window Cleaning Tool with 4 Washable and Reusable Cloth Pad Head, Extendable Handle and Spray...",CRT-AUT-01021,799,25,84,4,193,1235,https://m.media-amazon.com/images/I/71PIvPoyY2L._AC_UL320_.jpg,"Authentic Automotive & Car Care product. Built with high-grade components, tested for peak durability, and backed by a 1-year manufacturer warranty. Complete with original accessories and certified packaging."
prod_001022,21,sel_0036,MOTHERS 05101 Mag & Aluminum Polish - 10 oz,CRT-AUT-01022,599,0,148,4.6,138,1013,https://m.media-amazon.com/images/I/51GTKJdjkTL._AC_UL320_.jpg,"Authentic Automotive & Car Care product. Built with high-grade components, tested for peak durability, and backed by a 1-year manufacturer warranty. Complete with original accessories and certified packaging."
prod_001023,21,sel_0042,"Turtle Wax 53409 Hybrid Solutions Ceramic Spray Coating, Incredible Shine & Protection for Car Paint, Extreme Water Beading, Safe for...",CRT-AUT-01023,1199,15,17,4.6,128,1127,https://m.media-amazon.com/images/I/71faLLM95hL._AC_UL320_.jpg,"Authentic Automotive & Car Care product. Built with high-grade components, tested for peak durability, and backed by a 1-year manufacturer warranty. Complete with original accessories and certified packaging."
prod_001024,21,sel_0033,"Ultra Shine Car Wash and Car Wax by Armor All, Cleaning Fluid for Cars, Trucks, Motorcycles, 64 Fl Oz Each",CRT-AUT-01024,449,30,121,4.6,244,1347,https://m.media-amazon.com/images/I/71ZShmVcehL._AC_UL320_.jpg,"Authentic Automotive & Car Care product. Built with high-grade components, tested for peak durability, and backed by a 1-year manufacturer warranty. Complete with original accessories and certified packaging."
prod_001025,21,sel_0053,"Leather Honey Leather Cleaner The Best Leather Cleaner for Vinyl and Leather Apparel, Furniture, Auto Interior, Shoes and Accessories....",CRT-AUT-01025,1399,20,17,4.3,186,1429,https://m.media-amazon.com/images/I/51G27r-YGPL._AC_UL320_.jpg,"Authentic Automotive & Car Care product. Built with high-grade components, tested for peak durability, and backed by a 1-year manufacturer warranty. Complete with original accessories and certified packaging."
prod_001026,21,sel_0027,"AIDEA Microfiber Cleaning Cloth-24PK, Premium All-Purpose Microfiber Towels for Cars, Soft & Absorbent Car Cleaning Cloth, Lint Free...",CRT-AUT-01026,699,20,64,4.4,307,1282,https://m.media-amazon.com/images/I/81wk+uaGdML._AC_UL320_.jpg,"Authentic Automotive & Car Care product. Built with high-grade components, tested for peak durability, and backed by a 1-year manufacturer warranty. Complete with original accessories and certified packaging."
prod_001027,21,sel_0033,Car Rubber Duck 2Pcs Duck Car Decoration Dashboard Car Ornament for Car Dashboard Decoration Accessories with Mini Swim Ring Sun Hat...,CRT-AUT-01027,799,10,89,4.6,249,1137,https://m.media-amazon.com/images/I/61atyfCDWcL._AC_UL320_.jpg,"Authentic Automotive & Car Care product. Built with high-grade components, tested for peak durability, and backed by a 1-year manufacturer warranty. Complete with original accessories and certified packaging."
prod_001028,21,sel_0060,Malco Epic Paint Correction System Kit – Save Time with The Malco 2-in-1 Automotive Polish and Compound Kit/Works with All Dual Action...,CRT-AUT-01028,11999,20,62,4.3,143,932,https://m.media-amazon.com/images/I/81esefa-I7L._AC_UL320_.jpg,"Authentic Automotive & Car Care product. Built with high-grade components, tested for peak durability, and backed by a 1-year manufacturer warranty. Complete with original accessories and certified packaging."
prod_001029,21,sel_0040,Meguiar's Gold Class Rich Leather Cleaner and Conditioning Spray - Get Leather Protection While Cleaning and Conditioning - Premium...,CRT-AUT-01029,999,25,131,4.7,332,773,https://m.media-amazon.com/images/I/715MuXgoTyL._AC_UL320_.jpg,"Authentic Automotive & Car Care product. Built with high-grade components, tested for peak durability, and backed by a 1-year manufacturer warranty. Complete with original accessories and certified packaging."
prod_001030,21,sel_0003,"Scotch-Brite Non-Scratch Dishwand Kit, Includes 1 Wand & 7 Refill Pads, Keep Hands Out of the Mess",CRT-AUT-01030,899,5,71,4.5,413,325,https://m.media-amazon.com/images/I/817EhoNDesL._AC_UL320_.jpg,"Authentic Automotive & Car Care product. Built with high-grade components, tested for peak durability, and backed by a 1-year manufacturer warranty. Complete with original accessories and certified packaging."
prod_001031,21,sel_0008,"Permatex 81158 Black Silicone Adhesive Sealant, 3 oz. Tube, Pack of 1",CRT-AUT-01031,399,0,106,4.5,281,565,https://m.media-amazon.com/images/I/81kJHI44Y1L._AC_UL320_.jpg,"Authentic Automotive & Car Care product. Built with high-grade components, tested for peak durability, and backed by a 1-year manufacturer warranty. Complete with original accessories and certified packaging."
prod_001032,21,sel_0046,"Chemical Guys MIC49302 Chenille Premium Scratch-Free Microfiber Wash Mitt, Lime Green, 9.6"" x 2.3"" x 7"" (2 Pack)",CRT-AUT-01032,1199,30,141,4.7,110,1082,https://m.media-amazon.com/images/I/81dwUJveizL._AC_UL320_.jpg,"Authentic Automotive & Car Care product. Built with high-grade components, tested for peak durability, and backed by a 1-year manufacturer warranty. Complete with original accessories and certified packaging."
prod_001033,21,sel_0028,TICARVE Cleaning Gel for Car Detailing Car Vent Cleaner Cleaning Putty Gel Auto Car Interior Cleaner Dust Cleaning Mud for Cars and...,CRT-AUT-01033,599,30,61,4.1,99,1410,https://m.media-amazon.com/images/I/81FM7HkkI-L._AC_UL320_.jpg,"Authentic Automotive & Car Care product. Built with high-grade components, tested for peak durability, and backed by a 1-year manufacturer warranty. Complete with original accessories and certified packaging."
prod_001034,21,sel_0040,"Chemical Guys CWS_402_64 Mr. Pink Foaming Car Wash Soap (Works with Foam Cannons, Foam Guns or Bucket Washes) Safe for Cars, Trucks...",CRT-AUT-01034,2499,30,33,4.6,36,1271,https://m.media-amazon.com/images/I/71-kw1a+sSL._AC_UL320_.jpg,"Authentic Automotive & Car Care product. Built with high-grade components, tested for peak durability, and backed by a 1-year manufacturer warranty. Complete with original accessories and certified packaging."
prod_001035,21,sel_0029,"Meguiar's Gold Class Car Wash, Car Wash Foam for Car Cleaning – 64 Oz Container",CRT-AUT-01035,899,25,135,4.7,91,173,https://m.media-amazon.com/images/I/81EDkiZ2ZdL._AC_UL320_.jpg,"Authentic Automotive & Car Care product. Built with high-grade components, tested for peak durability, and backed by a 1-year manufacturer warranty. Complete with original accessories and certified packaging."
prod_001036,21,sel_0001,"Chemical Guys CWS20316 Foaming Citrus Fabric Clean Carpet & Upholstery Cleaner (Car Carpets, Seats & Floor Mats), Safe for Cars, Home...",CRT-AUT-01036,1599,30,52,4.5,345,819,https://m.media-amazon.com/images/I/71kYs5slodL._AC_UL320_.jpg,"Authentic Automotive & Car Care product. Built with high-grade components, tested for peak durability, and backed by a 1-year manufacturer warranty. Complete with original accessories and certified packaging."
prod_001037,21,sel_0042,J-B Weld 8267 SteelStik Steel Reinforced Epoxy Putty Stick - 2 oz.,CRT-AUT-01037,499,30,54,4.5,138,1392,https://m.media-amazon.com/images/I/817yHtzdyRL._AC_UL320_.jpg,"Authentic Automotive & Car Care product. Built with high-grade components, tested for peak durability, and backed by a 1-year manufacturer warranty. Complete with original accessories and certified packaging."
prod_001038,21,sel_0052,"Chemical Guys MIC1995 Woolly Mammoth Microfiber Dryer Towel (36"" x 25"") Cars,Trucks, SUVs, RVs, Home, Pets, Messes, Gray",CRT-AUT-01038,2499,15,123,4.7,188,1342,https://m.media-amazon.com/images/I/812hkcaaMTS._AC_UL320_.jpg,"Authentic Automotive & Car Care product. Built with high-grade components, tested for peak durability, and backed by a 1-year manufacturer warranty. Complete with original accessories and certified packaging."
prod_001039,21,sel_0018,"Car Cleaning Gels, 4-Pack Universal Auto Detailing Tools Car Interior Cleaner Putty, Dust Cleaning Mud for PC Tablet Laptop Keyboard...",CRT-AUT-01039,1099,10,114,4,385,1270,https://m.media-amazon.com/images/I/81buV32C75L._AC_UL320_.jpg,"Authentic Automotive & Car Care product. Built with high-grade components, tested for peak durability, and backed by a 1-year manufacturer warranty. Complete with original accessories and certified packaging."
prod_001040,21,sel_0007,Chemical Guys ACC_326 – TORQ Foam Blaster 6 Foam Wash Gun – The Ultimate Car Wash Foamer that Connects to Any Garden Hose,CRT-AUT-01040,3499,30,84,4.2,397,1065,https://m.media-amazon.com/images/I/71DHMSGiqTS._AC_UL320_.jpg,"Authentic Automotive & Car Care product. Built with high-grade components, tested for peak durability, and backed by a 1-year manufacturer warranty. Complete with original accessories and certified packaging."
prod_001041,21,sel_0060,"Chemical Guys MIC_506_12 Professional Grade Premium Microfiber Towels, Gold (16 Inch x 16 Inch) (Pack of 12) - Safe for Car Wash, Home...",CRT-AUT-01041,2749,5,32,4.7,154,541,https://m.media-amazon.com/images/I/81raerNN1FL._AC_UL320_.jpg,"Authentic Automotive & Car Care product. Built with high-grade components, tested for peak durability, and backed by a 1-year manufacturer warranty. Complete with original accessories and certified packaging."
prod_001042,21,sel_0014,"Chemical Guys CWS20916 Swift Wipe Sprayable Waterless Car Wash, Easily Clean - Just Spray & Wipe, Safe for Cars, Trucks, Motorcycles...",CRT-AUT-01042,999,25,140,4.7,392,496,https://m.media-amazon.com/images/I/716jSCUIviL._AC_UL320_.jpg,"Authentic Automotive & Car Care product. Built with high-grade components, tested for peak durability, and backed by a 1-year manufacturer warranty. Complete with original accessories and certified packaging."
prod_001043,21,sel_0022,"Armor All Car Wipes Multi-Pack by Armor All, Cleans Vehicle Interior and Exterior, Includes All Protectant Wipes, Armor All Glass and...",CRT-AUT-01043,1199,30,50,4.6,357,1007,https://m.media-amazon.com/images/I/91VueY-vf+L._AC_UL320_.jpg,"Authentic Automotive & Car Care product. Built with high-grade components, tested for peak durability, and backed by a 1-year manufacturer warranty. Complete with original accessories and certified packaging."
prod_001044,21,sel_0002,"Air Jungles 3in1 Leather Cleaner Wipes 70 Count (Pack of 1), Extra Large 8"" x 10"" Size Leather Clean Condition Protect Wipes for Vinyl...",CRT-AUT-01044,999,10,31,4.4,204,678,https://m.media-amazon.com/images/I/71txsVuqxpL._AC_UL320_.jpg,"Authentic Automotive & Car Care product. Built with high-grade components, tested for peak durability, and backed by a 1-year manufacturer warranty. Complete with original accessories and certified packaging."
prod_001045,21,sel_0001,Gel Cleaner for Car Vent Keyboard Auto Cleaning Putty Dashboard Dust Remover 160G,CRT-AUT-01045,449,10,96,4.1,81,928,https://m.media-amazon.com/images/I/71GQqz9GlbL._AC_UL320_.jpg,"Authentic Automotive & Car Care product. Built with high-grade components, tested for peak durability, and backed by a 1-year manufacturer warranty. Complete with original accessories and certified packaging."
prod_001046,21,sel_0010,"Chemical Guys WAC_201_16 Butter Wet Wax, Deep Wet Shine for Cars, Trucks, SUVs, RVs & More, 16 fl oz, Banana Scent",CRT-AUT-01046,1599,30,97,4.6,119,548,https://m.media-amazon.com/images/I/71yImfJ+3JL._AC_UL320_.jpg,"Authentic Automotive & Car Care product. Built with high-grade components, tested for peak durability, and backed by a 1-year manufacturer warranty. Complete with original accessories and certified packaging."
prod_001047,21,sel_0058,"Chemical Guys BUF612 TORQX Random Orbital Polisher, One-Step Scratch & Swirl Removal Kit - 8 Items Blue",CRT-AUT-01047,14999,30,17,4.6,287,236,https://m.media-amazon.com/images/I/61L+MboR29L._AC_UL320_.jpg,"Authentic Automotive & Car Care product. Built with high-grade components, tested for peak durability, and backed by a 1-year manufacturer warranty. Complete with original accessories and certified packaging."
prod_001048,21,sel_0035,"Super Flexible Silicone Squeegee, Auto Water Blade, Water Wiper, Shower Squeegee, 5.9'' Blade and 7.5'' Long Handle, for Car Windshield...",CRT-AUT-01048,599,10,135,4.6,278,355,https://m.media-amazon.com/images/I/516FoP9YT9L._AC_UL320_.jpg,"Authentic Automotive & Car Care product. Built with high-grade components, tested for peak durability, and backed by a 1-year manufacturer warranty. Complete with original accessories and certified packaging."
prod_001049,21,sel_0009,"SIMPLI-MAGIC 79006-100PK Shop Towels 14”x12”, White, (Pack of 100)",CRT-AUT-01049,2249,30,117,4.5,113,1002,https://m.media-amazon.com/images/I/71DMHsY71DL._AC_UL320_.jpg,"Authentic Automotive & Car Care product. Built with high-grade components, tested for peak durability, and backed by a 1-year manufacturer warranty. Complete with original accessories and certified packaging."
prod_001050,21,sel_0018,"Ontel Carwash Cannon Foam Blaster Nozzle Gun for Car, Truck, Boat & More - 5 Spray Settings, Just Spray & Rinse, No Residue or Film...",CRT-AUT-01050,1599,10,147,3.9,267,782,https://m.media-amazon.com/images/I/81ZjC95iRHL._AC_UL320_.jpg,"Authentic Automotive & Car Care product. Built with high-grade components, tested for peak durability, and backed by a 1-year manufacturer warranty. Complete with original accessories and certified packaging."
prod_001051,22,sel_0056,Cat CATERPILLAR DIGGER Semi-Rimless Adjustable Wraparound Anti Fog Safety Glasses,CRT-TOO-01051,1299,25,144,4.2,356,260,https://m.media-amazon.com/images/I/61k31iknslL._AC_UL320_.jpg,"Authentic Tools & Home Improvement product. Built with high-grade components, tested for peak durability, and backed by a 1-year manufacturer warranty. Complete with original accessories and certified packaging."
prod_001052,22,sel_0003,"Premium Tool Kit, Tool Organizer, Large Opening Kit with 13 Pockets, Tool Box",CRT-TOO-01052,3999,0,75,4.5,375,1413,https://m.media-amazon.com/images/I/61+l33J-UNL._AC_UL320_.jpg,"Authentic Tools & Home Improvement product. Built with high-grade components, tested for peak durability, and backed by a 1-year manufacturer warranty. Complete with original accessories and certified packaging."
prod_001053,22,sel_0055,"Titan Attachments 3 Point 6 FT Pine Straw Needle Rake, Category 1 Tractors, Coil Spring Tines, Drag-Behind Landscape Rake",CRT-TOO-01053,40999,25,63,4.3,303,551,https://m.media-amazon.com/images/I/71SdZmLTJ8L._AC_UL320_.jpg,"Authentic Tools & Home Improvement product. Built with high-grade components, tested for peak durability, and backed by a 1-year manufacturer warranty. Complete with original accessories and certified packaging."
prod_001054,22,sel_0043,"Everydrop by Whirlpool Ice and Water Refrigerator Filter 4, EDR4RXD1, Single-Pack",CRT-TOO-01054,3999,5,73,4.7,110,102,https://m.media-amazon.com/images/I/51KWC1huK6L._AC_UL320_.jpg,"Authentic Tools & Home Improvement product. Built with high-grade components, tested for peak durability, and backed by a 1-year manufacturer warranty. Complete with original accessories and certified packaging."
prod_001055,22,sel_0029,"SAMSUNG Genuine Filter for Refrigerator Water and Ice, Carbon Block Filtration for Clean, Clear Drinking Water, 6-Month Life...",CRT-TOO-01055,3249,10,50,4.7,448,353,https://m.media-amazon.com/images/I/51S6W-ovUBL._AC_UL320_.jpg,"Authentic Tools & Home Improvement product. Built with high-grade components, tested for peak durability, and backed by a 1-year manufacturer warranty. Complete with original accessories and certified packaging."
prod_001056,22,sel_0058,Grampa's Weeder - The Original Stand Up Weed Puller Tool with Long Handle - Made with Real Bamboo & 4-Claw Steel Head Design - Easily...,CRT-TOO-01056,3249,10,92,4.5,352,872,https://m.media-amazon.com/images/I/716y9oA+IhL._AC_UL320_.jpg,"Authentic Tools & Home Improvement product. Built with high-grade components, tested for peak durability, and backed by a 1-year manufacturer warranty. Complete with original accessories and certified packaging."
prod_001057,22,sel_0019,Holikme 4Pack Drill Brush Power Scrubber Cleaning Brush Extended Long Attachment Set All Purpose Drill Scrub Brushes Kit for Grout...,CRT-TOO-01057,599,15,86,4.4,246,327,https://m.media-amazon.com/images/I/81w4Gce6D1L._AC_UL320_.jpg,"Authentic Tools & Home Improvement product. Built with high-grade components, tested for peak durability, and backed by a 1-year manufacturer warranty. Complete with original accessories and certified packaging."
prod_001058,22,sel_0006,"Fluidmaster 400H-002 Performax Universal Toilet Fill Valve High Performance Tank and Bowl Water Control, 1-Pack, Multicolor",CRT-TOO-01058,1199,5,59,4.6,162,1444,https://m.media-amazon.com/images/I/616-NPv8GfL._AC_UL320_.jpg,"Authentic Tools & Home Improvement product. Built with high-grade components, tested for peak durability, and backed by a 1-year manufacturer warranty. Complete with original accessories and certified packaging."
prod_001059,22,sel_0014,Gaco Roof Ct Voc Wht 5g,CRT-TOO-01059,33999,0,57,4.2,180,70,https://m.media-amazon.com/images/I/51Fy-l2iaiL._AC_UL320_.jpg,"Authentic Tools & Home Improvement product. Built with high-grade components, tested for peak durability, and backed by a 1-year manufacturer warranty. Complete with original accessories and certified packaging."
prod_001060,22,sel_0055,"24 oz All Season Gun Foam, Pack of 12",CRT-TOO-01060,11999,25,125,5,431,228,https://m.media-amazon.com/images/I/81LstqOWCfL._AC_UL320_.jpg,"Authentic Tools & Home Improvement product. Built with high-grade components, tested for peak durability, and backed by a 1-year manufacturer warranty. Complete with original accessories and certified packaging."
prod_001061,22,sel_0015,"SAS Safety 66518 Raven Powder-free Disposable Black Nitrile 6 Mil Gloves, Large Case of 10",CRT-TOO-01061,9999,20,50,4.7,68,789,https://m.media-amazon.com/images/I/41E1fBf4UfL._AC_UL320_.jpg,"Authentic Tools & Home Improvement product. Built with high-grade components, tested for peak durability, and backed by a 1-year manufacturer warranty. Complete with original accessories and certified packaging."
prod_001062,22,sel_0026,"Streamlight 85175 CR123A Lithium Batteries, 2-Pack",CRT-TOO-01062,399,25,125,4.6,431,1049,https://m.media-amazon.com/images/I/61PlG-dzTQL._AC_UL320_.jpg,"Authentic Tools & Home Improvement product. Built with high-grade components, tested for peak durability, and backed by a 1-year manufacturer warranty. Complete with original accessories and certified packaging."
prod_001063,22,sel_0001,"Command Medium and Large Picture Hanging Strips, Damage Free Hanging Picture Hangers, Wall Hanging Strips for Back to School Dorm...",CRT-TOO-01063,1099,30,10,4.7,85,672,https://m.media-amazon.com/images/I/817xnLdjsfL._AC_UL320_.jpg,"Authentic Tools & Home Improvement product. Built with high-grade components, tested for peak durability, and backed by a 1-year manufacturer warranty. Complete with original accessories and certified packaging."
prod_001064,22,sel_0027,"SmartyPants Kids Probiotic Immunity Gummies: Prebiotics & Probiotics for Immune Support & Digestive Comfort, Strawberry Crème Flavor, 60...",CRT-TOO-01064,1599,15,144,4.6,82,1144,https://m.media-amazon.com/images/I/51KZ5qeomML._AC_UL320_.jpg,"Authentic Tools & Home Improvement product. Built with high-grade components, tested for peak durability, and backed by a 1-year manufacturer warranty. Complete with original accessories and certified packaging."
prod_001065,22,sel_0001,"Aootek New Solar Lights 120 LEDs with Lights Reflector,270° Wide Angle, IP65 Waterproof, Easy-to-Install Security Lights for Front Door...",CRT-TOO-01065,2999,10,147,4.5,40,664,https://m.media-amazon.com/images/I/71FAw5RmomL._AC_UL320_.jpg,"Authentic Tools & Home Improvement product. Built with high-grade components, tested for peak durability, and backed by a 1-year manufacturer warranty. Complete with original accessories and certified packaging."
prod_001066,22,sel_0011,"Ontel Battery Daddy - Battery Organizer Storage Case with Tester, Stores & Protects Up to 180 Batteries, Clear Locking Lid, As Seen On TV",CRT-TOO-01066,1599,5,20,4.8,444,638,https://m.media-amazon.com/images/I/81A8htyaFtL._AC_UL320_.jpg,"Authentic Tools & Home Improvement product. Built with high-grade components, tested for peak durability, and backed by a 1-year manufacturer warranty. Complete with original accessories and certified packaging."
prod_001067,22,sel_0037,"ICEPURE UKF8001 Replacement for Whirlpool Filter 4, Everydrop EDR4RXD1, FMM-2 Maytag UKF8001AXX-200 9084 4396395 MPF15090...",CRT-TOO-01067,2499,20,144,4.7,182,1448,https://m.media-amazon.com/images/I/71KK6rAuTsL._AC_UL320_.jpg,"Authentic Tools & Home Improvement product. Built with high-grade components, tested for peak durability, and backed by a 1-year manufacturer warranty. Complete with original accessories and certified packaging."
prod_001068,22,sel_0030,Garage Manual Tool Kit DIY 187 Piece Tool Set with Rolling Tool Case for Carry-On,CRT-TOO-01068,14999,30,59,4.7,339,1392,https://m.media-amazon.com/images/I/51yKgFlunHL._AC_UL320_.jpg,"Authentic Tools & Home Improvement product. Built with high-grade components, tested for peak durability, and backed by a 1-year manufacturer warranty. Complete with original accessories and certified packaging."
prod_001069,22,sel_0035,"Precision Screwdriver Kit, 58 Piece in 1 Screwdrivers, Tool Organizer, Electronic Repair Kit, Magnetic Drive Kit with Flexible Axis",CRT-TOO-01069,1499,5,25,4.5,216,802,https://m.media-amazon.com/images/I/51bVacGawLL._AC_UL320_.jpg,"Authentic Tools & Home Improvement product. Built with high-grade components, tested for peak durability, and backed by a 1-year manufacturer warranty. Complete with original accessories and certified packaging."
prod_001070,22,sel_0023,TCG12 Series Arc Flash Face Shield with A1 Adapters,CRT-TOO-01070,11999,0,89,1,185,905,https://m.media-amazon.com/images/I/81ErY203e4L._AC_UL320_.jpg,"Authentic Tools & Home Improvement product. Built with high-grade components, tested for peak durability, and backed by a 1-year manufacturer warranty. Complete with original accessories and certified packaging."
prod_001071,22,sel_0013,"SodaStream 60 L Co2 Exchange Carbonator, 14.5 Oz, Set of 2, Plus $15 Amazon.com Gift Card with Exchange",CRT-TOO-01071,5749,20,103,4.5,345,324,https://m.media-amazon.com/images/I/8144Mmwj1vL._AC_UL320_.jpg,"Authentic Tools & Home Improvement product. Built with high-grade components, tested for peak durability, and backed by a 1-year manufacturer warranty. Complete with original accessories and certified packaging."
prod_001072,22,sel_0051,"Outdoor Timer Outlet, Dusk to Dawn Light Sensor Timer, Outdoor Light Timer for Electrical Outlets Weatherproof, 2 Grounded Outlets for...",CRT-TOO-01072,999,10,58,4.5,307,626,https://m.media-amazon.com/images/I/61W78a2XQxL._AC_UL320_.jpg,"Authentic Tools & Home Improvement product. Built with high-grade components, tested for peak durability, and backed by a 1-year manufacturer warranty. Complete with original accessories and certified packaging."
prod_001073,22,sel_0033,Window Screen Repair Kit Tape Fiberglass Repair Kit for Window Screen and Screen Door Tears Holes 3-Layer Strong Adhesive Window Screen...,CRT-TOO-01073,699,10,122,4.4,384,118,https://m.media-amazon.com/images/I/8171dhPFtyL._AC_UL320_.jpg,"Authentic Tools & Home Improvement product. Built with high-grade components, tested for peak durability, and backed by a 1-year manufacturer warranty. Complete with original accessories and certified packaging."
prod_001074,22,sel_0060,"Brita Standard Water Filter Replacements for Pitchers and Dispensers, Lasts 2 Months, Reduces Chlorine Taste and Odor, 2 Count",CRT-TOO-01074,1399,5,48,4.8,413,95,https://m.media-amazon.com/images/I/71ZXI90OadL._AC_UL320_.jpg,"Authentic Tools & Home Improvement product. Built with high-grade components, tested for peak durability, and backed by a 1-year manufacturer warranty. Complete with original accessories and certified packaging."
prod_001075,22,sel_0025,"Felt Furniture Pads Self Adhesive -182 Pcs , Cuttable Anti Scratch Floor Protectors for Furniture Feet Chair Legs, Furniture Felt Pads...",CRT-TOO-01075,799,30,150,4.5,278,1160,https://m.media-amazon.com/images/I/81Uy4GaBFsL._AC_UL320_.jpg,"Authentic Tools & Home Improvement product. Built with high-grade components, tested for peak durability, and backed by a 1-year manufacturer warranty. Complete with original accessories and certified packaging."
prod_001076,22,sel_0008,"Sleek Socket Ultra-Thin Outlet Concealer with Cord Concealer Kit, 3 Outlet Power Strip, 8-Foot Cord, Universal Size, UL Certified (Ideal...",CRT-TOO-01076,1999,10,90,4.7,70,138,https://m.media-amazon.com/images/I/61vdmDJofDL._AC_UL320_.jpg,"Authentic Tools & Home Improvement product. Built with high-grade components, tested for peak durability, and backed by a 1-year manufacturer warranty. Complete with original accessories and certified packaging."
prod_001077,22,sel_0036,PerkHomy Cotton Butchers Twine String 500 Feet 2mm Twine for Cooking Food Safe Crafts Bakers Kitchen Butcher Meat Turkey Sausage...,CRT-TOO-01077,349,25,60,4.7,272,1184,https://m.media-amazon.com/images/I/51E4AruIxaL._AC_UL320_.jpg,"Authentic Tools & Home Improvement product. Built with high-grade components, tested for peak durability, and backed by a 1-year manufacturer warranty. Complete with original accessories and certified packaging."
prod_001078,22,sel_0035,DEKOPRO Submersible Water Pump 1/3 HP 2450GPH Utility Pump Thermoplastic Electric Portable Transfer Water Pump with 10-Foot Cord for...,CRT-TOO-01078,4999,25,129,4.4,230,1093,https://m.media-amazon.com/images/I/616kyJ4smZL._AC_UL320_.jpg,"Authentic Tools & Home Improvement product. Built with high-grade components, tested for peak durability, and backed by a 1-year manufacturer warranty. Complete with original accessories and certified packaging."
prod_001079,22,sel_0016,"Energizer AAA Batteries, Max Triple A Alkaline, 4 Count",CRT-TOO-01079,349,5,81,4.7,219,183,https://m.media-amazon.com/images/I/81GMgM37YOL._AC_UL320_.jpg,"Authentic Tools & Home Improvement product. Built with high-grade components, tested for peak durability, and backed by a 1-year manufacturer warranty. Complete with original accessories and certified packaging."
prod_001080,22,sel_0012,"371LM 373LM 971LM 973LM, for Chamberlain, LiftMaster Garage Door Opener Remote",CRT-TOO-01080,1499,10,14,4.5,410,176,https://m.media-amazon.com/images/I/61fXS7mi79L._AC_UL320_.jpg,"Authentic Tools & Home Improvement product. Built with high-grade components, tested for peak durability, and backed by a 1-year manufacturer warranty. Complete with original accessories and certified packaging."
prod_001081,22,sel_0011,"Clean-EEZ - Grout-EEZ Super Heavy-Duty Grout Cleaner Easy, Safe, and Effective. Destroys Dirt and Grime with Ease. Safe for Colored...",CRT-TOO-01081,1599,10,11,4,231,762,https://m.media-amazon.com/images/I/51VLDEScPIL._AC_UL320_.jpg,"Authentic Tools & Home Improvement product. Built with high-grade components, tested for peak durability, and backed by a 1-year manufacturer warranty. Complete with original accessories and certified packaging."
prod_001082,22,sel_0030,"Glocusent LED Neck Reading Light, Book Light for Reading in Bed, 3 Colors, 6 Brightness Levels, Bendable Arms, Rechargeable, Long...",CRT-TOO-01082,1799,30,126,4.7,49,787,https://m.media-amazon.com/images/I/61E32udfKdL._AC_UL320_.jpg,"Authentic Tools & Home Improvement product. Built with high-grade components, tested for peak durability, and backed by a 1-year manufacturer warranty. Complete with original accessories and certified packaging."
prod_001083,22,sel_0034,"Amartisan 10-Piece Magnetic Screwdrivers Set, 5 Phillips and 5 Slotted Tips Professional Cushion Grip Screwdriver Set",CRT-TOO-01083,899,0,88,4.6,226,356,https://m.media-amazon.com/images/I/81dk0oW4hvL._AC_UL320_.jpg,"Authentic Tools & Home Improvement product. Built with high-grade components, tested for peak durability, and backed by a 1-year manufacturer warranty. Complete with original accessories and certified packaging."
prod_001084,22,sel_0046,"Gifts for Men,Damaged Screw Extractor Set - Remover for Stripped Head Screws Nuts & Bolts Drill Bit Tools for Easy Removal of Rusty &...",CRT-TOO-01084,799,0,96,4.2,166,46,https://m.media-amazon.com/images/I/61gp+upu7vL._AC_UL320_.jpg,"Authentic Tools & Home Improvement product. Built with high-grade components, tested for peak durability, and backed by a 1-year manufacturer warranty. Complete with original accessories and certified packaging."
prod_001085,22,sel_0028,LED Tap Push Touch Lights STAR-SPANGLED Mini Night Puck Light Portable Under Cabinet Lighting Battery Operated Powered DIY Stick On...,CRT-TOO-01085,799,0,96,4.2,230,674,https://m.media-amazon.com/images/I/513RwabBU-L._AC_UL320_.jpg,"Authentic Tools & Home Improvement product. Built with high-grade components, tested for peak durability, and backed by a 1-year manufacturer warranty. Complete with original accessories and certified packaging."
prod_001086,22,sel_0006,"Krylon K02732007 Fusion All-In-One Spray Paint for Indoor/Outdoor Use, Satin Black 12 Ounce (Pack of 1)",CRT-TOO-01086,599,25,43,4.6,122,281,https://m.media-amazon.com/images/I/71HTRxWRVwL._AC_UL320_.jpg,"Authentic Tools & Home Improvement product. Built with high-grade components, tested for peak durability, and backed by a 1-year manufacturer warranty. Complete with original accessories and certified packaging."
prod_001087,22,sel_0004,"CRAFTSMAN Stud Finder, 3/4-Inch Depth, Edge Detection, For Drywall or Fabric (CMHT77633)",CRT-TOO-01087,799,20,116,4.2,101,814,https://m.media-amazon.com/images/I/71vuMnuvIaL._AC_UL320_.jpg,"Authentic Tools & Home Improvement product. Built with high-grade components, tested for peak durability, and backed by a 1-year manufacturer warranty. Complete with original accessories and certified packaging."
prod_001088,22,sel_0035,"Master Lock TSA Set Your Own Combination Luggage Lock, TSA Approved Lock for Backpacks, Bags and Luggage, Colors May Vary",CRT-TOO-01088,699,10,65,4.3,435,924,https://m.media-amazon.com/images/I/61Odlo7HyVL._AC_UL320_.jpg,"Authentic Tools & Home Improvement product. Built with high-grade components, tested for peak durability, and backed by a 1-year manufacturer warranty. Complete with original accessories and certified packaging."
prod_001089,22,sel_0043,"184 Pieces Picture Hanging Kit, 20lb, 30lb, and 50lb Picture Hangers, Metal Picture Hanging Hooks with Nails, on Drywall, Wooden Wall(Gold)",CRT-TOO-01089,499,20,57,4.7,63,1107,https://m.media-amazon.com/images/I/815WkJ+MiRL._AC_UL320_.jpg,"Authentic Tools & Home Improvement product. Built with high-grade components, tested for peak durability, and backed by a 1-year manufacturer warranty. Complete with original accessories and certified packaging."
prod_001090,22,sel_0031,"SYLVANIA ECO LED A19 Light Bulb, 60W Equivalent, Efficient 9W, 7 Year, 750 Lumens, Non-Dimmable, Frosted, 5000K, Daylight - 8 Pack (40883)",CRT-TOO-01090,999,30,136,4.7,255,873,https://m.media-amazon.com/images/I/81lnvmmpdyL._AC_UL320_.jpg,"Authentic Tools & Home Improvement product. Built with high-grade components, tested for peak durability, and backed by a 1-year manufacturer warranty. Complete with original accessories and certified packaging."
prod_001091,22,sel_0017,"Lighting EVER LED Flashlights High Lumens, Small Flashlight, Zoomable, Waterproof, Adjustable Brightness Flash Light for Outdoor...",CRT-TOO-01091,1399,20,33,4.6,61,1063,https://m.media-amazon.com/images/I/71hZtZOrezL._AC_UL320_.jpg,"Authentic Tools & Home Improvement product. Built with high-grade components, tested for peak durability, and backed by a 1-year manufacturer warranty. Complete with original accessories and certified packaging."
prod_001092,22,sel_0026,"SABRE Pepper Spray, Quick Release Keychain for Easy Carry and Fast Access, Finger Grip for More Accurate and Faster Aim, Maximum Police...",CRT-TOO-01092,799,30,45,4.7,206,260,https://m.media-amazon.com/images/I/61VTK5wyuXL._AC_UL320_.jpg,"Authentic Tools & Home Improvement product. Built with high-grade components, tested for peak durability, and backed by a 1-year manufacturer warranty. Complete with original accessories and certified packaging."
prod_001093,22,sel_0031,"Blood Typing Kit, 1 Test, Know Your Blood Type, Instant Home Testing Kit, A, O, B, Rhs-D Negative and Positive Blood Types Tested",CRT-TOO-01093,999,15,28,4.3,306,1447,https://m.media-amazon.com/images/I/51jdfuD+c9L._AC_UL320_.jpg,"Authentic Tools & Home Improvement product. Built with high-grade components, tested for peak durability, and backed by a 1-year manufacturer warranty. Complete with original accessories and certified packaging."
prod_001094,22,sel_0055,"Duracell Coppertop D Batteries, 4 Count Pack, D Battery with Long-lasting Power, All-Purpose Alkaline D Battery for Household and Office...",CRT-TOO-01094,699,15,46,4.8,111,121,https://m.media-amazon.com/images/I/713nEbM4p2L._AC_UL320_.jpg,"Authentic Tools & Home Improvement product. Built with high-grade components, tested for peak durability, and backed by a 1-year manufacturer warranty. Complete with original accessories and certified packaging."
prod_001095,22,sel_0005,"Surge Protector Power Strip (2100J), Anker 12 Outlets with 1 USB C and 2 USB Ports foriPhone 15/15 Plus/15 Pro/15 Pro Max, 5ft Extension...",CRT-TOO-01095,2749,5,39,4.8,228,469,https://m.media-amazon.com/images/I/71ENK9+WQzL._AC_UL320_.jpg,"Authentic Tools & Home Improvement product. Built with high-grade components, tested for peak durability, and backed by a 1-year manufacturer warranty. Complete with original accessories and certified packaging."
prod_001096,22,sel_0028,"Triple Strength Omega 3 Fish Oil | 3600 mg EPA & DHA | Over 2,000mg of Omega-3 Fatty Acids | Over 1,200mg EPA + 800mg DHA | Best...",CRT-TOO-01096,1999,30,102,4.5,386,800,https://m.media-amazon.com/images/I/714DanTvKfL._AC_UL320_.jpg,"Authentic Tools & Home Improvement product. Built with high-grade components, tested for peak durability, and backed by a 1-year manufacturer warranty. Complete with original accessories and certified packaging."
prod_001097,22,sel_0042,"Holikme 2 Pieces Dryer Vent Cleaner Kit, Dryer Lint Vacuum Attachment and Flexible Dryer Lint Brush, Vacuum Hose Attachment Brush, Blue",CRT-TOO-01097,799,0,38,4.4,390,943,https://m.media-amazon.com/images/I/71frwSmc0YL._AC_UL320_.jpg,"Authentic Tools & Home Improvement product. Built with high-grade components, tested for peak durability, and backed by a 1-year manufacturer warranty. Complete with original accessories and certified packaging."
prod_001098,22,sel_0059,"Tuffenough Solar Outdoor Lights 2500LM 210 LED Security Lights with Remote Control,3 Heads Motion Sensor Lights, IP65 Waterproof,270°...",CRT-TOO-01098,2999,30,133,4.3,119,572,https://m.media-amazon.com/images/I/71GkMZk4X3L._AC_UL320_.jpg,"Authentic Tools & Home Improvement product. Built with high-grade components, tested for peak durability, and backed by a 1-year manufacturer warranty. Complete with original accessories and certified packaging."
prod_001099,22,sel_0030,"Miele AirClean 3D GN Vacuum Cleaner Bags, White, 1 Box",CRT-TOO-01099,1799,30,93,4.8,366,175,https://m.media-amazon.com/images/I/61sNEUQOqGL._AC_UL320_.jpg,"Authentic Tools & Home Improvement product. Built with high-grade components, tested for peak durability, and backed by a 1-year manufacturer warranty. Complete with original accessories and certified packaging."
prod_001100,22,sel_0013,"Double Sided Carpet Tape for Area Rugs Carpet Adhesive Removable Multi-Purpose Rug Tape Cloth for Hardwood Floors, Outdoor Rugs,2 Inch x...",CRT-TOO-01100,799,20,137,4.6,317,711,https://m.media-amazon.com/images/I/71sxFkf6MFL._AC_UL320_.jpg,"Authentic Tools & Home Improvement product. Built with high-grade components, tested for peak durability, and backed by a 1-year manufacturer warranty. Complete with original accessories and certified packaging."
