review_id,order_id,review_score,review_comment,review_date
rev_00001,ord_002484,5,Packaging was secure and arrived ahead of schedule. Exactly what I wanted!,2023-04-26 01:40:54
rev_00002,ord_003022,5,"Super fast shipping, works flawlessly out of the box. Highly recommend!",2024-05-25 18:40:19
rev_00003,ord_001712,4,Great value for money. Fits my needs perfectly and feels very premium.,2023-04-04 11:16:23
rev_00004,ord_002167,3,"Packaging could be improved, but the item itself works fine.",2023-08-01 08:02:06
rev_00005,ord_001778,5,Great value for money. Fits my needs perfectly and feels very premium.,2023-12-02 09:35:03
rev_00006,ord_001013,4,Five stars! The design and finish are top-tier. Will definitely order again.,2023-11-20 14:51:08
rev_00007,ord_002574,5,Great value for money. Fits my needs perfectly and feels very premium.,2024-03-13 01:26:15
rev_00008,ord_003103,4,"Outstanding build quality, exactly as described! Exceeded my expectations.",2023-01-26 00:22:32
rev_00009,ord_002294,5,Very satisfied with this purchase. Customer service was also very helpful.,2023-12-05 12:50:23
rev_00010,ord_000685,5,Five stars! The design and finish are top-tier. Will definitely order again.,2023-03-27 15:38:00
rev_00011,ord_001850,4,"Super fast shipping, works flawlessly out of the box. Highly recommend!",2023-11-24 21:11:42
rev_00012,ord_002835,5,Five stars! The design and finish are top-tier. Will definitely order again.,2023-03-14 15:17:32
rev_00013,ord_001961,5,Very satisfied with this purchase. Customer service was also very helpful.,2024-04-09 06:02:55
rev_00014,ord_001428,4,"Outstanding build quality, exactly as described! Exceeded my expectations.",2023-05-07 00:01:03
rev_00015,ord_002853,4,"Super fast shipping, works flawlessly out of the box. Highly recommend!",2023-06-23 00:34:51
rev_00016,ord_000593,5,Very satisfied with this purchase. Customer service was also very helpful.,2023-01-03 02:27:09
rev_00017,ord_002110,5,Very satisfied with this purchase. Customer service was also very helpful.,2023-07-04 20:42:10
rev_00018,ord_000778,3,Decent performance for the price. Does the job as expected.,2024-04-23 17:22:57
rev_00019,ord_000197,3,"Good product overall, though delivery was delayed by a couple of days.",2024-02-23 15:35:11
rev_00020,ord_001261,3,Decent performance for the price. Does the job as expected.,2023-03-30 23:52:01
rev_00021,ord_003086,3,"Good product overall, though delivery was delayed by a couple of days.",2023-04-07 09:53:18
rev_00022,ord_001086,4,"Outstanding build quality, exactly as described! Exceeded my expectations.",2023-08-04 04:45:22
rev_00023,ord_003468,5,"Super fast shipping, works flawlessly out of the box. Highly recommend!",2023-12-01 22:17:48
rev_00024,ord_001758,3,Decent performance for the price. Does the job as expected.,2023-05-02 05:06:27
rev_00025,ord_002751,5,Five stars! The design and finish are top-tier. Will definitely order again.,2023-12-26 10:21:27
rev_00026,ord_002736,4,"Outstanding build quality, exactly as described! Exceeded my expectations.",2023-02-09 00:41:56
rev_00027,ord_000162,3,Decent performance for the price. Does the job as expected.,2024-06-03 02:48:52
rev_00028,ord_002093,4,Five stars! The design and finish are top-tier. Will definitely order again.,2023-01-29 06:01:37
rev_00029,ord_002948,4,Five stars! The design and finish are top-tier. Will definitely order again.,2024-02-10 13:37:03
rev_00030,ord_001914,5,"Outstanding build quality, exactly as described! Exceeded my expectations.",2024-05-23 21:23:08
rev_00031,ord_001734,5,Five stars! The design and finish are top-tier. Will definitely order again.,2023-03-01 08:05:30
rev_00032,ord_001753,5,Great value for money. Fits my needs perfectly and feels very premium.,2023-07-07 22:49:26
rev_00033,ord_000692,4,Great value for money. Fits my needs perfectly and feels very premium.,2023-05-30 10:15:15
rev_00034,ord_000392,5,Packaging was secure and arrived ahead of schedule. Exactly what I wanted!,2024-06-09 08:45:01
rev_00035,ord_000146,4,Very satisfied with this purchase. Customer service was also very helpful.,2023-10-15 23:57:08
rev_00036,ord_003298,5,Great value for money. Fits my needs perfectly and feels very premium.,2023-03-25 19:09:22
rev_00037,ord_001946,5,Packaging was secure and arrived ahead of schedule. Exactly what I wanted!,2023-05-18 12:53:14
rev_00038,ord_002886,5,"Outstanding build quality, exactly as described! Exceeded my expectations.",2023-12-25 13:40:50
rev_00039,ord_000572,3,"Good product overall, though delivery was delayed by a couple of days.",2023-12-02 07:07:16
rev_00040,ord_002254,4,Very satisfied with this purchase. Customer service was also very helpful.,2024-04-25 03:17:15
rev_00041,ord_001291,4,Packaging was secure and arrived ahead of schedule. Exactly what I wanted!,2023-06-01 12:22:27
rev_00042,ord_000194,5,"Super fast shipping, works flawlessly out of the box. Highly recommend!",2023-04-25 13:57:59
rev_00043,ord_002157,3,Decent performance for the price. Does the job as expected.,2024-04-08 00:30:19
rev_00044,ord_001869,4,"Outstanding build quality, exactly as described! Exceeded my expectations.",2023-09-06 22:54:19
rev_00045,ord_002605,4,Great value for money. Fits my needs perfectly and feels very premium.,2024-01-21 19:08:00
rev_00046,ord_001409,4,Great value for money. Fits my needs perfectly and feels very premium.,2023-09-17 18:36:36
rev_00047,ord_000414,5,Packaging was secure and arrived ahead of schedule. Exactly what I wanted!,2024-06-22 02:47:39
rev_00048,ord_002483,5,"Super fast shipping, works flawlessly out of the box. Highly recommend!",2023-02-18 17:01:31
rev_00049,ord_001726,4,Packaging was secure and arrived ahead of schedule. Exactly what I wanted!,2024-04-15 21:50:57
rev_00050,ord_001086,5,"Outstanding build quality, exactly as described! Exceeded my expectations.",2023-08-04 04:45:22
rev_00051,ord_000448,5,Five stars! The design and finish are top-tier. Will definitely order again.,2024-01-19 03:47:45
rev_00052,ord_003463,5,Five stars! The design and finish are top-tier. Will definitely order again.,2023-09-09 11:02:01
rev_00053,ord_001375,5,Great value for money. Fits my needs perfectly and feels very premium.,2024-01-08 19:45:58
rev_00054,ord_001448,5,"Super fast shipping, works flawlessly out of the box. Highly recommend!",2024-01-07 16:46:57
rev_00055,ord_002575,4,Five stars! The design and finish are top-tier. Will definitely order again.,2023-09-06 22:06:26
rev_00056,ord_001750,4,Five stars! The design and finish are top-tier. Will definitely order again.,2023-02-07 19:05:27
rev_00057,ord_000747,5,Five stars! The design and finish are top-tier. Will definitely order again.,2023-02-12 17:16:29
rev_00058,ord_003209,5,Five stars! The design and finish are top-tier. Will definitely order again.,2023-02-02 19:13:42
rev_00059,ord_001828,5,Great value for money. Fits my needs perfectly and feels very premium.,2023-06-14 20:03:44
rev_00060,ord_002363,4,Packaging was secure and arrived ahead of schedule. Exactly what I wanted!,2023-12-28 13:17:26
rev_00061,ord_003022,5,"Super fast shipping, works flawlessly out of the box. Highly recommend!",2024-05-25 18:40:19
rev_00062,ord_001851,5,Packaging was secure and arrived ahead of schedule. Exactly what I wanted!,2023-02-27 22:48:10
rev_00063,ord_001606,3,"Good product overall, though delivery was delayed by a couple of days.",2023-08-30 06:59:52
rev_00064,ord_000234,4,Great value for money. Fits my needs perfectly and feels very premium.,2023-08-12 13:35:29
rev_00065,ord_002161,5,Great value for money. Fits my needs perfectly and feels very premium.,2023-11-19 03:47:57
rev_00066,ord_001261,4,"Outstanding build quality, exactly as described! Exceeded my expectations.",2023-03-30 23:52:01
rev_00067,ord_000271,5,"Outstanding build quality, exactly as described! Exceeded my expectations.",2023-12-10 20:52:14
rev_00068,ord_002316,3,"Good product overall, though delivery was delayed by a couple of days.",2023-02-25 15:44:16
rev_00069,ord_002568,4,Packaging was secure and arrived ahead of schedule. Exactly what I wanted!,2023-01-31 21:04:34
rev_00070,ord_001246,4,Five stars! The design and finish are top-tier. Will definitely order again.,2024-02-20 19:15:30
rev_00071,ord_000062,5,Great value for money. Fits my needs perfectly and feels very premium.,2023-05-12 03:50:25
rev_00072,ord_001245,5,Five stars! The design and finish are top-tier. Will definitely order again.,2023-07-19 05:15:45
rev_00073,ord_001517,5,Five stars! The design and finish are top-tier. Will definitely order again.,2023-10-03 11:19:56
rev_00074,ord_001451,5,Very satisfied with this purchase. Customer service was also very helpful.,2023-01-14 01:20:40
rev_00075,ord_001338,3,"Good product overall, though delivery was delayed by a couple of days.",2023-05-24 09:22:19
rev_00076,ord_002480,4,Great value for money. Fits my needs perfectly and feels very premium.,2023-08-10 02:51:06
rev_00077,ord_001341,5,Five stars! The design and finish are top-tier. Will definitely order again.,2023-09-29 06:09:06
rev_00078,ord_000526,5,Five stars! The design and finish are top-tier. Will definitely order again.,2023-10-04 19:38:30
rev_00079,ord_000238,4,"Super fast shipping, works flawlessly out of the box. Highly recommend!",2023-08-05 08:30:11
rev_00080,ord_002096,5,Very satisfied with this purchase. Customer service was also very helpful.,2024-06-03 16:21:29
rev_00081,ord_000108,4,"Outstanding build quality, exactly as described! Exceeded my expectations.",2023-08-30 08:21:13
rev_00082,ord_001112,3,"Packaging could be improved, but the item itself works fine.",2023-02-02 20:30:41
rev_00083,ord_002871,4,Great value for money. Fits my needs perfectly and feels very premium.,2023-04-07 02:53:29
rev_00084,ord_001125,5,"Outstanding build quality, exactly as described! Exceeded my expectations.",2024-05-04 13:09:11
rev_00085,ord_003001,5,Five stars! The design and finish are top-tier. Will definitely order again.,2023-06-10 23:08:09
rev_00086,ord_002953,3,"Packaging could be improved, but the item itself works fine.",2023-07-21 03:31:51
rev_00087,ord_003051,5,Very satisfied with this purchase. Customer service was also very helpful.,2023-09-06 23:22:41
rev_00088,ord_000916,4,Packaging was secure and arrived ahead of schedule. Exactly what I wanted!,2023-10-21 13:29:42
rev_00089,ord_000747,4,Five stars! The design and finish are top-tier. Will definitely order again.,2023-02-12 17:16:29
rev_00090,ord_002426,5,Very satisfied with this purchase. Customer service was also very helpful.,2023-03-23 00:19:07
rev_00091,ord_001648,5,"Outstanding build quality, exactly as described! Exceeded my expectations.",2023-05-18 07:28:09
rev_00092,ord_000157,3,"Good product overall, though delivery was delayed by a couple of days.",2023-01-07 07:51:38
rev_00093,ord_003026,4,Packaging was secure and arrived ahead of schedule. Exactly what I wanted!,2023-12-06 22:17:49
rev_00094,ord_000481,5,Packaging was secure and arrived ahead of schedule. Exactly what I wanted!,2023-10-10 13:56:51
rev_00095,ord_001882,5,"Outstanding build quality, exactly as described! Exceeded my expectations.",2023-01-14 17:13:17
rev_00096,ord_000683,4,Very satisfied with this purchase. Customer service was also very helpful.,2023-08-18 23:58:07
rev_00097,ord_003343,5,Packaging was secure and arrived ahead of schedule. Exactly what I wanted!,2023-05-30 20:30:49
rev_00098,ord_001028,5,Packaging was secure and arrived ahead of schedule. Exactly what I wanted!,2023-11-18 01:11:03
rev_00099,ord_002725,5,Packaging was secure and arrived ahead of schedule. Exactly what I wanted!,2023-07-24 23:33:57
rev_00100,ord_002250,5,Very satisfied with this purchase. Customer service was also very helpful.,2024-03-03 17:45:21
rev_00101,ord_000906,5,Five stars! The design and finish are top-tier. Will definitely order again.,2024-05-17 12:48:49
rev_00102,ord_003032,3,"Good product overall, though delivery was delayed by a couple of days.",2023-03-14 15:49:04
rev_00103,ord_000303,5,Very satisfied with this purchase. Customer service was also very helpful.,2023-10-19 10:49:12
rev_00104,ord_001506,5,Five stars! The design and finish are top-tier. Will definitely order again.,2023-10-04 04:49:47
rev_00105,ord_002717,5,Very satisfied with this purchase. Customer service was also very helpful.,2023-12-08 11:51:37
rev_00106,ord_002940,3,Decent performance for the price. Does the job as expected.,2023-10-15 01:35:37
rev_00107,ord_001333,4,Great value for money. Fits my needs perfectly and feels very premium.,2023-08-13 21:21:42
rev_00108,ord_000304,4,"Super fast shipping, works flawlessly out of the box. Highly recommend!",2023-02-18 06:48:46
rev_00109,ord_001208,4,"Super fast shipping, works flawlessly out of the box. Highly recommend!",2023-05-24 09:22:43
rev_00110,ord_001270,5,"Outstanding build quality, exactly as described! Exceeded my expectations.",2023-09-08 12:26:36
rev_00111,ord_001359,4,Great value for money. Fits my needs perfectly and feels very premium.,2023-10-24 08:17:15
rev_00112,ord_002351,5,"Outstanding build quality, exactly as described! Exceeded my expectations.",2024-04-09 14:01:28
rev_00113,ord_002573,4,Five stars! The design and finish are top-tier. Will definitely order again.,2023-08-17 22:21:03
rev_00114,ord_000114,5,"Outstanding build quality, exactly as described! Exceeded my expectations.",2023-04-20 09:23:36
rev_00115,ord_000257,4,Very satisfied with this purchase. Customer service was also very helpful.,2023-07-30 04:45:20
rev_00116,ord_001545,5,Great value for money. Fits my needs perfectly and feels very premium.,2023-08-05 08:11:38
rev_00117,ord_002691,4,"Outstanding build quality, exactly as described! Exceeded my expectations.",2023-09-15 18:30:36
rev_00118,ord_000787,5,Great value for money. Fits my needs perfectly and feels very premium.,2023-09-30 11:08:51
rev_00119,ord_000576,3,"Packaging could be improved, but the item itself works fine.",2023-10-10 22:11:49
rev_00120,ord_000220,3,"Good product overall, though delivery was delayed by a couple of days.",2023-05-06 22:38:15
rev_00121,ord_002099,3,"Good product overall, though delivery was delayed by a couple of days.",2024-06-25 11:48:05
rev_00122,ord_000914,5,Five stars! The design and finish are top-tier. Will definitely order again.,2023-08-13 18:52:02
rev_00123,ord_002159,4,"Outstanding build quality, exactly as described! Exceeded my expectations.",2023-10-07 18:05:34
rev_00124,ord_001183,4,"Super fast shipping, works flawlessly out of the box. Highly recommend!",2023-07-16 23:58:17
rev_00125,ord_001590,4,Great value for money. Fits my needs perfectly and feels very premium.,2023-05-27 12:41:26
rev_00126,ord_001679,4,"Super fast shipping, works flawlessly out of the box. Highly recommend!",2024-02-25 01:51:29
rev_00127,ord_000682,4,Packaging was secure and arrived ahead of schedule. Exactly what I wanted!,2023-02-14 14:56:33
rev_00128,ord_001260,3,"Packaging could be improved, but the item itself works fine.",2024-01-08 23:58:57
rev_00129,ord_000113,5,Packaging was secure and arrived ahead of schedule. Exactly what I wanted!,2024-03-31 22:04:32
rev_00130,ord_001677,5,"Outstanding build quality, exactly as described! Exceeded my expectations.",2024-03-08 20:02:03
rev_00131,ord_000802,5,Packaging was secure and arrived ahead of schedule. Exactly what I wanted!,2023-06-19 04:06:35
rev_00132,ord_000572,3,"Good product overall, though delivery was delayed by a couple of days.",2023-12-02 07:07:16
rev_00133,ord_002413,3,Decent performance for the price. Does the job as expected.,2023-06-30 06:32:56
rev_00134,ord_000328,4,Very satisfied with this purchase. Customer service was also very helpful.,2023-11-01 14:07:37
rev_00135,ord_000979,4,"Super fast shipping, works flawlessly out of the box. Highly recommend!",2023-09-06 08:53:55
rev_00136,ord_000442,5,Packaging was secure and arrived ahead of schedule. Exactly what I wanted!,2023-06-18 23:20:59
rev_00137,ord_002272,4,Great value for money. Fits my needs perfectly and feels very premium.,2023-10-14 17:13:34
rev_00138,ord_001321,4,Five stars! The design and finish are top-tier. Will definitely order again.,2024-06-08 21:55:55
rev_00139,ord_003363,5,"Outstanding build quality, exactly as described! Exceeded my expectations.",2023-05-09 20:15:49
rev_00140,ord_003390,4,"Super fast shipping, works flawlessly out of the box. Highly recommend!",2023-10-08 05:03:51
rev_00141,ord_001859,5,Five stars! The design and finish are top-tier. Will definitely order again.,2024-06-02 05:11:39
rev_00142,ord_002433,5,Packaging was secure and arrived ahead of schedule. Exactly what I wanted!,2023-06-14 22:06:26
rev_00143,ord_002482,4,Five stars! The design and finish are top-tier. Will definitely order again.,2023-03-09 05:43:34
rev_00144,ord_001869,5,Packaging was secure and arrived ahead of schedule. Exactly what I wanted!,2023-09-06 22:54:19
rev_00145,ord_003246,4,"Super fast shipping, works flawlessly out of the box. Highly recommend!",2024-04-07 10:56:13
rev_00146,ord_001338,4,"Outstanding build quality, exactly as described! Exceeded my expectations.",2023-05-24 09:22:19
rev_00147,ord_002431,4,Packaging was secure and arrived ahead of schedule. Exactly what I wanted!,2023-08-08 19:44:00
rev_00148,ord_001603,5,Five stars! The design and finish are top-tier. Will definitely order again.,2023-06-20 05:16:32
rev_00149,ord_003349,5,"Outstanding build quality, exactly as described! Exceeded my expectations.",2023-05-18 20:30:26
rev_00150,ord_002942,5,"Super fast shipping, works flawlessly out of the box. Highly recommend!",2024-05-05 06:37:52
rev_00151,ord_002063,5,Very satisfied with this purchase. Customer service was also very helpful.,2023-07-04 02:52:20
rev_00152,ord_000718,5,Five stars! The design and finish are top-tier. Will definitely order again.,2024-05-09 18:24:42
rev_00153,ord_003176,5,Very satisfied with this purchase. Customer service was also very helpful.,2023-08-27 16:34:03
rev_00154,ord_000506,5,Packaging was secure and arrived ahead of schedule. Exactly what I wanted!,2023-11-20 11:45:01
rev_00155,ord_001915,3,"Packaging could be improved, but the item itself works fine.",2024-01-31 05:38:19
rev_00156,ord_000411,5,Great value for money. Fits my needs perfectly and feels very premium.,2023-05-04 19:07:33
rev_00157,ord_002634,3,"Packaging could be improved, but the item itself works fine.",2023-06-19 08:02:43
rev_00158,ord_000581,5,Great value for money. Fits my needs perfectly and feels very premium.,2024-04-17 13:41:36
rev_00159,ord_000169,5,"Outstanding build quality, exactly as described! Exceeded my expectations.",2023-02-12 03:32:37
rev_00160,ord_001236,5,Great value for money. Fits my needs perfectly and feels very premium.,2024-03-02 18:25:59
rev_00161,ord_002892,5,Very satisfied with this purchase. Customer service was also very helpful.,2024-06-21 22:38:32
rev_00162,ord_001643,4,"Outstanding build quality, exactly as described! Exceeded my expectations.",2024-03-26 04:07:33
rev_00163,ord_003362,5,Packaging was secure and arrived ahead of schedule. Exactly what I wanted!,2024-06-22 20:47:24
rev_00164,ord_003256,5,Very satisfied with this purchase. Customer service was also very helpful.,2023-11-23 04:48:08
rev_00165,ord_001963,4,"Super fast shipping, works flawlessly out of the box. Highly recommend!",2024-04-09 11:05:15
rev_00166,ord_000972,4,Packaging was secure and arrived ahead of schedule. Exactly what I wanted!,2023-03-26 02:36:15
rev_00167,ord_001723,5,"Super fast shipping, works flawlessly out of the box. Highly recommend!",2024-01-01 17:05:11
rev_00168,ord_000376,3,"Packaging could be improved, but the item itself works fine.",2023-04-08 10:19:40
rev_00169,ord_002442,4,"Super fast shipping, works flawlessly out of the box. Highly recommend!",2023-11-09 13:53:16
rev_00170,ord_003092,4,Very satisfied with this purchase. Customer service was also very helpful.,2023-12-27 20:53:00
rev_00171,ord_003491,4,"Super fast shipping, works flawlessly out of the box. Highly recommend!",2023-09-26 20:38:22
rev_00172,ord_000620,3,"Good product overall, though delivery was delayed by a couple of days.",2024-05-18 02:14:01
rev_00173,ord_000988,5,Great value for money. Fits my needs perfectly and feels very premium.,2024-02-20 15:12:11
rev_00174,ord_002998,5,Packaging was secure and arrived ahead of schedule. Exactly what I wanted!,2024-05-13 22:20:02
rev_00175,ord_000752,5,Very satisfied with this purchase. Customer service was also very helpful.,2023-11-10 21:21:23
rev_00176,ord_003423,4,"Outstanding build quality, exactly as described! Exceeded my expectations.",2024-01-06 23:07:17
rev_00177,ord_001020,5,Five stars! The design and finish are top-tier. Will definitely order again.,2024-05-06 16:54:36
rev_00178,ord_001230,4,"Super fast shipping, works flawlessly out of the box. Highly recommend!",2024-03-22 22:18:37
rev_00179,ord_002745,4,Five stars! The design and finish are top-tier. Will definitely order again.,2023-01-18 11:19:46
rev_00180,ord_000822,5,Very satisfied with this purchase. Customer service was also very helpful.,2023-11-03 15:55:05
rev_00181,ord_001610,4,Five stars! The design and finish are top-tier. Will definitely order again.,2023-11-17 23:07:13
rev_00182,ord_001857,4,"Outstanding build quality, exactly as described! Exceeded my expectations.",2024-02-26 06:56:39
rev_00183,ord_003390,5,Packaging was secure and arrived ahead of schedule. Exactly what I wanted!,2023-10-08 05:03:51
rev_00184,ord_002082,4,"Outstanding build quality, exactly as described! Exceeded my expectations.",2023-10-26 03:31:06
rev_00185,ord_002733,5,Packaging was secure and arrived ahead of schedule. Exactly what I wanted!,2024-01-03 13:04:29
rev_00186,ord_003031,5,"Super fast shipping, works flawlessly out of the box. Highly recommend!",2023-11-07 15:02:52
rev_00187,ord_001197,5,"Outstanding build quality, exactly as described! Exceeded my expectations.",2023-03-02 21:31:41
rev_00188,ord_002512,4,"Outstanding build quality, exactly as described! Exceeded my expectations.",2023-08-04 12:01:12
rev_00189,ord_002449,4,Packaging was secure and arrived ahead of schedule. Exactly what I wanted!,2023-01-04 21:01:12
rev_00190,ord_003280,5,Packaging was secure and arrived ahead of schedule. Exactly what I wanted!,2024-04-30 00:00:38
rev_00191,ord_000587,5,Packaging was secure and arrived ahead of schedule. Exactly what I wanted!,2023-08-22 06:17:22
rev_00192,ord_001672,5,Five stars! The design and finish are top-tier. Will definitely order again.,2023-11-17 15:30:46
rev_00193,ord_003201,4,"Outstanding build quality, exactly as described! Exceeded my expectations.",2023-03-12 04:55:19
rev_00194,ord_000849,4,"Super fast shipping, works flawlessly out of the box. Highly recommend!",2023-01-26 21:39:09
rev_00195,ord_003149,5,"Super fast shipping, works flawlessly out of the box. Highly recommend!",2023-02-14 17:33:25
rev_00196,ord_003380,5,Very satisfied with this purchase. Customer service was also very helpful.,2024-04-12 19:41:32
rev_00197,ord_002832,3,Decent performance for the price. Does the job as expected.,2023-07-20 03:52:51
rev_00198,ord_001000,3,Decent performance for the price. Does the job as expected.,2024-02-27 16:53:03
rev_00199,ord_003299,5,"Super fast shipping, works flawlessly out of the box. Highly recommend!",2023-03-18 18:15:21
rev_00200,ord_002375,5,Five stars! The design and finish are top-tier. Will definitely order again.,2024-06-12 10:36:25
rev_00201,ord_003397,4,Very satisfied with this purchase. Customer service was also very helpful.,2023-03-20 02:59:07
rev_00202,ord_003146,3,"Packaging could be improved, but the item itself works fine.",2024-06-14 05:59:34
rev_00203,ord_003023,5,Very satisfied with this purchase. Customer service was also very helpful.,2023-06-22 16:22:41
rev_00204,ord_001266,5,Five stars! The design and finish are top-tier. Will definitely order again.,2024-01-17 10:34:27
rev_00205,ord_001918,5,Very satisfied with this purchase. Customer service was also very helpful.,2023-01-07 03:35:26
rev_00206,ord_000148,4,Five stars! The design and finish are top-tier. Will definitely order again.,2024-03-28 12:43:02
rev_00207,ord_000100,4,Very satisfied with this purchase. Customer service was also very helpful.,2024-04-02 19:24:41
rev_00208,ord_002724,4,Packaging was secure and arrived ahead of schedule. Exactly what I wanted!,2023-12-30 09:04:44
rev_00209,ord_003122,4,Great value for money. Fits my needs perfectly and feels very premium.,2023-05-14 01:35:59
rev_00210,ord_002363,4,Five stars! The design and finish are top-tier. Will definitely order again.,2023-12-28 13:17:26
rev_00211,ord_002679,5,Packaging was secure and arrived ahead of schedule. Exactly what I wanted!,2023-10-14 14:00:07
rev_00212,ord_002764,4,Five stars! The design and finish are top-tier. Will definitely order again.,2024-05-16 09:49:35
rev_00213,ord_000456,4,"Outstanding build quality, exactly as described! Exceeded my expectations.",2023-08-31 16:22:50
rev_00214,ord_001527,5,"Outstanding build quality, exactly as described! Exceeded my expectations.",2023-08-11 12:35:07
rev_00215,ord_001310,4,Great value for money. Fits my needs perfectly and feels very premium.,2024-03-14 09:43:02
rev_00216,ord_003294,3,Decent performance for the price. Does the job as expected.,2023-05-30 15:13:36
rev_00217,ord_000387,4,Packaging was secure and arrived ahead of schedule. Exactly what I wanted!,2023-09-28 23:04:46
rev_00218,ord_000928,5,Great value for money. Fits my needs perfectly and feels very premium.,2023-01-27 01:26:30
rev_00219,ord_003395,5,"Outstanding build quality, exactly as described! Exceeded my expectations.",2023-08-22 10:20:59
rev_00220,ord_000741,5,Great value for money. Fits my needs perfectly and feels very premium.,2023-07-30 01:51:28
rev_00221,ord_001588,5,Packaging was secure and arrived ahead of schedule. Exactly what I wanted!,2023-05-18 23:40:55
rev_00222,ord_002892,5,Great value for money. Fits my needs perfectly and feels very premium.,2024-06-21 22:38:32
rev_00223,ord_002950,5,Packaging was secure and arrived ahead of schedule. Exactly what I wanted!,2024-04-05 08:30:28
rev_00224,ord_002232,4,Very satisfied with this purchase. Customer service was also very helpful.,2023-08-23 23:42:53
rev_00225,ord_000645,4,Great value for money. Fits my needs perfectly and feels very premium.,2023-10-09 09:44:52
rev_00226,ord_001126,3,"Packaging could be improved, but the item itself works fine.",2023-09-23 20:41:06
rev_00227,ord_003384,5,"Super fast shipping, works flawlessly out of the box. Highly recommend!",2024-04-08 12:08:03
rev_00228,ord_000756,4,"Super fast shipping, works flawlessly out of the box. Highly recommend!",2023-05-11 12:44:00
rev_00229,ord_000124,4,"Super fast shipping, works flawlessly out of the box. Highly recommend!",2024-02-08 03:17:30
rev_00230,ord_000842,5,"Outstanding build quality, exactly as described! Exceeded my expectations.",2023-12-18 14:46:25
rev_00231,ord_000477,4,Five stars! The design and finish are top-tier. Will definitely order again.,2023-10-11 04:16:52
rev_00232,ord_000693,3,"Good product overall, though delivery was delayed by a couple of days.",2023-01-07 20:04:50
rev_00233,ord_003496,5,Very satisfied with this purchase. Customer service was also very helpful.,2024-05-19 04:39:09
rev_00234,ord_001103,4,"Outstanding build quality, exactly as described! Exceeded my expectations.",2023-10-26 02:41:50
rev_00235,ord_001528,5,"Super fast shipping, works flawlessly out of the box. Highly recommend!",2023-06-10 11:07:25
rev_00236,ord_002888,3,Decent performance for the price. Does the job as expected.,2023-11-30 13:25:53
rev_00237,ord_002232,4,"Outstanding build quality, exactly as described! Exceeded my expectations.",2023-08-23 23:42:53
rev_00238,ord_000442,5,"Outstanding build quality, exactly as described! Exceeded my expectations.",2023-06-18 23:20:59
rev_00239,ord_000044,4,Very satisfied with this purchase. Customer service was also very helpful.,2024-06-15 18:39:10
rev_00240,ord_000506,4,Five stars! The design and finish are top-tier. Will definitely order again.,2023-11-20 11:45:01
rev_00241,ord_001838,4,Packaging was secure and arrived ahead of schedule. Exactly what I wanted!,2023-12-14 20:51:45
rev_00242,ord_001128,5,Five stars! The design and finish are top-tier. Will definitely order again.,2023-10-12 12:19:03
rev_00243,ord_001295,5,"Super fast shipping, works flawlessly out of the box. Highly recommend!",2024-06-17 05:28:19
rev_00244,ord_001025,5,Very satisfied with this purchase. Customer service was also very helpful.,2024-05-03 07:55:34
rev_00245,ord_001233,5,"Outstanding build quality, exactly as described! Exceeded my expectations.",2024-04-24 04:00:36
rev_00246,ord_000605,4,Very satisfied with this purchase. Customer service was also very helpful.,2023-01-30 14:31:26
rev_00247,ord_001352,5,"Super fast shipping, works flawlessly out of the box. Highly recommend!",2024-02-20 20:52:03
rev_00248,ord_002053,4,Packaging was secure and arrived ahead of schedule. Exactly what I wanted!,2023-04-29 13:55:53
rev_00249,ord_001758,5,Very satisfied with this purchase. Customer service was also very helpful.,2023-05-02 05:06:27
rev_00250,ord_002258,5,"Outstanding build quality, exactly as described! Exceeded my expectations.",2024-02-26 20:53:36
rev_00251,ord_001789,5,"Outstanding build quality, exactly as described! Exceeded my expectations.",2023-05-11 04:34:03
rev_00252,ord_002080,5,Great value for money. Fits my needs perfectly and feels very premium.,2023-09-08 07:29:10
rev_00253,ord_001439,5,Great value for money. Fits my needs perfectly and feels very premium.,2023-09-18 05:54:39
rev_00254,ord_001715,4,Five stars! The design and finish are top-tier. Will definitely order again.,2023-09-09 15:21:50
rev_00255,ord_002077,4,Very satisfied with this purchase. Customer service was also very helpful.,2023-09-17 05:55:17
rev_00256,ord_000976,4,Very satisfied with this purchase. Customer service was also very helpful.,2023-12-17 10:35:19
rev_00257,ord_000984,5,Five stars! The design and finish are top-tier. Will definitely order again.,2023-07-12 13:23:12
rev_00258,ord_003498,4,Very satisfied with this purchase. Customer service was also very helpful.,2023-10-26 04:06:51
rev_00259,ord_001172,3,"Packaging could be improved, but the item itself works fine.",2023-04-15 16:29:01
rev_00260,ord_002199,4,Very satisfied with this purchase. Customer service was also very helpful.,2023-12-09 10:27:59
rev_00261,ord_000778,5,Packaging was secure and arrived ahead of schedule. Exactly what I wanted!,2024-04-23 17:22:57
rev_00262,ord_002953,4,"Super fast shipping, works flawlessly out of the box. Highly recommend!",2023-07-21 03:31:51
rev_00263,ord_001836,3,"Packaging could be improved, but the item itself works fine.",2023-09-28 13:23:00
rev_00264,ord_002855,3,"Good product overall, though delivery was delayed by a couple of days.",2023-09-24 00:16:21
rev_00265,ord_003454,3,"Packaging could be improved, but the item itself works fine.",2023-11-10 22:59:00
rev_00266,ord_002900,3,"Packaging could be improved, but the item itself works fine.",2023-03-09 02:32:46
rev_00267,ord_002049,3,Decent performance for the price. Does the job as expected.,2023-06-24 01:16:42
rev_00268,ord_003165,5,Very satisfied with this purchase. Customer service was also very helpful.,2023-08-06 05:31:01
rev_00269,ord_002898,5,"Outstanding build quality, exactly as described! Exceeded my expectations.",2024-03-28 10:11:56
rev_00270,ord_000563,5,"Super fast shipping, works flawlessly out of the box. Highly recommend!",2023-04-24 15:45:07
rev_00271,ord_003149,4,Very satisfied with this purchase. Customer service was also very helpful.,2023-02-14 17:33:25
rev_00272,ord_001211,5,Five stars! The design and finish are top-tier. Will definitely order again.,2023-05-06 11:45:07
rev_00273,ord_001394,5,Five stars! The design and finish are top-tier. Will definitely order again.,2024-06-12 13:45:10
rev_00274,ord_002502,4,"Super fast shipping, works flawlessly out of the box. Highly recommend!",2024-03-26 15:25:35
rev_00275,ord_001200,3,"Packaging could be improved, but the item itself works fine.",2023-09-22 00:41:39
rev_00276,ord_000444,5,Great value for money. Fits my needs perfectly and feels very premium.,2023-10-28 17:17:51
rev_00277,ord_002556,4,Very satisfied with this purchase. Customer service was also very helpful.,2024-02-11 16:19:57
rev_00278,ord_001381,5,Packaging was secure and arrived ahead of schedule. Exactly what I wanted!,2024-04-17 17:22:04
rev_00279,ord_001097,4,Packaging was secure and arrived ahead of schedule. Exactly what I wanted!,2024-04-21 08:03:00
rev_00280,ord_001000,5,"Super fast shipping, works flawlessly out of the box. Highly recommend!",2024-02-27 16:53:03
rev_00281,ord_001394,4,"Super fast shipping, works flawlessly out of the box. Highly recommend!",2024-06-12 13:45:10
rev_00282,ord_002868,5,Very satisfied with this purchase. Customer service was also very helpful.,2023-02-25 18:48:08
rev_00283,ord_002855,5,Great value for money. Fits my needs perfectly and feels very premium.,2023-09-24 00:16:21
rev_00284,ord_000770,5,Very satisfied with this purchase. Customer service was also very helpful.,2023-03-24 00:41:02
rev_00285,ord_000144,4,"Super fast shipping, works flawlessly out of the box. Highly recommend!",2023-05-16 18:01:51
rev_00286,ord_001327,4,"Outstanding build quality, exactly as described! Exceeded my expectations.",2023-05-24 14:48:52
rev_00287,ord_000660,5,Very satisfied with this purchase. Customer service was also very helpful.,2023-07-04 07:38:48
rev_00288,ord_003253,4,"Super fast shipping, works flawlessly out of the box. Highly recommend!",2023-11-23 16:43:33
rev_00289,ord_001528,5,"Outstanding build quality, exactly as described! Exceeded my expectations.",2023-06-10 11:07:25
rev_00290,ord_002618,4,Five stars! The design and finish are top-tier. Will definitely order again.,2024-05-10 02:44:21
rev_00291,ord_000937,5,"Super fast shipping, works flawlessly out of the box. Highly recommend!",2024-04-26 16:34:05
rev_00292,ord_000249,4,Great value for money. Fits my needs perfectly and feels very premium.,2023-03-19 04:06:26
rev_00293,ord_001055,4,"Super fast shipping, works flawlessly out of the box. Highly recommend!",2024-03-17 02:16:01
rev_00294,ord_001376,4,Five stars! The design and finish are top-tier. Will definitely order again.,2023-05-19 02:20:41
rev_00295,ord_000124,5,"Super fast shipping, works flawlessly out of the box. Highly recommend!",2024-02-08 03:17:30
rev_00296,ord_000049,5,Packaging was secure and arrived ahead of schedule. Exactly what I wanted!,2023-07-28 18:17:57
rev_00297,ord_000265,4,Five stars! The design and finish are top-tier. Will definitely order again.,2023-12-14 04:57:38
rev_00298,ord_001701,3,Decent performance for the price. Does the job as expected.,2023-07-25 23:42:12
rev_00299,ord_002455,4,Great value for money. Fits my needs perfectly and feels very premium.,2023-11-05 16:50:33
rev_00300,ord_001596,3,Decent performance for the price. Does the job as expected.,2023-02-07 15:53:30
rev_00301,ord_002661,3,"Good product overall, though delivery was delayed by a couple of days.",2023-12-25 15:05:57
rev_00302,ord_001000,5,Very satisfied with this purchase. Customer service was also very helpful.,2024-02-27 16:53:03
rev_00303,ord_001115,4,"Super fast shipping, works flawlessly out of the box. Highly recommend!",2024-04-26 11:04:44
rev_00304,ord_003110,5,Packaging was secure and arrived ahead of schedule. Exactly what I wanted!,2024-01-02 00:41:32
rev_00305,ord_003261,5,"Outstanding build quality, exactly as described! Exceeded my expectations.",2023-07-07 09:45:56
rev_00306,ord_002790,4,Very satisfied with this purchase. Customer service was also very helpful.,2023-06-26 03:04:45
rev_00307,ord_003132,3,Decent performance for the price. Does the job as expected.,2023-02-22 23:28:30
rev_00308,ord_001821,5,Very satisfied with this purchase. Customer service was also very helpful.,2023-07-15 09:18:34
rev_00309,ord_002333,5,Very satisfied with this purchase. Customer service was also very helpful.,2023-03-29 06:28:20
rev_00310,ord_001257,5,"Outstanding build quality, exactly as described! Exceeded my expectations.",2024-06-10 07:43:50
rev_00311,ord_002267,5,Five stars! The design and finish are top-tier. Will definitely order again.,2023-03-02 12:15:24
rev_00312,ord_000184,5,Packaging was secure and arrived ahead of schedule. Exactly what I wanted!,2023-07-02 18:18:07
rev_00313,ord_003014,3,"Packaging could be improved, but the item itself works fine.",2023-12-01 13:24:19
rev_00314,ord_000381,5,"Outstanding build quality, exactly as described! Exceeded my expectations.",2023-08-30 04:24:18
rev_00315,ord_002731,3,"Good product overall, though delivery was delayed by a couple of days.",2024-01-02 02:45:33
rev_00316,ord_001124,5,"Super fast shipping, works flawlessly out of the box. Highly recommend!",2024-02-09 17:36:22
rev_00317,ord_002891,5,Great value for money. Fits my needs perfectly and feels very premium.,2023-03-19 02:28:21
rev_00318,ord_003425,5,"Super fast shipping, works flawlessly out of the box. Highly recommend!",2023-07-16 16:49:15
rev_00319,ord_002193,3,"Good product overall, though delivery was delayed by a couple of days.",2024-04-17 21:20:05
rev_00320,ord_000657,4,Packaging was secure and arrived ahead of schedule. Exactly what I wanted!,2024-05-27 07:45:41
rev_00321,ord_001711,3,"Packaging could be improved, but the item itself works fine.",2023-06-19 12:17:49
rev_00322,ord_000052,5,Great value for money. Fits my needs perfectly and feels very premium.,2023-09-01 06:58:39
rev_00323,ord_001301,3,"Packaging could be improved, but the item itself works fine.",2023-11-12 09:29:44
rev_00324,ord_002626,4,"Outstanding build quality, exactly as described! Exceeded my expectations.",2024-04-18 05:21:09
rev_00325,ord_001127,5,Great value for money. Fits my needs perfectly and feels very premium.,2024-03-21 17:43:16
rev_00326,ord_000852,5,"Super fast shipping, works flawlessly out of the box. Highly recommend!",2023-11-08 17:29:59
rev_00327,ord_001534,5,"Outstanding build quality, exactly as described! Exceeded my expectations.",2023-02-02 09:52:35
rev_00328,ord_002604,3,Decent performance for the price. Does the job as expected.,2023-01-11 23:10:16
rev_00329,ord_000189,4,"Super fast shipping, works flawlessly out of the box. Highly recommend!",2023-02-21 15:38:26
rev_00330,ord_000928,5,Very satisfied with this purchase. Customer service was also very helpful.,2023-01-27 01:26:30
rev_00331,ord_000917,5,Packaging was secure and arrived ahead of schedule. Exactly what I wanted!,2023-11-13 22:57:55
rev_00332,ord_001225,4,Great value for money. Fits my needs perfectly and feels very premium.,2023-11-02 22:44:50
rev_00333,ord_001332,4,"Outstanding build quality, exactly as described! Exceeded my expectations.",2023-08-17 19:42:33
rev_00334,ord_003102,4,Packaging was secure and arrived ahead of schedule. Exactly what I wanted!,2023-01-19 21:01:20
rev_00335,ord_000620,5,Five stars! The design and finish are top-tier. Will definitely order again.,2024-05-18 02:14:01
rev_00336,ord_003400,4,"Super fast shipping, works flawlessly out of the box. Highly recommend!",2024-05-05 10:06:23
rev_00337,ord_000889,5,"Super fast shipping, works flawlessly out of the box. Highly recommend!",2023-09-18 09:46:42
rev_00338,ord_003210,5,"Super fast shipping, works flawlessly out of the box. Highly recommend!",2024-06-26 11:55:16
rev_00339,ord_001027,4,"Super fast shipping, works flawlessly out of the box. Highly recommend!",2024-03-10 18:03:47
rev_00340,ord_000514,4,Packaging was secure and arrived ahead of schedule. Exactly what I wanted!,2023-07-16 21:49:08
rev_00341,ord_001901,3,"Packaging could be improved, but the item itself works fine.",2023-10-23 23:42:38
rev_00342,ord_000115,3,"Packaging could be improved, but the item itself works fine.",2024-02-03 08:34:57
rev_00343,ord_001263,5,"Super fast shipping, works flawlessly out of the box. Highly recommend!",2023-09-24 01:32:30
rev_00344,ord_000257,4,Great value for money. Fits my needs perfectly and feels very premium.,2023-07-30 04:45:20
rev_00345,ord_003425,4,Five stars! The design and finish are top-tier. Will definitely order again.,2023-07-16 16:49:15
rev_00346,ord_002877,3,Decent performance for the price. Does the job as expected.,2023-12-15 22:47:46
rev_00347,ord_002724,3,"Good product overall, though delivery was delayed by a couple of days.",2023-12-30 09:04:44
rev_00348,ord_000279,5,"Outstanding build quality, exactly as described! Exceeded my expectations.",2023-12-21 17:50:38
rev_00349,ord_000285,5,Five stars! The design and finish are top-tier. Will definitely order again.,2023-02-16 23:53:43
rev_00350,ord_003218,4,Very satisfied with this purchase. Customer service was also very helpful.,2023-01-08 04:16:58
rev_00351,ord_002641,5,Very satisfied with this purchase. Customer service was also very helpful.,2023-07-06 20:12:53
rev_00352,ord_001228,5,Packaging was secure and arrived ahead of schedule. Exactly what I wanted!,2024-04-12 20:36:07
rev_00353,ord_000279,4,"Super fast shipping, works flawlessly out of the box. Highly recommend!",2023-12-21 17:50:38
rev_00354,ord_002667,5,Packaging was secure and arrived ahead of schedule. Exactly what I wanted!,2024-04-18 14:15:28
rev_00355,ord_002254,4,Five stars! The design and finish are top-tier. Will definitely order again.,2024-04-25 03:17:15
rev_00356,ord_000682,4,"Outstanding build quality, exactly as described! Exceeded my expectations.",2023-02-14 14:56:33
rev_00357,ord_002182,4,"Outstanding build quality, exactly as described! Exceeded my expectations.",2023-07-29 18:04:17
rev_00358,ord_001849,5,Very satisfied with this purchase. Customer service was also very helpful.,2024-04-13 13:50:13
rev_00359,ord_001686,5,Packaging was secure and arrived ahead of schedule. Exactly what I wanted!,2024-06-08 10:12:59
rev_00360,ord_002947,5,"Super fast shipping, works flawlessly out of the box. Highly recommend!",2023-03-26 16:20:01
rev_00361,ord_002035,3,Decent performance for the price. Does the job as expected.,2023-01-03 21:21:42
rev_00362,ord_003143,5,"Super fast shipping, works flawlessly out of the box. Highly recommend!",2024-01-23 08:07:16
rev_00363,ord_003362,5,Packaging was secure and arrived ahead of schedule. Exactly what I wanted!,2024-06-22 20:47:24
rev_00364,ord_000662,5,Great value for money. Fits my needs perfectly and feels very premium.,2023-02-09 15:30:34
rev_00365,ord_000749,4,Very satisfied with this purchase. Customer service was also very helpful.,2024-05-18 17:12:03
rev_00366,ord_003268,5,"Super fast shipping, works flawlessly out of the box. Highly recommend!",2023-10-26 17:49:50
rev_00367,ord_000169,4,"Super fast shipping, works flawlessly out of the box. Highly recommend!",2023-02-12 03:32:37
rev_00368,ord_001250,4,Very satisfied with this purchase. Customer service was also very helpful.,2023-07-23 17:22:51
rev_00369,ord_001995,4,Packaging was secure and arrived ahead of schedule. Exactly what I wanted!,2023-04-08 06:07:29
rev_00370,ord_002262,5,"Outstanding build quality, exactly as described! Exceeded my expectations.",2023-11-05 12:53:48
rev_00371,ord_000727,5,"Super fast shipping, works flawlessly out of the box. Highly recommend!",2023-10-30 04:40:07
rev_00372,ord_003349,5,"Super fast shipping, works flawlessly out of the box. Highly recommend!",2023-05-18 20:30:26
rev_00373,ord_002088,3,"Packaging could be improved, but the item itself works fine.",2024-03-25 02:25:45
rev_00374,ord_002021,5,Five stars! The design and finish are top-tier. Will definitely order again.,2023-02-07 10:19:21
rev_00375,ord_000058,4,"Outstanding build quality, exactly as described! Exceeded my expectations.",2023-02-06 17:04:53
rev_00376,ord_002010,4,Packaging was secure and arrived ahead of schedule. Exactly what I wanted!,2024-06-22 02:00:34
rev_00377,ord_003198,5,Five stars! The design and finish are top-tier. Will definitely order again.,2023-08-20 09:21:23
rev_00378,ord_001133,4,"Super fast shipping, works flawlessly out of the box. Highly recommend!",2024-04-24 00:26:06
rev_00379,ord_000298,4,"Outstanding build quality, exactly as described! Exceeded my expectations.",2023-08-15 14:13:54
rev_00380,ord_001659,5,"Super fast shipping, works flawlessly out of the box. Highly recommend!",2024-04-05 14:21:16
rev_00381,ord_001650,4,"Super fast shipping, works flawlessly out of the box. Highly recommend!",2024-06-09 11:17:30
rev_00382,ord_001730,5,Five stars! The design and finish are top-tier. Will definitely order again.,2024-06-09 03:21:30
rev_00383,ord_000604,5,Very satisfied with this purchase. Customer service was also very helpful.,2023-08-05 03:18:14
rev_00384,ord_000113,5,Great value for money. Fits my needs perfectly and feels very premium.,2024-03-31 22:04:32
rev_00385,ord_001522,4,"Super fast shipping, works flawlessly out of the box. Highly recommend!",2023-07-06 12:26:10
rev_00386,ord_001927,5,"Outstanding build quality, exactly as described! Exceeded my expectations.",2023-03-12 18:21:51
rev_00387,ord_001396,4,"Outstanding build quality, exactly as described! Exceeded my expectations.",2024-01-18 05:59:59
rev_00388,ord_002524,4,Very satisfied with this purchase. Customer service was also very helpful.,2023-01-18 15:28:24
rev_00389,ord_000448,5,Very satisfied with this purchase. Customer service was also very helpful.,2024-01-19 03:47:45
rev_00390,ord_000352,4,Very satisfied with this purchase. Customer service was also very helpful.,2023-10-13 21:40:29
rev_00391,ord_000896,5,Very satisfied with this purchase. Customer service was also very helpful.,2023-01-18 22:21:22
rev_00392,ord_000494,4,Very satisfied with this purchase. Customer service was also very helpful.,2023-08-22 14:57:58
rev_00393,ord_001245,4,Great value for money. Fits my needs perfectly and feels very premium.,2023-07-19 05:15:45
rev_00394,ord_001165,5,Five stars! The design and finish are top-tier. Will definitely order again.,2024-04-22 06:33:06
rev_00395,ord_001050,5,"Outstanding build quality, exactly as described! Exceeded my expectations.",2023-08-07 16:17:26
rev_00396,ord_002985,5,Packaging was secure and arrived ahead of schedule. Exactly what I wanted!,2024-03-28 00:50:40
rev_00397,ord_002599,4,Very satisfied with this purchase. Customer service was also very helpful.,2023-02-18 03:07:26
rev_00398,ord_002770,5,Great value for money. Fits my needs perfectly and feels very premium.,2024-01-15 05:54:57
rev_00399,ord_002617,4,Five stars! The design and finish are top-tier. Will definitely order again.,2024-03-29 21:39:12
rev_00400,ord_002426,4,"Outstanding build quality, exactly as described! Exceeded my expectations.",2023-03-23 00:19:07
rev_00401,ord_001744,5,"Super fast shipping, works flawlessly out of the box. Highly recommend!",2023-07-15 21:32:59
rev_00402,ord_003060,3,Decent performance for the price. Does the job as expected.,2023-07-12 12:00:16
rev_00403,ord_002828,4,Packaging was secure and arrived ahead of schedule. Exactly what I wanted!,2023-09-20 00:13:12
rev_00404,ord_001964,4,Packaging was secure and arrived ahead of schedule. Exactly what I wanted!,2023-05-17 15:41:02
rev_00405,ord_001833,5,"Outstanding build quality, exactly as described! Exceeded my expectations.",2023-12-08 06:56:14
rev_00406,ord_001397,5,"Super fast shipping, works flawlessly out of the box. Highly recommend!",2023-10-17 18:42:52
rev_00407,ord_002181,3,Decent performance for the price. Does the job as expected.,2023-08-15 02:26:03
rev_00408,ord_001532,5,Packaging was secure and arrived ahead of schedule. Exactly what I wanted!,2023-06-28 18:52:51
rev_00409,ord_002660,4,Five stars! The design and finish are top-tier. Will definitely order again.,2023-11-21 02:46:10
rev_00410,ord_000306,5,"Super fast shipping, works flawlessly out of the box. Highly recommend!",2023-08-12 08:41:39
rev_00411,ord_002164,4,Very satisfied with this purchase. Customer service was also very helpful.,2023-05-15 17:15:35
rev_00412,ord_003405,5,"Super fast shipping, works flawlessly out of the box. Highly recommend!",2023-01-11 03:19:40
rev_00413,ord_000966,5,"Outstanding build quality, exactly as described! Exceeded my expectations.",2023-05-12 01:36:44
rev_00414,ord_001232,4,"Outstanding build quality, exactly as described! Exceeded my expectations.",2023-12-25 11:37:18
rev_00415,ord_002126,4,Packaging was secure and arrived ahead of schedule. Exactly what I wanted!,2023-12-17 08:30:42
rev_00416,ord_001897,5,Packaging was secure and arrived ahead of schedule. Exactly what I wanted!,2023-10-14 02:33:35
rev_00417,ord_002711,5,Five stars! The design and finish are top-tier. Will definitely order again.,2023-12-02 06:47:02
rev_00418,ord_002703,5,"Outstanding build quality, exactly as described! Exceeded my expectations.",2023-11-24 12:17:41
rev_00419,ord_003363,4,Five stars! The design and finish are top-tier. Will definitely order again.,2023-05-09 20:15:49
rev_00420,ord_002484,5,Very satisfied with this purchase. Customer service was also very helpful.,2023-04-26 01:40:54
rev_00421,ord_003135,3,"Good product overall, though delivery was delayed by a couple of days.",2024-02-16 01:33:06
rev_00422,ord_003110,4,"Outstanding build quality, exactly as described! Exceeded my expectations.",2024-01-02 00:41:32
rev_00423,ord_003213,4,"Outstanding build quality, exactly as described! Exceeded my expectations.",2023-02-03 13:03:17
rev_00424,ord_001794,5,"Super fast shipping, works flawlessly out of the box. Highly recommend!",2023-12-26 12:43:02
rev_00425,ord_000254,3,"Good product overall, though delivery was delayed by a couple of days.",2023-06-02 21:13:57
rev_00426,ord_002505,3,"Good product overall, though delivery was delayed by a couple of days.",2023-02-27 23:50:08
rev_00427,ord_001734,4,"Outstanding build quality, exactly as described! Exceeded my expectations.",2023-03-01 08:05:30
rev_00428,ord_000718,3,"Packaging could be improved, but the item itself works fine.",2024-05-09 18:24:42
rev_00429,ord_002035,5,Great value for money. Fits my needs perfectly and feels very premium.,2023-01-03 21:21:42
rev_00430,ord_003043,4,"Outstanding build quality, exactly as described! Exceeded my expectations.",2023-01-08 19:08:56
rev_00431,ord_003423,5,Packaging was secure and arrived ahead of schedule. Exactly what I wanted!,2024-01-06 23:07:17
rev_00432,ord_001985,5,Packaging was secure and arrived ahead of schedule. Exactly what I wanted!,2024-02-22 18:00:30
rev_00433,ord_000371,4,Very satisfied with this purchase. Customer service was also very helpful.,2023-10-18 02:44:44
rev_00434,ord_000399,5,"Super fast shipping, works flawlessly out of the box. Highly recommend!",2024-01-06 10:12:34
rev_00435,ord_001341,4,Five stars! The design and finish are top-tier. Will definitely order again.,2023-09-29 06:09:06
rev_00436,ord_001045,5,Five stars! The design and finish are top-tier. Will definitely order again.,2024-02-17 11:22:00
rev_00437,ord_001337,5,"Super fast shipping, works flawlessly out of the box. Highly recommend!",2024-02-20 14:51:24
rev_00438,ord_002140,4,"Outstanding build quality, exactly as described! Exceeded my expectations.",2023-06-28 14:15:29
rev_00439,ord_001417,5,Great value for money. Fits my needs perfectly and feels very premium.,2023-04-15 08:39:32
rev_00440,ord_001868,5,Very satisfied with this purchase. Customer service was also very helpful.,2023-05-30 01:20:58
rev_00441,ord_002599,5,"Super fast shipping, works flawlessly out of the box. Highly recommend!",2023-02-18 03:07:26
rev_00442,ord_000350,4,"Outstanding build quality, exactly as described! Exceeded my expectations.",2024-05-21 01:26:54
rev_00443,ord_001583,4,Very satisfied with this purchase. Customer service was also very helpful.,2023-03-11 01:03:42
rev_00444,ord_003198,4,"Super fast shipping, works flawlessly out of the box. Highly recommend!",2023-08-20 09:21:23
rev_00445,ord_000121,4,Five stars! The design and finish are top-tier. Will definitely order again.,2023-12-08 18:03:54
rev_00446,ord_002993,4,Very satisfied with this purchase. Customer service was also very helpful.,2024-05-18 20:16:06
rev_00447,ord_003359,4,"Super fast shipping, works flawlessly out of the box. Highly recommend!",2024-06-11 08:42:25
rev_00448,ord_001142,4,Very satisfied with this purchase. Customer service was also very helpful.,2023-04-26 13:41:58
rev_00449,ord_001911,4,Five stars! The design and finish are top-tier. Will definitely order again.,2024-01-14 19:44:12
rev_00450,ord_001288,5,"Super fast shipping, works flawlessly out of the box. Highly recommend!",2024-01-28 18:24:18
rev_00451,ord_002611,5,Very satisfied with this purchase. Customer service was also very helpful.,2024-02-10 06:49:32
rev_00452,ord_000814,4,Packaging was secure and arrived ahead of schedule. Exactly what I wanted!,2024-03-15 17:32:55
rev_00453,ord_000295,4,"Outstanding build quality, exactly as described! Exceeded my expectations.",2024-06-05 05:33:55
rev_00454,ord_002671,5,Great value for money. Fits my needs perfectly and feels very premium.,2023-12-07 09:09:41
rev_00455,ord_002689,4,Very satisfied with this purchase. Customer service was also very helpful.,2023-07-17 20:23:27
rev_00456,ord_003341,5,"Outstanding build quality, exactly as described! Exceeded my expectations.",2023-04-09 03:06:44
rev_00457,ord_002199,5,Very satisfied with this purchase. Customer service was also very helpful.,2023-12-09 10:27:59
rev_00458,ord_001565,4,"Super fast shipping, works flawlessly out of the box. Highly recommend!",2024-02-16 09:14:06
rev_00459,ord_000002,5,"Super fast shipping, works flawlessly out of the box. Highly recommend!",2023-03-14 00:34:04
rev_00460,ord_001843,5,"Outstanding build quality, exactly as described! Exceeded my expectations.",2023-05-12 23:19:41
rev_00461,ord_001983,5,Packaging was secure and arrived ahead of schedule. Exactly what I wanted!,2023-11-24 07:45:42
rev_00462,ord_003153,3,Decent performance for the price. Does the job as expected.,2024-03-07 01:35:01
rev_00463,ord_000734,3,"Good product overall, though delivery was delayed by a couple of days.",2023-10-12 20:42:11
rev_00464,ord_000231,5,Very satisfied with this purchase. Customer service was also very helpful.,2024-01-22 19:52:18
rev_00465,ord_000550,3,"Packaging could be improved, but the item itself works fine.",2023-06-23 11:45:11
rev_00466,ord_001409,5,Five stars! The design and finish are top-tier. Will definitely order again.,2023-09-17 18:36:36
rev_00467,ord_002660,4,"Super fast shipping, works flawlessly out of the box. Highly recommend!",2023-11-21 02:46:10
rev_00468,ord_001529,4,Packaging was secure and arrived ahead of schedule. Exactly what I wanted!,2023-07-05 06:24:30
rev_00469,ord_000447,3,"Good product overall, though delivery was delayed by a couple of days.",2023-08-02 14:32:31
rev_00470,ord_000298,4,Packaging was secure and arrived ahead of schedule. Exactly what I wanted!,2023-08-15 14:13:54
rev_00471,ord_000751,5,Great value for money. Fits my needs perfectly and feels very premium.,2024-04-24 13:22:20
rev_00472,ord_001388,4,Very satisfied with this purchase. Customer service was also very helpful.,2023-07-15 01:11:57
rev_00473,ord_002290,5,"Super fast shipping, works flawlessly out of the box. Highly recommend!",2024-05-25 03:54:22
rev_00474,ord_001643,4,Packaging was secure and arrived ahead of schedule. Exactly what I wanted!,2024-03-26 04:07:33
rev_00475,ord_002357,3,"Good product overall, though delivery was delayed by a couple of days.",2023-05-14 11:02:31
rev_00476,ord_001292,5,Packaging was secure and arrived ahead of schedule. Exactly what I wanted!,2024-03-21 04:06:30
rev_00477,ord_003253,5,"Super fast shipping, works flawlessly out of the box. Highly recommend!",2023-11-23 16:43:33
rev_00478,ord_003058,3,"Good product overall, though delivery was delayed by a couple of days.",2023-12-06 12:11:51
rev_00479,ord_001760,4,"Outstanding build quality, exactly as described! Exceeded my expectations.",2023-03-07 02:15:40
rev_00480,ord_002578,5,Five stars! The design and finish are top-tier. Will definitely order again.,2024-06-18 06:25:06
rev_00481,ord_000703,5,"Outstanding build quality, exactly as described! Exceeded my expectations.",2023-06-09 18:02:13
rev_00482,ord_002637,5,"Super fast shipping, works flawlessly out of the box. Highly recommend!",2024-02-27 05:39:18
rev_00483,ord_002378,5,Very satisfied with this purchase. Customer service was also very helpful.,2023-05-07 22:34:50
rev_00484,ord_002933,4,"Super fast shipping, works flawlessly out of the box. Highly recommend!",2023-06-02 05:47:02
rev_00485,ord_002748,5,Five stars! The design and finish are top-tier. Will definitely order again.,2023-03-04 23:27:14
rev_00486,ord_002711,4,"Super fast shipping, works flawlessly out of the box. Highly recommend!",2023-12-02 06:47:02
rev_00487,ord_001670,4,Great value for money. Fits my needs perfectly and feels very premium.,2024-05-24 15:33:41
rev_00488,ord_002942,3,"Packaging could be improved, but the item itself works fine.",2024-05-05 06:37:52
rev_00489,ord_000250,4,Great value for money. Fits my needs perfectly and feels very premium.,2023-08-03 22:01:29
rev_00490,ord_001179,3,"Good product overall, though delivery was delayed by a couple of days.",2023-08-20 13:43:20
rev_00491,ord_002431,5,"Super fast shipping, works flawlessly out of the box. Highly recommend!",2023-08-08 19:44:00
rev_00492,ord_001940,5,Five stars! The design and finish are top-tier. Will definitely order again.,2023-10-19 00:02:44
rev_00493,ord_001970,4,"Outstanding build quality, exactly as described! Exceeded my expectations.",2023-02-09 09:11:35
rev_00494,ord_000227,5,Very satisfied with this purchase. Customer service was also very helpful.,2023-02-10 11:59:06
rev_00495,ord_002717,4,Five stars! The design and finish are top-tier. Will definitely order again.,2023-12-08 11:51:37
rev_00496,ord_001791,3,"Good product overall, though delivery was delayed by a couple of days.",2023-12-29 00:21:18
rev_00497,ord_001075,3,"Good product overall, though delivery was delayed by a couple of days.",2023-03-16 16:55:25
rev_00498,ord_001076,4,Great value for money. Fits my needs perfectly and feels very premium.,2024-06-03 02:01:13
rev_00499,ord_002211,4,Very satisfied with this purchase. Customer service was also very helpful.,2024-06-06 16:30:16
rev_00500,ord_003425,5,"Outstanding build quality, exactly as described! Exceeded my expectations.",2023-07-16 16:49:15
rev_00501,ord_002189,4,Five stars! The design and finish are top-tier. Will definitely order again.,2023-11-17 02:58:54
rev_00502,ord_000802,4,"Outstanding build quality, exactly as described! Exceeded my expectations.",2023-06-19 04:06:35
rev_00503,ord_002832,4,"Outstanding build quality, exactly as described! Exceeded my expectations.",2023-07-20 03:52:51
rev_00504,ord_001232,5,Five stars! The design and finish are top-tier. Will definitely order again.,2023-12-25 11:37:18
rev_00505,ord_002735,5,Great value for money. Fits my needs perfectly and feels very premium.,2024-04-16 21:27:32
rev_00506,ord_002940,5,Five stars! The design and finish are top-tier. Will definitely order again.,2023-10-15 01:35:37
rev_00507,ord_003216,4,Packaging was secure and arrived ahead of schedule. Exactly what I wanted!,2023-02-02 07:32:58
rev_00508,ord_001537,4,Five stars! The design and finish are top-tier. Will definitely order again.,2024-02-28 08:12:37
rev_00509,ord_000259,5,Packaging was secure and arrived ahead of schedule. Exactly what I wanted!,2023-10-13 11:34:12
rev_00510,ord_003059,5,Very satisfied with this purchase. Customer service was also very helpful.,2024-04-18 10:14:46
rev_00511,ord_000689,4,"Outstanding build quality, exactly as described! Exceeded my expectations.",2024-06-10 04:52:23
rev_00512,ord_000505,3,Decent performance for the price. Does the job as expected.,2023-10-20 12:45:32
rev_00513,ord_000502,4,Very satisfied with this purchase. Customer service was also very helpful.,2023-08-06 01:16:00
rev_00514,ord_000151,5,"Super fast shipping, works flawlessly out of the box. Highly recommend!",2024-06-03 16:05:12
rev_00515,ord_000921,4,Very satisfied with this purchase. Customer service was also very helpful.,2024-05-20 01:42:01
rev_00516,ord_002583,5,Five stars! The design and finish are top-tier. Will definitely order again.,2024-02-13 12:16:11
rev_00517,ord_000400,4,Very satisfied with this purchase. Customer service was also very helpful.,2024-02-19 08:30:37
rev_00518,ord_000012,4,Packaging was secure and arrived ahead of schedule. Exactly what I wanted!,2023-01-12 04:23:47
rev_00519,ord_001297,4,"Super fast shipping, works flawlessly out of the box. Highly recommend!",2023-12-27 09:02:11
rev_00520,ord_001998,5,"Super fast shipping, works flawlessly out of the box. Highly recommend!",2023-09-02 17:36:36
rev_00521,ord_001274,5,Great value for money. Fits my needs perfectly and feels very premium.,2024-04-04 05:06:12
rev_00522,ord_002312,5,Packaging was secure and arrived ahead of schedule. Exactly what I wanted!,2024-01-26 01:45:22
rev_00523,ord_001592,5,"Super fast shipping, works flawlessly out of the box. Highly recommend!",2024-05-29 15:00:30
rev_00524,ord_001306,4,Great value for money. Fits my needs perfectly and feels very premium.,2023-07-24 12:21:01
rev_00525,ord_002420,5,"Outstanding build quality, exactly as described! Exceeded my expectations.",2023-05-11 10:05:26
rev_00526,ord_000121,5,"Super fast shipping, works flawlessly out of the box. Highly recommend!",2023-12-08 18:03:54
rev_00527,ord_001618,4,Great value for money. Fits my needs perfectly and feels very premium.,2023-03-29 03:34:08
rev_00528,ord_001266,4,Great value for money. Fits my needs perfectly and feels very premium.,2024-01-17 10:34:27
rev_00529,ord_001506,5,Packaging was secure and arrived ahead of schedule. Exactly what I wanted!,2023-10-04 04:49:47
rev_00530,ord_000311,5,Five stars! The design and finish are top-tier. Will definitely order again.,2023-02-01 12:04:29
rev_00531,ord_001728,4,Five stars! The design and finish are top-tier. Will definitely order again.,2023-03-15 09:53:36
rev_00532,ord_000092,5,Packaging was secure and arrived ahead of schedule. Exactly what I wanted!,2023-11-12 10:42:04
rev_00533,ord_001732,5,"Outstanding build quality, exactly as described! Exceeded my expectations.",2024-06-07 03:11:14
rev_00534,ord_003339,3,"Packaging could be improved, but the item itself works fine.",2023-05-20 16:08:46
rev_00535,ord_001938,5,"Outstanding build quality, exactly as described! Exceeded my expectations.",2023-07-19 00:55:02
rev_00536,ord_000667,4,Great value for money. Fits my needs perfectly and feels very premium.,2023-04-05 10:25:14
rev_00537,ord_000529,5,"Super fast shipping, works flawlessly out of the box. Highly recommend!",2024-02-26 08:22:02
rev_00538,ord_001109,5,Very satisfied with this purchase. Customer service was also very helpful.,2023-08-02 22:29:17
rev_00539,ord_000714,5,Very satisfied with this purchase. Customer service was also very helpful.,2023-09-27 19:23:03
rev_00540,ord_002658,5,Five stars! The design and finish are top-tier. Will definitely order again.,2023-04-17 20:08:57
rev_00541,ord_001230,5,Packaging was secure and arrived ahead of schedule. Exactly what I wanted!,2024-03-22 22:18:37
rev_00542,ord_002260,3,"Good product overall, though delivery was delayed by a couple of days.",2024-04-25 07:50:50
rev_00543,ord_001397,4,Five stars! The design and finish are top-tier. Will definitely order again.,2023-10-17 18:42:52
rev_00544,ord_000753,4,Packaging was secure and arrived ahead of schedule. Exactly what I wanted!,2023-09-06 17:03:22
rev_00545,ord_002774,4,"Outstanding build quality, exactly as described! Exceeded my expectations.",2024-01-12 16:59:05
rev_00546,ord_002542,4,Packaging was secure and arrived ahead of schedule. Exactly what I wanted!,2024-01-07 07:07:41
rev_00547,ord_001835,5,"Super fast shipping, works flawlessly out of the box. Highly recommend!",2023-11-10 18:19:11
rev_00548,ord_003159,4,"Outstanding build quality, exactly as described! Exceeded my expectations.",2023-04-10 11:43:15
rev_00549,ord_003003,4,Great value for money. Fits my needs perfectly and feels very premium.,2024-02-26 22:55:33
rev_00550,ord_002269,3,"Packaging could be improved, but the item itself works fine.",2023-05-16 01:02:48
rev_00551,ord_000039,4,Great value for money. Fits my needs perfectly and feels very premium.,2024-06-16 06:03:33
rev_00552,ord_003152,5,Very satisfied with this purchase. Customer service was also very helpful.,2023-12-25 12:41:03
rev_00553,ord_003034,5,Very satisfied with this purchase. Customer service was also very helpful.,2023-05-22 15:28:14
rev_00554,ord_001609,4,Packaging was secure and arrived ahead of schedule. Exactly what I wanted!,2023-06-10 22:48:08
rev_00555,ord_003176,3,"Packaging could be improved, but the item itself works fine.",2023-08-27 16:34:03
rev_00556,ord_001758,4,Five stars! The design and finish are top-tier. Will definitely order again.,2023-05-02 05:06:27
rev_00557,ord_002167,3,"Packaging could be improved, but the item itself works fine.",2023-08-01 08:02:06
rev_00558,ord_000556,3,"Packaging could be improved, but the item itself works fine.",2023-08-26 19:43:33
rev_00559,ord_001840,3,Decent performance for the price. Does the job as expected.,2023-01-22 11:01:53
rev_00560,ord_000447,5,Packaging was secure and arrived ahead of schedule. Exactly what I wanted!,2023-08-02 14:32:31
rev_00561,ord_000402,3,"Packaging could be improved, but the item itself works fine.",2023-04-27 23:03:38
rev_00562,ord_001977,3,Decent performance for the price. Does the job as expected.,2024-02-21 22:31:21
rev_00563,ord_000263,5,Great value for money. Fits my needs perfectly and feels very premium.,2023-01-30 02:16:04
rev_00564,ord_000661,5,Packaging was secure and arrived ahead of schedule. Exactly what I wanted!,2023-07-26 14:29:49
rev_00565,ord_002640,5,Great value for money. Fits my needs perfectly and feels very premium.,2024-01-20 13:29:14
rev_00566,ord_002267,5,Packaging was secure and arrived ahead of schedule. Exactly what I wanted!,2023-03-02 12:15:24
rev_00567,ord_002215,4,"Super fast shipping, works flawlessly out of the box. Highly recommend!",2023-12-22 15:28:06
rev_00568,ord_002815,3,"Packaging could be improved, but the item itself works fine.",2023-10-21 17:08:17
rev_00569,ord_002685,5,Five stars! The design and finish are top-tier. Will definitely order again.,2023-07-14 01:59:47
rev_00570,ord_000782,5,Very satisfied with this purchase. Customer service was also very helpful.,2024-06-15 17:22:03
rev_00571,ord_002157,5,Five stars! The design and finish are top-tier. Will definitely order again.,2024-04-08 00:30:19
rev_00572,ord_001419,4,Very satisfied with this purchase. Customer service was also very helpful.,2023-10-21 19:57:55
rev_00573,ord_000097,4,Five stars! The design and finish are top-tier. Will definitely order again.,2023-09-01 18:55:22
rev_00574,ord_001767,5,"Outstanding build quality, exactly as described! Exceeded my expectations.",2024-06-06 19:44:59
rev_00575,ord_001106,5,"Outstanding build quality, exactly as described! Exceeded my expectations.",2024-01-06 14:11:53
rev_00576,ord_001076,5,Packaging was secure and arrived ahead of schedule. Exactly what I wanted!,2024-06-03 02:01:13
rev_00577,ord_001795,3,"Good product overall, though delivery was delayed by a couple of days.",2023-11-09 11:23:44
rev_00578,ord_001214,3,"Good product overall, though delivery was delayed by a couple of days.",2023-11-07 22:27:51
rev_00579,ord_002203,5,"Super fast shipping, works flawlessly out of the box. Highly recommend!",2023-07-07 06:17:21
rev_00580,ord_001332,4,Great value for money. Fits my needs perfectly and feels very premium.,2023-08-17 19:42:33
rev_00581,ord_003216,5,Great value for money. Fits my needs perfectly and feels very premium.,2023-02-02 07:32:58
rev_00582,ord_001749,4,Packaging was secure and arrived ahead of schedule. Exactly what I wanted!,2024-04-11 09:17:35
rev_00583,ord_002703,5,Packaging was secure and arrived ahead of schedule. Exactly what I wanted!,2023-11-24 12:17:41
rev_00584,ord_002309,5,Packaging was secure and arrived ahead of schedule. Exactly what I wanted!,2024-04-26 06:47:54
rev_00585,ord_000657,5,Very satisfied with this purchase. Customer service was also very helpful.,2024-05-27 07:45:41
rev_00586,ord_001637,4,Very satisfied with this purchase. Customer service was also very helpful.,2023-08-19 11:40:48
rev_00587,ord_000835,4,Very satisfied with this purchase. Customer service was also very helpful.,2023-06-24 16:00:04
rev_00588,ord_000342,3,"Packaging could be improved, but the item itself works fine.",2024-01-09 20:19:02
rev_00589,ord_000188,4,Very satisfied with this purchase. Customer service was also very helpful.,2023-07-14 05:19:02
rev_00590,ord_000200,5,"Outstanding build quality, exactly as described! Exceeded my expectations.",2024-04-11 11:12:44
rev_00591,ord_000620,4,Packaging was secure and arrived ahead of schedule. Exactly what I wanted!,2024-05-18 02:14:01
rev_00592,ord_002509,4,Great value for money. Fits my needs perfectly and feels very premium.,2023-04-19 14:31:45
rev_00593,ord_001750,3,"Packaging could be improved, but the item itself works fine.",2023-02-07 19:05:27
rev_00594,ord_002209,5,"Outstanding build quality, exactly as described! Exceeded my expectations.",2023-09-13 18:29:14
rev_00595,ord_002539,4,"Outstanding build quality, exactly as described! Exceeded my expectations.",2023-02-15 11:48:45
rev_00596,ord_001251,5,"Outstanding build quality, exactly as described! Exceeded my expectations.",2023-04-29 04:13:32
rev_00597,ord_002294,5,Great value for money. Fits my needs perfectly and feels very premium.,2023-12-05 12:50:23
rev_00598,ord_000503,5,"Outstanding build quality, exactly as described! Exceeded my expectations.",2023-03-08 05:00:50
rev_00599,ord_002425,4,Packaging was secure and arrived ahead of schedule. Exactly what I wanted!,2023-07-12 16:25:44
rev_00600,ord_001235,4,Five stars! The design and finish are top-tier. Will definitely order again.,2024-01-13 19:35:23
rev_00601,ord_000078,4,Great value for money. Fits my needs perfectly and feels very premium.,2023-12-26 20:53:56
rev_00602,ord_003343,5,Packaging was secure and arrived ahead of schedule. Exactly what I wanted!,2023-05-30 20:30:49
rev_00603,ord_000160,5,"Super fast shipping, works flawlessly out of the box. Highly recommend!",2024-06-16 12:14:58
rev_00604,ord_002736,4,Very satisfied with this purchase. Customer service was also very helpful.,2023-02-09 00:41:56
rev_00605,ord_000051,4,"Super fast shipping, works flawlessly out of the box. Highly recommend!",2023-10-16 03:14:45
rev_00606,ord_002044,5,Packaging was secure and arrived ahead of schedule. Exactly what I wanted!,2024-02-15 12:01:06
rev_00607,ord_001603,5,Very satisfied with this purchase. Customer service was also very helpful.,2023-06-20 05:16:32
rev_00608,ord_003253,3,"Good product overall, though delivery was delayed by a couple of days.",2023-11-23 16:43:33
rev_00609,ord_000206,4,"Outstanding build quality, exactly as described! Exceeded my expectations.",2024-01-26 16:35:29
rev_00610,ord_001911,4,"Super fast shipping, works flawlessly out of the box. Highly recommend!",2024-01-14 19:44:12
rev_00611,ord_000569,3,Decent performance for the price. Does the job as expected.,2023-03-31 21:42:18
rev_00612,ord_000787,4,Five stars! The design and finish are top-tier. Will definitely order again.,2023-09-30 11:08:51
rev_00613,ord_000278,5,Very satisfied with this purchase. Customer service was also very helpful.,2024-04-19 20:37:19
rev_00614,ord_000916,5,Very satisfied with this purchase. Customer service was also very helpful.,2023-10-21 13:29:42
rev_00615,ord_000272,5,Packaging was secure and arrived ahead of schedule. Exactly what I wanted!,2024-01-25 22:51:15
rev_00616,ord_002323,5,Five stars! The design and finish are top-tier. Will definitely order again.,2024-02-10 09:08:15
rev_00617,ord_000368,4,"Super fast shipping, works flawlessly out of the box. Highly recommend!",2023-07-26 05:09:28
rev_00618,ord_000481,4,"Outstanding build quality, exactly as described! Exceeded my expectations.",2023-10-10 13:56:51
rev_00619,ord_000378,3,Decent performance for the price. Does the job as expected.,2024-04-02 17:33:39
rev_00620,ord_001637,5,"Outstanding build quality, exactly as described! Exceeded my expectations.",2023-08-19 11:40:48
rev_00621,ord_001025,4,Very satisfied with this purchase. Customer service was also very helpful.,2024-05-03 07:55:34
rev_00622,ord_001551,4,Five stars! The design and finish are top-tier. Will definitely order again.,2023-04-26 15:53:49
rev_00623,ord_001609,5,Very satisfied with this purchase. Customer service was also very helpful.,2023-06-10 22:48:08
rev_00624,ord_002635,4,"Outstanding build quality, exactly as described! Exceeded my expectations.",2024-01-04 04:00:47
rev_00625,ord_000482,4,Very satisfied with this purchase. Customer service was also very helpful.,2023-01-14 05:00:02
rev_00626,ord_003373,5,Very satisfied with this purchase. Customer service was also very helpful.,2023-09-08 23:47:45
rev_00627,ord_000041,3,"Packaging could be improved, but the item itself works fine.",2024-06-23 02:12:36
rev_00628,ord_000167,3,"Packaging could be improved, but the item itself works fine.",2024-02-04 09:01:02
rev_00629,ord_000729,4,"Outstanding build quality, exactly as described! Exceeded my expectations.",2023-08-03 05:26:43
rev_00630,ord_003001,5,"Super fast shipping, works flawlessly out of the box. Highly recommend!",2023-06-10 23:08:09
rev_00631,ord_001601,3,"Packaging could be improved, but the item itself works fine.",2023-01-07 11:39:35
rev_00632,ord_002302,5,Five stars! The design and finish are top-tier. Will definitely order again.,2023-04-05 14:50:39
rev_00633,ord_002093,5,"Outstanding build quality, exactly as described! Exceeded my expectations.",2023-01-29 06:01:37
rev_00634,ord_001214,5,"Outstanding build quality, exactly as described! Exceeded my expectations.",2023-11-07 22:27:51
rev_00635,ord_003234,5,"Outstanding build quality, exactly as described! Exceeded my expectations.",2024-04-23 18:06:51
rev_00636,ord_000955,5,Very satisfied with this purchase. Customer service was also very helpful.,2023-02-25 13:12:35
rev_00637,ord_000816,5,Packaging was secure and arrived ahead of schedule. Exactly what I wanted!,2023-12-30 15:22:30
rev_00638,ord_002378,3,Decent performance for the price. Does the job as expected.,2023-05-07 22:34:50
rev_00639,ord_001862,4,Five stars! The design and finish are top-tier. Will definitely order again.,2023-03-12 07:20:04
rev_00640,ord_003110,5,Five stars! The design and finish are top-tier. Will definitely order again.,2024-01-02 00:41:32
rev_00641,ord_001275,5,Great value for money. Fits my needs perfectly and feels very premium.,2024-05-24 03:29:08
rev_00642,ord_002941,4,Packaging was secure and arrived ahead of schedule. Exactly what I wanted!,2024-01-21 08:12:52
rev_00643,ord_002630,5,Five stars! The design and finish are top-tier. Will definitely order again.,2024-03-20 15:21:50
rev_00644,ord_001929,5,Very satisfied with this purchase. Customer service was also very helpful.,2023-08-31 12:46:09
rev_00645,ord_003463,4,Five stars! The design and finish are top-tier. Will definitely order again.,2023-09-09 11:02:01
rev_00646,ord_001132,5,Packaging was secure and arrived ahead of schedule. Exactly what I wanted!,2024-03-07 19:10:07
rev_00647,ord_003041,5,Very satisfied with this purchase. Customer service was also very helpful.,2023-04-29 11:36:46
rev_00648,ord_002985,5,Very satisfied with this purchase. Customer service was also very helpful.,2024-03-28 00:50:40
rev_00649,ord_001790,4,Five stars! The design and finish are top-tier. Will definitely order again.,2023-06-03 16:28:59
rev_00650,ord_003161,5,"Outstanding build quality, exactly as described! Exceeded my expectations.",2023-05-20 07:21:34
rev_00651,ord_000945,4,"Outstanding build quality, exactly as described! Exceeded my expectations.",2023-06-14 02:01:53
rev_00652,ord_002637,4,"Super fast shipping, works flawlessly out of the box. Highly recommend!",2024-02-27 05:39:18
rev_00653,ord_001428,5,Very satisfied with this purchase. Customer service was also very helpful.,2023-05-07 00:01:03
rev_00654,ord_001812,3,"Good product overall, though delivery was delayed by a couple of days.",2024-01-17 20:28:28
rev_00655,ord_001605,4,"Outstanding build quality, exactly as described! Exceeded my expectations.",2023-02-01 06:33:57
rev_00656,ord_001599,4,Very satisfied with this purchase. Customer service was also very helpful.,2023-06-17 02:00:38
rev_00657,ord_000686,4,Five stars! The design and finish are top-tier. Will definitely order again.,2023-04-24 08:39:53
rev_00658,ord_003042,5,Five stars! The design and finish are top-tier. Will definitely order again.,2023-08-11 23:37:52
rev_00659,ord_002772,4,"Outstanding build quality, exactly as described! Exceeded my expectations.",2023-11-10 14:50:13
rev_00660,ord_000974,5,Five stars! The design and finish are top-tier. Will definitely order again.,2024-01-24 04:51:34
rev_00661,ord_003500,5,"Super fast shipping, works flawlessly out of the box. Highly recommend!",2024-01-19 16:24:03
rev_00662,ord_001944,4,Packaging was secure and arrived ahead of schedule. Exactly what I wanted!,2024-05-17 10:58:53
rev_00663,ord_000457,5,"Super fast shipping, works flawlessly out of the box. Highly recommend!",2024-06-28 07:39:03
rev_00664,ord_000894,5,"Super fast shipping, works flawlessly out of the box. Highly recommend!",2023-12-29 06:37:39
rev_00665,ord_001042,4,"Outstanding build quality, exactly as described! Exceeded my expectations.",2023-06-28 12:19:27
rev_00666,ord_001914,3,"Good product overall, though delivery was delayed by a couple of days.",2024-05-23 21:23:08
rev_00667,ord_000355,5,Great value for money. Fits my needs perfectly and feels very premium.,2023-08-27 19:51:20
rev_00668,ord_001801,5,Five stars! The design and finish are top-tier. Will definitely order again.,2023-01-01 04:36:26
rev_00669,ord_000605,3,"Packaging could be improved, but the item itself works fine.",2023-01-30 14:31:26
rev_00670,ord_000477,3,"Good product overall, though delivery was delayed by a couple of days.",2023-10-11 04:16:52
rev_00671,ord_003241,5,Very satisfied with this purchase. Customer service was also very helpful.,2023-12-05 09:57:53
rev_00672,ord_001454,5,Packaging was secure and arrived ahead of schedule. Exactly what I wanted!,2023-04-24 04:48:10
rev_00673,ord_000741,4,Great value for money. Fits my needs perfectly and feels very premium.,2023-07-30 01:51:28
rev_00674,ord_002139,4,"Super fast shipping, works flawlessly out of the box. Highly recommend!",2024-03-10 08:10:10
rev_00675,ord_001708,4,Very satisfied with this purchase. Customer service was also very helpful.,2024-03-05 07:30:45
rev_00676,ord_001707,4,Five stars! The design and finish are top-tier. Will definitely order again.,2023-06-24 19:04:16
rev_00677,ord_001796,4,"Super fast shipping, works flawlessly out of the box. Highly recommend!",2023-10-26 14:56:03
rev_00678,ord_002231,5,"Super fast shipping, works flawlessly out of the box. Highly recommend!",2024-06-26 11:07:29
rev_00679,ord_002694,4,Great value for money. Fits my needs perfectly and feels very premium.,2023-07-14 11:05:28
rev_00680,ord_003473,4,Five stars! The design and finish are top-tier. Will definitely order again.,2024-03-02 18:46:42
rev_00681,ord_002545,5,Great value for money. Fits my needs perfectly and feels very premium.,2024-03-23 20:18:49
rev_00682,ord_002208,5,"Super fast shipping, works flawlessly out of the box. Highly recommend!",2023-05-14 10:17:39
rev_00683,ord_001788,4,"Outstanding build quality, exactly as described! Exceeded my expectations.",2023-03-27 03:10:36
rev_00684,ord_000111,5,Five stars! The design and finish are top-tier. Will definitely order again.,2023-07-27 03:36:17
rev_00685,ord_000260,4,Five stars! The design and finish are top-tier. Will definitely order again.,2023-06-16 22:40:11
rev_00686,ord_001371,4,Packaging was secure and arrived ahead of schedule. Exactly what I wanted!,2023-02-25 15:02:40
rev_00687,ord_000456,3,"Good product overall, though delivery was delayed by a couple of days.",2023-08-31 16:22:50
rev_00688,ord_003199,4,Very satisfied with this purchase. Customer service was also very helpful.,2023-02-27 18:36:25
rev_00689,ord_002286,3,"Packaging could be improved, but the item itself works fine.",2023-04-21 02:19:34
rev_00690,ord_002161,4,Five stars! The design and finish are top-tier. Will definitely order again.,2023-11-19 03:47:57
rev_00691,ord_003262,5,"Outstanding build quality, exactly as described! Exceeded my expectations.",2024-04-18 20:34:46
rev_00692,ord_002524,3,"Good product overall, though delivery was delayed by a couple of days.",2023-01-18 15:28:24
rev_00693,ord_001024,5,"Outstanding build quality, exactly as described! Exceeded my expectations.",2024-03-03 06:16:18
rev_00694,ord_000703,3,"Good product overall, though delivery was delayed by a couple of days.",2023-06-09 18:02:13
rev_00695,ord_001242,3,Decent performance for the price. Does the job as expected.,2023-10-15 13:11:03
rev_00696,ord_000929,4,"Super fast shipping, works flawlessly out of the box. Highly recommend!",2023-12-19 08:48:29
rev_00697,ord_003107,4,Very satisfied with this purchase. Customer service was also very helpful.,2023-02-17 05:45:36
rev_00698,ord_000119,3,"Good product overall, though delivery was delayed by a couple of days.",2023-06-08 19:09:03
rev_00699,ord_000658,5,Packaging was secure and arrived ahead of schedule. Exactly what I wanted!,2023-02-01 03:45:07
rev_00700,ord_001772,5,Great value for money. Fits my needs perfectly and feels very premium.,2023-10-02 06:41:02
rev_00701,ord_001985,4,Great value for money. Fits my needs perfectly and feels very premium.,2024-02-22 18:00:30
rev_00702,ord_002022,4,Great value for money. Fits my needs perfectly and feels very premium.,2023-10-14 12:18:43
rev_00703,ord_000616,5,Very satisfied with this purchase. Customer service was also very helpful.,2023-01-12 15:19:33
rev_00704,ord_001122,5,"Outstanding build quality, exactly as described! Exceeded my expectations.",2023-02-16 01:52:17
rev_00705,ord_001098,5,Great value for money. Fits my needs perfectly and feels very premium.,2023-05-12 02:11:59
rev_00706,ord_000778,5,Great value for money. Fits my needs perfectly and feels very premium.,2024-04-23 17:22:57
rev_00707,ord_001877,4,Five stars! The design and finish are top-tier. Will definitely order again.,2023-12-06 12:56:18
rev_00708,ord_002786,3,Decent performance for the price. Does the job as expected.,2023-08-05 03:37:45
rev_00709,ord_001419,5,"Outstanding build quality, exactly as described! Exceeded my expectations.",2023-10-21 19:57:55
rev_00710,ord_000160,4,Very satisfied with this purchase. Customer service was also very helpful.,2024-06-16 12:14:58
rev_00711,ord_001197,4,Five stars! The design and finish are top-tier. Will definitely order again.,2023-03-02 21:31:41
rev_00712,ord_003234,4,"Super fast shipping, works flawlessly out of the box. Highly recommend!",2024-04-23 18:06:51
rev_00713,ord_000448,5,"Super fast shipping, works flawlessly out of the box. Highly recommend!",2024-01-19 03:47:45
rev_00714,ord_002147,4,Very satisfied with this purchase. Customer service was also very helpful.,2024-03-21 23:09:42
rev_00715,ord_003340,3,Decent performance for the price. Does the job as expected.,2023-08-22 12:44:31
rev_00716,ord_000622,5,Five stars! The design and finish are top-tier. Will definitely order again.,2023-10-03 10:18:13
rev_00717,ord_000664,5,Packaging was secure and arrived ahead of schedule. Exactly what I wanted!,2024-01-10 11:01:02
rev_00718,ord_002208,4,Great value for money. Fits my needs perfectly and feels very premium.,2023-05-14 10:17:39
rev_00719,ord_000350,5,Very satisfied with this purchase. Customer service was also very helpful.,2024-05-21 01:26:54
rev_00720,ord_001838,5,Packaging was secure and arrived ahead of schedule. Exactly what I wanted!,2023-12-14 20:51:45
rev_00721,ord_002403,5,"Super fast shipping, works flawlessly out of the box. Highly recommend!",2023-08-15 12:12:57
rev_00722,ord_003032,5,Five stars! The design and finish are top-tier. Will definitely order again.,2023-03-14 15:49:04
rev_00723,ord_001806,5,"Super fast shipping, works flawlessly out of the box. Highly recommend!",2023-09-01 13:12:21
rev_00724,ord_001865,3,"Good product overall, though delivery was delayed by a couple of days.",2024-03-18 14:42:42
rev_00725,ord_002771,4,Packaging was secure and arrived ahead of schedule. Exactly what I wanted!,2023-11-02 06:06:06
rev_00726,ord_000428,5,Packaging was secure and arrived ahead of schedule. Exactly what I wanted!,2024-05-10 15:54:28
rev_00727,ord_001299,5,Very satisfied with this purchase. Customer service was also very helpful.,2024-02-25 22:17:26
rev_00728,ord_003077,5,Very satisfied with this purchase. Customer service was also very helpful.,2023-03-07 18:21:04
rev_00729,ord_002353,4,"Outstanding build quality, exactly as described! Exceeded my expectations.",2023-01-09 08:21:55
rev_00730,ord_001197,4,Very satisfied with this purchase. Customer service was also very helpful.,2023-03-02 21:31:41
rev_00731,ord_001082,5,"Outstanding build quality, exactly as described! Exceeded my expectations.",2024-04-01 11:44:24
rev_00732,ord_002615,3,"Packaging could be improved, but the item itself works fine.",2023-02-06 20:43:56
rev_00733,ord_002737,5,Packaging was secure and arrived ahead of schedule. Exactly what I wanted!,2023-01-12 00:42:42
rev_00734,ord_000999,5,Packaging was secure and arrived ahead of schedule. Exactly what I wanted!,2024-01-24 00:10:41
rev_00735,ord_002035,3,Decent performance for the price. Does the job as expected.,2023-01-03 21:21:42
rev_00736,ord_001747,3,Decent performance for the price. Does the job as expected.,2024-02-24 20:32:47
rev_00737,ord_000796,5,"Outstanding build quality, exactly as described! Exceeded my expectations.",2023-04-01 17:13:59
rev_00738,ord_000160,4,"Outstanding build quality, exactly as described! Exceeded my expectations.",2024-06-16 12:14:58
rev_00739,ord_001184,4,Very satisfied with this purchase. Customer service was also very helpful.,2023-11-09 17:31:11
rev_00740,ord_003204,4,"Outstanding build quality, exactly as described! Exceeded my expectations.",2023-04-28 14:15:55
rev_00741,ord_001375,5,Five stars! The design and finish are top-tier. Will definitely order again.,2024-01-08 19:45:58
rev_00742,ord_001399,3,Decent performance for the price. Does the job as expected.,2024-05-15 16:04:57
rev_00743,ord_001275,4,Very satisfied with this purchase. Customer service was also very helpful.,2024-05-24 03:29:08
rev_00744,ord_002410,5,Very satisfied with this purchase. Customer service was also very helpful.,2024-03-15 17:19:22
rev_00745,ord_000230,4,"Super fast shipping, works flawlessly out of the box. Highly recommend!",2024-06-26 14:29:40
rev_00746,ord_001040,5,Packaging was secure and arrived ahead of schedule. Exactly what I wanted!,2023-04-07 19:40:27
rev_00747,ord_000546,5,Great value for money. Fits my needs perfectly and feels very premium.,2023-08-05 12:15:29
rev_00748,ord_000554,4,"Outstanding build quality, exactly as described! Exceeded my expectations.",2024-01-21 19:26:50
rev_00749,ord_001192,5,Five stars! The design and finish are top-tier. Will definitely order again.,2023-03-25 06:54:26
rev_00750,ord_002645,3,Decent performance for the price. Does the job as expected.,2024-04-11 07:08:52
rev_00751,ord_001282,3,"Packaging could be improved, but the item itself works fine.",2024-05-27 20:47:43
rev_00752,ord_000149,4,"Outstanding build quality, exactly as described! Exceeded my expectations.",2024-03-08 06:51:57
rev_00753,ord_002868,5,Very satisfied with this purchase. Customer service was also very helpful.,2023-02-25 18:48:08
rev_00754,ord_001106,4,"Outstanding build quality, exactly as described! Exceeded my expectations.",2024-01-06 14:11:53
rev_00755,ord_002217,5,Very satisfied with this purchase. Customer service was also very helpful.,2023-08-15 14:53:11
rev_00756,ord_000444,5,Five stars! The design and finish are top-tier. Will definitely order again.,2023-10-28 17:17:51
rev_00757,ord_002664,5,"Super fast shipping, works flawlessly out of the box. Highly recommend!",2023-01-26 14:54:01
rev_00758,ord_002208,5,Great value for money. Fits my needs perfectly and feels very premium.,2023-05-14 10:17:39
rev_00759,ord_001463,5,"Super fast shipping, works flawlessly out of the box. Highly recommend!",2023-01-04 06:12:38
rev_00760,ord_001941,5,"Outstanding build quality, exactly as described! Exceeded my expectations.",2023-06-09 20:47:40
rev_00761,ord_002696,3,"Packaging could be improved, but the item itself works fine.",2023-03-25 22:21:35
rev_00762,ord_000140,3,"Packaging could be improved, but the item itself works fine.",2024-05-20 13:05:53
rev_00763,ord_003178,5,Packaging was secure and arrived ahead of schedule. Exactly what I wanted!,2023-09-16 04:05:28
rev_00764,ord_000542,5,Packaging was secure and arrived ahead of schedule. Exactly what I wanted!,2023-05-06 22:16:40
rev_00765,ord_002710,5,"Super fast shipping, works flawlessly out of the box. Highly recommend!",2023-12-08 09:59:46
rev_00766,ord_003001,4,Five stars! The design and finish are top-tier. Will definitely order again.,2023-06-10 23:08:09
rev_00767,ord_000685,5,Great value for money. Fits my needs perfectly and feels very premium.,2023-03-27 15:38:00
rev_00768,ord_000858,5,Great value for money. Fits my needs perfectly and feels very premium.,2023-04-19 10:01:54
rev_00769,ord_003371,5,Five stars! The design and finish are top-tier. Will definitely order again.,2024-04-25 13:13:22
rev_00770,ord_003485,5,Very satisfied with this purchase. Customer service was also very helpful.,2023-05-15 16:02:26
rev_00771,ord_002121,4,"Outstanding build quality, exactly as described! Exceeded my expectations.",2023-03-20 18:20:17
rev_00772,ord_000984,4,"Outstanding build quality, exactly as described! Exceeded my expectations.",2023-07-12 13:23:12
rev_00773,ord_001851,4,Great value for money. Fits my needs perfectly and feels very premium.,2023-02-27 22:48:10
rev_00774,ord_001758,4,"Super fast shipping, works flawlessly out of the box. Highly recommend!",2023-05-02 05:06:27
rev_00775,ord_002092,5,Five stars! The design and finish are top-tier. Will definitely order again.,2023-11-03 04:44:33
rev_00776,ord_001271,3,"Good product overall, though delivery was delayed by a couple of days.",2024-06-05 11:30:32
rev_00777,ord_002848,5,Packaging was secure and arrived ahead of schedule. Exactly what I wanted!,2024-05-07 13:28:27
rev_00778,ord_001520,4,"Super fast shipping, works flawlessly out of the box. Highly recommend!",2023-06-27 22:15:22
rev_00779,ord_000315,5,"Super fast shipping, works flawlessly out of the box. Highly recommend!",2024-01-02 02:42:58
rev_00780,ord_000878,5,Great value for money. Fits my needs perfectly and feels very premium.,2024-04-07 09:27:25
rev_00781,ord_001883,3,"Good product overall, though delivery was delayed by a couple of days.",2024-01-22 03:34:11
rev_00782,ord_002524,5,Great value for money. Fits my needs perfectly and feels very premium.,2023-01-18 15:28:24
rev_00783,ord_001479,4,"Super fast shipping, works flawlessly out of the box. Highly recommend!",2024-05-01 21:49:21
rev_00784,ord_000122,4,Very satisfied with this purchase. Customer service was also very helpful.,2023-03-01 12:21:04
rev_00785,ord_002397,5,Great value for money. Fits my needs perfectly and feels very premium.,2024-06-20 17:26:03
rev_00786,ord_000811,4,"Super fast shipping, works flawlessly out of the box. Highly recommend!",2024-01-13 06:40:28
rev_00787,ord_002232,5,Five stars! The design and finish are top-tier. Will definitely order again.,2023-08-23 23:42:53
rev_00788,ord_001128,3,Decent performance for the price. Does the job as expected.,2023-10-12 12:19:03
rev_00789,ord_000902,5,"Outstanding build quality, exactly as described! Exceeded my expectations.",2023-06-06 00:04:30
rev_00790,ord_001974,3,"Good product overall, though delivery was delayed by a couple of days.",2023-04-03 10:59:52
rev_00791,ord_001341,3,"Good product overall, though delivery was delayed by a couple of days.",2023-09-29 06:09:06
rev_00792,ord_001251,5,Packaging was secure and arrived ahead of schedule. Exactly what I wanted!,2023-04-29 04:13:32
rev_00793,ord_003470,4,Packaging was secure and arrived ahead of schedule. Exactly what I wanted!,2023-09-03 00:32:10
rev_00794,ord_002285,5,Packaging was secure and arrived ahead of schedule. Exactly what I wanted!,2023-01-02 12:47:03
rev_00795,ord_001400,5,Very satisfied with this purchase. Customer service was also very helpful.,2023-11-04 09:27:36
rev_00796,ord_000643,5,"Super fast shipping, works flawlessly out of the box. Highly recommend!",2023-11-16 01:26:55
rev_00797,ord_000331,4,Very satisfied with this purchase. Customer service was also very helpful.,2023-07-01 07:33:03
rev_00798,ord_000431,4,"Super fast shipping, works flawlessly out of the box. Highly recommend!",2023-04-25 09:10:31
rev_00799,ord_001248,3,"Good product overall, though delivery was delayed by a couple of days.",2023-03-08 03:02:37
rev_00800,ord_000442,4,Five stars! The design and finish are top-tier. Will definitely order again.,2023-06-18 23:20:59
rev_00801,ord_003480,5,Great value for money. Fits my needs perfectly and feels very premium.,2023-04-13 09:45:13
rev_00802,ord_000756,4,Great value for money. Fits my needs perfectly and feels very premium.,2023-05-11 12:44:00
rev_00803,ord_003499,4,Five stars! The design and finish are top-tier. Will definitely order again.,2023-12-22 12:37:05
rev_00804,ord_001460,4,Great value for money. Fits my needs perfectly and feels very premium.,2024-03-10 05:24:24
rev_00805,ord_003218,3,Decent performance for the price. Does the job as expected.,2023-01-08 04:16:58
rev_00806,ord_002740,5,Packaging was secure and arrived ahead of schedule. Exactly what I wanted!,2023-02-20 05:01:43
rev_00807,ord_001862,4,Five stars! The design and finish are top-tier. Will definitely order again.,2023-03-12 07:20:04
rev_00808,ord_000636,3,"Good product overall, though delivery was delayed by a couple of days.",2023-09-26 15:21:54
rev_00809,ord_001241,5,"Outstanding build quality, exactly as described! Exceeded my expectations.",2023-01-13 12:44:21
rev_00810,ord_001596,4,"Super fast shipping, works flawlessly out of the box. Highly recommend!",2023-02-07 15:53:30
rev_00811,ord_002053,5,"Super fast shipping, works flawlessly out of the box. Highly recommend!",2023-04-29 13:55:53
rev_00812,ord_000759,3,"Packaging could be improved, but the item itself works fine.",2024-04-05 15:45:25
rev_00813,ord_001665,5,"Outstanding build quality, exactly as described! Exceeded my expectations.",2023-07-13 21:52:55
rev_00814,ord_001813,5,Packaging was secure and arrived ahead of schedule. Exactly what I wanted!,2024-02-22 20:16:19
rev_00815,ord_000592,5,Very satisfied with this purchase. Customer service was also very helpful.,2023-07-09 16:40:15
rev_00816,ord_001321,5,Packaging was secure and arrived ahead of schedule. Exactly what I wanted!,2024-06-08 21:55:55
rev_00817,ord_000047,3,Decent performance for the price. Does the job as expected.,2024-05-08 11:37:49
rev_00818,ord_001634,4,"Super fast shipping, works flawlessly out of the box. Highly recommend!",2024-03-22 13:48:05
rev_00819,ord_003118,3,"Packaging could be improved, but the item itself works fine.",2024-03-03 16:02:09
rev_00820,ord_000490,4,Very satisfied with this purchase. Customer service was also very helpful.,2024-03-24 04:05:53
rev_00821,ord_001603,4,"Super fast shipping, works flawlessly out of the box. Highly recommend!",2023-06-20 05:16:32
rev_00822,ord_002730,4,"Super fast shipping, works flawlessly out of the box. Highly recommend!",2023-05-12 07:50:44
rev_00823,ord_001376,5,Very satisfied with this purchase. Customer service was also very helpful.,2023-05-19 02:20:41
rev_00824,ord_003425,5,"Super fast shipping, works flawlessly out of the box. Highly recommend!",2023-07-16 16:49:15
rev_00825,ord_003497,5,Five stars! The design and finish are top-tier. Will definitely order again.,2024-06-12 15:27:22
rev_00826,ord_001169,5,"Outstanding build quality, exactly as described! Exceeded my expectations.",2023-01-31 06:18:29
rev_00827,ord_001365,3,Decent performance for the price. Does the job as expected.,2024-05-02 10:15:00
rev_00828,ord_003159,5,Packaging was secure and arrived ahead of schedule. Exactly what I wanted!,2023-04-10 11:43:15
rev_00829,ord_001308,4,Five stars! The design and finish are top-tier. Will definitely order again.,2024-05-20 04:58:23
rev_00830,ord_000650,5,Very satisfied with this purchase. Customer service was also very helpful.,2024-05-15 21:29:07
rev_00831,ord_000967,5,Very satisfied with this purchase. Customer service was also very helpful.,2024-01-17 00:08:44
rev_00832,ord_000458,5,Five stars! The design and finish are top-tier. Will definitely order again.,2024-02-24 11:54:44
rev_00833,ord_001712,4,Five stars! The design and finish are top-tier. Will definitely order again.,2023-04-04 11:16:23
rev_00834,ord_000152,5,"Outstanding build quality, exactly as described! Exceeded my expectations.",2023-07-30 12:02:41
rev_00835,ord_002420,3,"Good product overall, though delivery was delayed by a couple of days.",2023-05-11 10:05:26
rev_00836,ord_000210,5,Great value for money. Fits my needs perfectly and feels very premium.,2024-01-26 04:32:51
rev_00837,ord_002998,5,"Outstanding build quality, exactly as described! Exceeded my expectations.",2024-05-13 22:20:02
rev_00838,ord_001183,5,"Outstanding build quality, exactly as described! Exceeded my expectations.",2023-07-16 23:58:17
rev_00839,ord_000945,5,Great value for money. Fits my needs perfectly and feels very premium.,2023-06-14 02:01:53
rev_00840,ord_001394,3,"Packaging could be improved, but the item itself works fine.",2024-06-12 13:45:10
rev_00841,ord_001771,5,"Super fast shipping, works flawlessly out of the box. Highly recommend!",2024-05-13 08:35:39
rev_00842,ord_000169,4,Great value for money. Fits my needs perfectly and feels very premium.,2023-02-12 03:32:37
rev_00843,ord_002433,5,Five stars! The design and finish are top-tier. Will definitely order again.,2023-06-14 22:06:26
rev_00844,ord_000571,5,"Outstanding build quality, exactly as described! Exceeded my expectations.",2023-09-05 00:16:14
rev_00845,ord_001721,5,Packaging was secure and arrived ahead of schedule. Exactly what I wanted!,2024-05-22 01:11:27
rev_00846,ord_002489,4,Great value for money. Fits my needs perfectly and feels very premium.,2023-06-18 03:36:39
rev_00847,ord_003091,4,"Outstanding build quality, exactly as described! Exceeded my expectations.",2024-02-27 05:34:44
rev_00848,ord_000889,5,Packaging was secure and arrived ahead of schedule. Exactly what I wanted!,2023-09-18 09:46:42
rev_00849,ord_002338,5,"Super fast shipping, works flawlessly out of the box. Highly recommend!",2024-06-04 12:38:17
rev_00850,ord_003498,3,Decent performance for the price. Does the job as expected.,2023-10-26 04:06:51
rev_00851,ord_000328,5,"Super fast shipping, works flawlessly out of the box. Highly recommend!",2023-11-01 14:07:37
rev_00852,ord_003091,5,"Outstanding build quality, exactly as described! Exceeded my expectations.",2024-02-27 05:34:44
rev_00853,ord_000457,5,"Outstanding build quality, exactly as described! Exceeded my expectations.",2024-06-28 07:39:03
rev_00854,ord_001934,4,Great value for money. Fits my needs perfectly and feels very premium.,2023-05-31 14:32:33
rev_00855,ord_001040,3,"Good product overall, though delivery was delayed by a couple of days.",2023-04-07 19:40:27
rev_00856,ord_002328,4,Very satisfied with this purchase. Customer service was also very helpful.,2023-03-12 23:57:37
rev_00857,ord_001320,3,Decent performance for the price. Does the job as expected.,2023-11-03 20:24:14
rev_00858,ord_000584,5,Five stars! The design and finish are top-tier. Will definitely order again.,2024-05-27 21:53:14
rev_00859,ord_001499,5,"Outstanding build quality, exactly as described! Exceeded my expectations.",2024-06-06 11:17:34
rev_00860,ord_000871,4,"Outstanding build quality, exactly as described! Exceeded my expectations.",2024-05-17 11:52:08
rev_00861,ord_000854,4,"Super fast shipping, works flawlessly out of the box. Highly recommend!",2023-10-10 11:44:07
rev_00862,ord_001389,5,Very satisfied with this purchase. Customer service was also very helpful.,2024-06-08 17:35:00
rev_00863,ord_003095,3,"Good product overall, though delivery was delayed by a couple of days.",2023-11-23 03:11:41
rev_00864,ord_001910,5,"Super fast shipping, works flawlessly out of the box. Highly recommend!",2023-02-24 10:43:57
rev_00865,ord_000782,4,Packaging was secure and arrived ahead of schedule. Exactly what I wanted!,2024-06-15 17:22:03
rev_00866,ord_001969,5,"Super fast shipping, works flawlessly out of the box. Highly recommend!",2023-10-20 18:09:49
rev_00867,ord_001589,3,"Good product overall, though delivery was delayed by a couple of days.",2023-01-08 08:03:15
rev_00868,ord_000542,3,Decent performance for the price. Does the job as expected.,2023-05-06 22:16:40
rev_00869,ord_000692,5,"Outstanding build quality, exactly as described! Exceeded my expectations.",2023-05-30 10:15:15
rev_00870,ord_000638,3,"Packaging could be improved, but the item itself works fine.",2023-09-13 02:01:20
rev_00871,ord_001307,5,"Outstanding build quality, exactly as described! Exceeded my expectations.",2023-10-17 20:31:44
rev_00872,ord_002919,3,"Good product overall, though delivery was delayed by a couple of days.",2023-07-26 00:19:04
rev_00873,ord_000951,4,"Outstanding build quality, exactly as described! Exceeded my expectations.",2023-03-30 17:01:15
rev_00874,ord_002364,5,Five stars! The design and finish are top-tier. Will definitely order again.,2023-07-30 18:40:31
rev_00875,ord_002196,3,Decent performance for the price. Does the job as expected.,2024-01-13 18:45:03
rev_00876,ord_000599,4,"Outstanding build quality, exactly as described! Exceeded my expectations.",2023-12-28 09:48:48
rev_00877,ord_003192,5,Five stars! The design and finish are top-tier. Will definitely order again.,2023-03-17 17:50:58
rev_00878,ord_001143,5,"Super fast shipping, works flawlessly out of the box. Highly recommend!",2023-05-23 15:33:54
rev_00879,ord_001576,5,Very satisfied with this purchase. Customer service was also very helpful.,2024-01-21 08:52:05
rev_00880,ord_001605,5,Packaging was secure and arrived ahead of schedule. Exactly what I wanted!,2023-02-01 06:33:57
rev_00881,ord_002321,4,Packaging was secure and arrived ahead of schedule. Exactly what I wanted!,2023-12-03 00:18:57
rev_00882,ord_003456,4,"Super fast shipping, works flawlessly out of the box. Highly recommend!",2023-11-24 17:28:12
rev_00883,ord_001485,4,Five stars! The design and finish are top-tier. Will definitely order again.,2024-03-05 19:15:42
rev_00884,ord_002477,5,Great value for money. Fits my needs perfectly and feels very premium.,2023-08-11 03:42:53
rev_00885,ord_000517,4,Packaging was secure and arrived ahead of schedule. Exactly what I wanted!,2023-03-02 15:15:04
rev_00886,ord_002667,5,Great value for money. Fits my needs perfectly and feels very premium.,2024-04-18 14:15:28
rev_00887,ord_001730,4,"Outstanding build quality, exactly as described! Exceeded my expectations.",2024-06-09 03:21:30
rev_00888,ord_002667,5,"Super fast shipping, works flawlessly out of the box. Highly recommend!",2024-04-18 14:15:28
rev_00889,ord_002670,5,Very satisfied with this purchase. Customer service was also very helpful.,2024-01-02 22:50:14
rev_00890,ord_002484,4,Five stars! The design and finish are top-tier. Will definitely order again.,2023-04-26 01:40:54
rev_00891,ord_000282,4,Packaging was secure and arrived ahead of schedule. Exactly what I wanted!,2023-01-04 09:07:43
rev_00892,ord_002014,5,"Super fast shipping, works flawlessly out of the box. Highly recommend!",2023-09-28 06:13:16
rev_00893,ord_002695,4,"Outstanding build quality, exactly as described! Exceeded my expectations.",2023-01-26 13:51:40
rev_00894,ord_001383,5,"Outstanding build quality, exactly as described! Exceeded my expectations.",2024-02-27 22:03:25
rev_00895,ord_000543,4,Very satisfied with this purchase. Customer service was also very helpful.,2023-06-17 13:14:52
rev_00896,ord_002872,5,Five stars! The design and finish are top-tier. Will definitely order again.,2024-05-08 12:42:15
rev_00897,ord_000378,5,"Super fast shipping, works flawlessly out of the box. Highly recommend!",2024-04-02 17:33:39
rev_00898,ord_003110,5,"Outstanding build quality, exactly as described! Exceeded my expectations.",2024-01-02 00:41:32
rev_00899,ord_001945,5,Very satisfied with this purchase. Customer service was also very helpful.,2024-01-20 20:24:28
rev_00900,ord_000384,5,Great value for money. Fits my needs perfectly and feels very premium.,2024-06-27 12:57:44
rev_00901,ord_001463,5,Five stars! The design and finish are top-tier. Will definitely order again.,2023-01-04 06:12:38
rev_00902,ord_000381,3,"Packaging could be improved, but the item itself works fine.",2023-08-30 04:24:18
rev_00903,ord_001929,4,"Outstanding build quality, exactly as described! Exceeded my expectations.",2023-08-31 12:46:09
rev_00904,ord_002607,5,Packaging was secure and arrived ahead of schedule. Exactly what I wanted!,2024-01-26 20:26:07
rev_00905,ord_001824,4,Packaging was secure and arrived ahead of schedule. Exactly what I wanted!,2024-02-25 22:57:58
rev_00906,ord_003240,3,"Packaging could be improved, but the item itself works fine.",2023-12-17 17:25:19
rev_00907,ord_001973,5,Five stars! The design and finish are top-tier. Will definitely order again.,2023-05-08 14:25:01
rev_00908,ord_002255,4,Packaging was secure and arrived ahead of schedule. Exactly what I wanted!,2024-05-21 08:30:29
rev_00909,ord_000836,5,Five stars! The design and finish are top-tier. Will definitely order again.,2023-12-20 02:56:07
rev_00910,ord_002693,4,"Outstanding build quality, exactly as described! Exceeded my expectations.",2023-05-21 20:38:33
rev_00911,ord_002747,4,Packaging was secure and arrived ahead of schedule. Exactly what I wanted!,2023-08-08 03:56:46
rev_00912,ord_003019,5,Five stars! The design and finish are top-tier. Will definitely order again.,2023-12-11 19:19:23
rev_00913,ord_001096,4,"Super fast shipping, works flawlessly out of the box. Highly recommend!",2023-08-22 03:37:27
rev_00914,ord_000038,3,"Good product overall, though delivery was delayed by a couple of days.",2023-12-29 19:47:59
rev_00915,ord_000313,5,Great value for money. Fits my needs perfectly and feels very premium.,2023-03-08 06:47:15
rev_00916,ord_001737,4,Five stars! The design and finish are top-tier. Will definitely order again.,2024-04-01 05:22:55
rev_00917,ord_002120,5,Five stars! The design and finish are top-tier. Will definitely order again.,2024-05-16 14:17:00
rev_00918,ord_001408,3,"Good product overall, though delivery was delayed by a couple of days.",2024-06-01 19:08:13
rev_00919,ord_001527,4,Five stars! The design and finish are top-tier. Will definitely order again.,2023-08-11 12:35:07
rev_00920,ord_002260,5,"Outstanding build quality, exactly as described! Exceeded my expectations.",2024-04-25 07:50:50
rev_00921,ord_001644,3,Decent performance for the price. Does the job as expected.,2024-05-18 08:49:56
rev_00922,ord_003184,3,"Packaging could be improved, but the item itself works fine.",2023-06-30 02:42:52
rev_00923,ord_001053,5,Packaging was secure and arrived ahead of schedule. Exactly what I wanted!,2023-04-06 06:12:27
rev_00924,ord_001675,5,Very satisfied with this purchase. Customer service was also very helpful.,2024-05-18 05:26:10
rev_00925,ord_002323,4,Five stars! The design and finish are top-tier. Will definitely order again.,2024-02-10 09:08:15
rev_00926,ord_001398,5,Packaging was secure and arrived ahead of schedule. Exactly what I wanted!,2023-11-27 09:46:56
rev_00927,ord_000494,5,Great value for money. Fits my needs perfectly and feels very premium.,2023-08-22 14:57:58
rev_00928,ord_003168,5,"Outstanding build quality, exactly as described! Exceeded my expectations.",2024-01-29 13:03:23
rev_00929,ord_000446,5,Five stars! The design and finish are top-tier. Will definitely order again.,2023-06-23 12:01:01
rev_00930,ord_001250,5,Packaging was secure and arrived ahead of schedule. Exactly what I wanted!,2023-07-23 17:22:51
rev_00931,ord_002512,4,Five stars! The design and finish are top-tier. Will definitely order again.,2023-08-04 12:01:12
rev_00932,ord_003191,5,Packaging was secure and arrived ahead of schedule. Exactly what I wanted!,2023-06-11 01:51:15
rev_00933,ord_002869,4,"Outstanding build quality, exactly as described! Exceeded my expectations.",2024-04-24 21:52:23
rev_00934,ord_002234,3,"Packaging could be improved, but the item itself works fine.",2023-12-17 02:36:41
rev_00935,ord_002774,5,Packaging was secure and arrived ahead of schedule. Exactly what I wanted!,2024-01-12 16:59:05
rev_00936,ord_000188,4,"Outstanding build quality, exactly as described! Exceeded my expectations.",2023-07-14 05:19:02
rev_00937,ord_000097,4,"Outstanding build quality, exactly as described! Exceeded my expectations.",2023-09-01 18:55:22
rev_00938,ord_002266,4,"Super fast shipping, works flawlessly out of the box. Highly recommend!",2023-03-17 17:15:19
rev_00939,ord_001141,5,Packaging was secure and arrived ahead of schedule. Exactly what I wanted!,2023-11-28 13:13:51
rev_00940,ord_000907,5,Five stars! The design and finish are top-tier. Will definitely order again.,2024-02-01 21:59:43
rev_00941,ord_000359,3,"Good product overall, though delivery was delayed by a couple of days.",2024-02-02 13:04:19
rev_00942,ord_003309,3,"Good product overall, though delivery was delayed by a couple of days.",2023-10-22 12:49:18
rev_00943,ord_003384,5,"Outstanding build quality, exactly as described! Exceeded my expectations.",2024-04-08 12:08:03
rev_00944,ord_001353,3,"Good product overall, though delivery was delayed by a couple of days.",2023-06-05 18:18:13
rev_00945,ord_001426,5,"Super fast shipping, works flawlessly out of the box. Highly recommend!",2023-12-28 12:41:25
rev_00946,ord_000660,4,"Super fast shipping, works flawlessly out of the box. Highly recommend!",2023-07-04 07:38:48
rev_00947,ord_001883,5,"Outstanding build quality, exactly as described! Exceeded my expectations.",2024-01-22 03:34:11
rev_00948,ord_001926,5,Very satisfied with this purchase. Customer service was also very helpful.,2023-05-09 09:33:13
rev_00949,ord_002466,5,Very satisfied with this purchase. Customer service was also very helpful.,2024-02-24 07:49:58
rev_00950,ord_000169,3,"Packaging could be improved, but the item itself works fine.",2023-02-12 03:32:37
rev_00951,ord_002729,3,Decent performance for the price. Does the job as expected.,2023-10-24 09:52:25
rev_00952,ord_001086,4,Packaging was secure and arrived ahead of schedule. Exactly what I wanted!,2023-08-04 04:45:22
rev_00953,ord_002363,4,"Outstanding build quality, exactly as described! Exceeded my expectations.",2023-12-28 13:17:26
rev_00954,ord_002189,5,Five stars! The design and finish are top-tier. Will definitely order again.,2023-11-17 02:58:54
rev_00955,ord_001652,5,Packaging was secure and arrived ahead of schedule. Exactly what I wanted!,2023-04-24 19:38:52
rev_00956,ord_000848,5,Five stars! The design and finish are top-tier. Will definitely order again.,2023-06-25 07:05:06
rev_00957,ord_003241,5,Packaging was secure and arrived ahead of schedule. Exactly what I wanted!,2023-12-05 09:57:53
rev_00958,ord_003425,4,Great value for money. Fits my needs perfectly and feels very premium.,2023-07-16 16:49:15
rev_00959,ord_001288,5,Five stars! The design and finish are top-tier. Will definitely order again.,2024-01-28 18:24:18
rev_00960,ord_003149,3,"Packaging could be improved, but the item itself works fine.",2023-02-14 17:33:25
rev_00961,ord_001762,5,Five stars! The design and finish are top-tier. Will definitely order again.,2023-03-13 16:38:06
rev_00962,ord_001883,4,Five stars! The design and finish are top-tier. Will definitely order again.,2024-01-22 03:34:11
rev_00963,ord_001486,5,"Super fast shipping, works flawlessly out of the box. Highly recommend!",2023-12-23 22:53:20
rev_00964,ord_002770,3,"Packaging could be improved, but the item itself works fine.",2024-01-15 05:54:57
rev_00965,ord_000139,5,Five stars! The design and finish are top-tier. Will definitely order again.,2023-06-24 23:47:23
rev_00966,ord_000368,4,Great value for money. Fits my needs perfectly and feels very premium.,2023-07-26 05:09:28
rev_00967,ord_003110,4,"Super fast shipping, works flawlessly out of the box. Highly recommend!",2024-01-02 00:41:32
rev_00968,ord_000850,5,"Super fast shipping, works flawlessly out of the box. Highly recommend!",2023-05-16 02:17:21
rev_00969,ord_000287,4,"Outstanding build quality, exactly as described! Exceeded my expectations.",2024-05-20 08:12:12
rev_00970,ord_000563,5,Great value for money. Fits my needs perfectly and feels very premium.,2023-04-24 15:45:07
rev_00971,ord_000629,5,Five stars! The design and finish are top-tier. Will definitely order again.,2023-09-03 18:22:31
rev_00972,ord_002817,4,"Super fast shipping, works flawlessly out of the box. Highly recommend!",2023-01-16 09:44:29
rev_00973,ord_003031,4,"Super fast shipping, works flawlessly out of the box. Highly recommend!",2023-11-07 15:02:52
rev_00974,ord_000240,4,Very satisfied with this purchase. Customer service was also very helpful.,2023-12-16 17:49:27
rev_00975,ord_002568,5,Very satisfied with this purchase. Customer service was also very helpful.,2023-01-31 21:04:34
rev_00976,ord_003091,5,Great value for money. Fits my needs perfectly and feels very premium.,2024-02-27 05:34:44
rev_00977,ord_001233,5,Great value for money. Fits my needs perfectly and feels very premium.,2024-04-24 04:00:36
rev_00978,ord_000052,3,"Packaging could be improved, but the item itself works fine.",2023-09-01 06:58:39
rev_00979,ord_003246,3,Decent performance for the price. Does the job as expected.,2024-04-07 10:56:13
rev_00980,ord_001291,4,Very satisfied with this purchase. Customer service was also very helpful.,2023-06-01 12:22:27
rev_00981,ord_003207,5,Five stars! The design and finish are top-tier. Will definitely order again.,2023-08-29 17:51:42
rev_00982,ord_000106,4,"Outstanding build quality, exactly as described! Exceeded my expectations.",2024-02-22 16:31:44
rev_00983,ord_002034,4,"Super fast shipping, works flawlessly out of the box. Highly recommend!",2023-07-01 16:56:15
rev_00984,ord_002286,4,Five stars! The design and finish are top-tier. Will definitely order again.,2023-04-21 02:19:34
rev_00985,ord_001183,5,Very satisfied with this purchase. Customer service was also very helpful.,2023-07-16 23:58:17
rev_00986,ord_001288,3,"Good product overall, though delivery was delayed by a couple of days.",2024-01-28 18:24:18
rev_00987,ord_002376,5,Very satisfied with this purchase. Customer service was also very helpful.,2023-08-18 01:48:34
rev_00988,ord_000572,4,Packaging was secure and arrived ahead of schedule. Exactly what I wanted!,2023-12-02 07:07:16
rev_00989,ord_001639,5,Five stars! The design and finish are top-tier. Will definitely order again.,2023-07-16 01:24:36
rev_00990,ord_002042,5,"Super fast shipping, works flawlessly out of the box. Highly recommend!",2024-01-30 08:33:20
rev_00991,ord_002002,5,Great value for money. Fits my needs perfectly and feels very premium.,2023-12-23 09:45:28
rev_00992,ord_001177,3,"Good product overall, though delivery was delayed by a couple of days.",2023-04-03 22:34:54
rev_00993,ord_001783,3,Decent performance for the price. Does the job as expected.,2024-05-01 20:45:20
rev_00994,ord_003451,5,"Super fast shipping, works flawlessly out of the box. Highly recommend!",2023-05-22 14:01:27
rev_00995,ord_002731,3,"Good product overall, though delivery was delayed by a couple of days.",2024-01-02 02:45:33
rev_00996,ord_002189,5,"Outstanding build quality, exactly as described! Exceeded my expectations.",2023-11-17 02:58:54
rev_00997,ord_002432,5,"Super fast shipping, works flawlessly out of the box. Highly recommend!",2024-06-06 02:31:51
rev_00998,ord_000064,4,Five stars! The design and finish are top-tier. Will definitely order again.,2024-03-12 08:08:32
rev_00999,ord_002617,5,"Super fast shipping, works flawlessly out of the box. Highly recommend!",2024-03-29 21:39:12
rev_01000,ord_003451,5,"Super fast shipping, works flawlessly out of the box. Highly recommend!",2023-05-22 14:01:27
rev_01001,ord_003078,5,"Super fast shipping, works flawlessly out of the box. Highly recommend!",2023-12-05 20:13:18
rev_01002,ord_002139,5,Packaging was secure and arrived ahead of schedule. Exactly what I wanted!,2024-03-10 08:10:10
rev_01003,ord_002767,5,Packaging was secure and arrived ahead of schedule. Exactly what I wanted!,2024-02-25 05:03:24
rev_01004,ord_001729,4,"Super fast shipping, works flawlessly out of the box. Highly recommend!",2023-10-30 06:08:30
rev_01005,ord_000409,4,Packaging was secure and arrived ahead of schedule. Exactly what I wanted!,2024-01-30 22:45:19
rev_01006,ord_001242,4,Great value for money. Fits my needs perfectly and feels very premium.,2023-10-15 13:11:03
rev_01007,ord_001225,5,Packaging was secure and arrived ahead of schedule. Exactly what I wanted!,2023-11-02 22:44:50
rev_01008,ord_000372,4,"Outstanding build quality, exactly as described! Exceeded my expectations.",2023-09-22 09:01:08
rev_01009,ord_001612,5,Five stars! The design and finish are top-tier. Will definitely order again.,2023-11-20 02:43:10
rev_01010,ord_000131,4,"Super fast shipping, works flawlessly out of the box. Highly recommend!",2024-02-22 23:29:17
rev_01011,ord_001125,5,Very satisfied with this purchase. Customer service was also very helpful.,2024-05-04 13:09:11
rev_01012,ord_001220,5,"Super fast shipping, works flawlessly out of the box. Highly recommend!",2023-10-30 02:36:56
rev_01013,ord_000206,3,"Packaging could be improved, but the item itself works fine.",2024-01-26 16:35:29
rev_01014,ord_001610,3,"Good product overall, though delivery was delayed by a couple of days.",2023-11-17 23:07:13
rev_01015,ord_000414,4,Great value for money. Fits my needs perfectly and feels very premium.,2024-06-22 02:47:39
rev_01016,ord_000846,5,Packaging was secure and arrived ahead of schedule. Exactly what I wanted!,2023-06-28 14:09:08
rev_01017,ord_000615,4,"Outstanding build quality, exactly as described! Exceeded my expectations.",2023-03-02 14:02:04
rev_01018,ord_002867,3,"Packaging could be improved, but the item itself works fine.",2023-08-25 13:07:31
rev_01019,ord_002621,5,"Outstanding build quality, exactly as described! Exceeded my expectations.",2023-07-25 00:54:18
rev_01020,ord_002257,4,Very satisfied with this purchase. Customer service was also very helpful.,2024-05-03 16:30:17
rev_01021,ord_002841,5,Great value for money. Fits my needs perfectly and feels very premium.,2024-05-28 13:19:14
rev_01022,ord_001965,4,Great value for money. Fits my needs perfectly and feels very premium.,2023-04-16 19:58:50
rev_01023,ord_002826,5,Very satisfied with this purchase. Customer service was also very helpful.,2023-01-20 03:26:41
rev_01024,ord_003370,4,"Outstanding build quality, exactly as described! Exceeded my expectations.",2024-04-01 13:05:33
rev_01025,ord_000111,5,"Super fast shipping, works flawlessly out of the box. Highly recommend!",2023-07-27 03:36:17
rev_01026,ord_000866,5,Five stars! The design and finish are top-tier. Will definitely order again.,2023-09-19 13:15:57
rev_01027,ord_002441,5,Very satisfied with this purchase. Customer service was also very helpful.,2024-04-07 21:38:25
rev_01028,ord_001258,5,Five stars! The design and finish are top-tier. Will definitely order again.,2023-03-19 19:24:53
rev_01029,ord_002749,5,Great value for money. Fits my needs perfectly and feels very premium.,2024-01-19 04:21:58
rev_01030,ord_000598,5,"Super fast shipping, works flawlessly out of the box. Highly recommend!",2023-10-24 22:50:57
rev_01031,ord_001370,5,Great value for money. Fits my needs perfectly and feels very premium.,2023-11-15 10:11:54
rev_01032,ord_001020,5,"Super fast shipping, works flawlessly out of the box. Highly recommend!",2024-05-06 16:54:36
rev_01033,ord_000822,5,Very satisfied with this purchase. Customer service was also very helpful.,2023-11-03 15:55:05
rev_01034,ord_001182,4,Great value for money. Fits my needs perfectly and feels very premium.,2023-02-26 01:46:15
rev_01035,ord_003169,3,Decent performance for the price. Does the job as expected.,2023-10-12 11:58:09
rev_01036,ord_000912,5,Five stars! The design and finish are top-tier. Will definitely order again.,2023-08-07 16:34:46
rev_01037,ord_001165,5,"Super fast shipping, works flawlessly out of the box. Highly recommend!",2024-04-22 06:33:06
rev_01038,ord_000932,4,Great value for money. Fits my needs perfectly and feels very premium.,2024-02-14 19:01:40
rev_01039,ord_001378,5,Packaging was secure and arrived ahead of schedule. Exactly what I wanted!,2023-05-14 10:34:40
rev_01040,ord_000268,5,Packaging was secure and arrived ahead of schedule. Exactly what I wanted!,2023-02-20 00:59:17
rev_01041,ord_002824,4,Very satisfied with this purchase. Customer service was also very helpful.,2024-01-09 10:38:52
rev_01042,ord_001074,5,Great value for money. Fits my needs perfectly and feels very premium.,2023-12-10 19:38:37
rev_01043,ord_003410,3,Decent performance for the price. Does the job as expected.,2023-01-06 04:57:32
rev_01044,ord_000359,4,"Outstanding build quality, exactly as described! Exceeded my expectations.",2024-02-02 13:04:19
rev_01045,ord_001709,4,Five stars! The design and finish are top-tier. Will definitely order again.,2024-03-23 21:29:34
rev_01046,ord_001843,5,"Super fast shipping, works flawlessly out of the box. Highly recommend!",2023-05-12 23:19:41
rev_01047,ord_002379,4,Very satisfied with this purchase. Customer service was also very helpful.,2023-03-15 19:55:40
rev_01048,ord_001606,5,Great value for money. Fits my needs perfectly and feels very premium.,2023-08-30 06:59:52
rev_01049,ord_001242,5,Five stars! The design and finish are top-tier. Will definitely order again.,2023-10-15 13:11:03
rev_01050,ord_001729,5,Five stars! The design and finish are top-tier. Will definitely order again.,2023-10-30 06:08:30
rev_01051,ord_001499,5,"Outstanding build quality, exactly as described! Exceeded my expectations.",2024-06-06 11:17:34
rev_01052,ord_000850,5,Five stars! The design and finish are top-tier. Will definitely order again.,2023-05-16 02:17:21
rev_01053,ord_001321,5,Packaging was secure and arrived ahead of schedule. Exactly what I wanted!,2024-06-08 21:55:55
rev_01054,ord_001740,5,"Super fast shipping, works flawlessly out of the box. Highly recommend!",2023-06-18 15:24:03
rev_01055,ord_001789,5,Packaging was secure and arrived ahead of schedule. Exactly what I wanted!,2023-05-11 04:34:03
rev_01056,ord_002751,5,"Outstanding build quality, exactly as described! Exceeded my expectations.",2023-12-26 10:21:27
rev_01057,ord_001683,5,Very satisfied with this purchase. Customer service was also very helpful.,2023-06-09 12:26:39
rev_01058,ord_003130,3,Decent performance for the price. Does the job as expected.,2023-08-11 09:50:18
rev_01059,ord_000868,5,Five stars! The design and finish are top-tier. Will definitely order again.,2023-02-05 13:09:15
rev_01060,ord_000689,4,Very satisfied with this purchase. Customer service was also very helpful.,2024-06-10 04:52:23
rev_01061,ord_002928,5,"Super fast shipping, works flawlessly out of the box. Highly recommend!",2024-01-06 00:27:33
rev_01062,ord_000269,4,"Outstanding build quality, exactly as described! Exceeded my expectations.",2023-10-24 01:00:36
rev_01063,ord_003348,4,"Outstanding build quality, exactly as described! Exceeded my expectations.",2024-01-11 00:59:45
rev_01064,ord_000806,4,Five stars! The design and finish are top-tier. Will definitely order again.,2023-11-11 14:47:55
rev_01065,ord_002674,5,"Super fast shipping, works flawlessly out of the box. Highly recommend!",2024-01-09 22:15:25
rev_01066,ord_001156,5,"Super fast shipping, works flawlessly out of the box. Highly recommend!",2023-12-21 21:50:38
rev_01067,ord_000976,5,"Outstanding build quality, exactly as described! Exceeded my expectations.",2023-12-17 10:35:19
rev_01068,ord_000112,5,Five stars! The design and finish are top-tier. Will definitely order again.,2023-11-01 12:51:39
rev_01069,ord_001794,5,Packaging was secure and arrived ahead of schedule. Exactly what I wanted!,2023-12-26 12:43:02
rev_01070,ord_001161,4,"Outstanding build quality, exactly as described! Exceeded my expectations.",2023-11-20 20:08:51
rev_01071,ord_003178,4,"Outstanding build quality, exactly as described! Exceeded my expectations.",2023-09-16 04:05:28
rev_01072,ord_001820,5,"Super fast shipping, works flawlessly out of the box. Highly recommend!",2024-05-10 15:19:18
rev_01073,ord_002129,4,Great value for money. Fits my needs perfectly and feels very premium.,2023-02-12 00:57:33
rev_01074,ord_001131,5,Packaging was secure and arrived ahead of schedule. Exactly what I wanted!,2023-05-19 19:54:39
rev_01075,ord_003144,3,"Good product overall, though delivery was delayed by a couple of days.",2023-10-12 19:48:32
rev_01076,ord_000552,3,"Good product overall, though delivery was delayed by a couple of days.",2024-06-16 14:13:56
rev_01077,ord_003129,4,Five stars! The design and finish are top-tier. Will definitely order again.,2023-08-05 18:57:28
rev_01078,ord_001131,5,Five stars! The design and finish are top-tier. Will definitely order again.,2023-05-19 19:54:39
rev_01079,ord_000113,5,Great value for money. Fits my needs perfectly and feels very premium.,2024-03-31 22:04:32
rev_01080,ord_000835,3,Decent performance for the price. Does the job as expected.,2023-06-24 16:00:04
rev_01081,ord_000563,3,"Packaging could be improved, but the item itself works fine.",2023-04-24 15:45:07
rev_01082,ord_000917,5,Great value for money. Fits my needs perfectly and feels very premium.,2023-11-13 22:57:55
rev_01083,ord_001727,3,Decent performance for the price. Does the job as expected.,2024-06-26 00:37:29
rev_01084,ord_000888,3,Decent performance for the price. Does the job as expected.,2023-03-30 05:04:02
rev_01085,ord_003060,5,"Outstanding build quality, exactly as described! Exceeded my expectations.",2023-07-12 12:00:16
rev_01086,ord_001512,5,Five stars! The design and finish are top-tier. Will definitely order again.,2024-01-03 18:48:31
rev_01087,ord_003042,4,Five stars! The design and finish are top-tier. Will definitely order again.,2023-08-11 23:37:52
rev_01088,ord_002747,5,"Outstanding build quality, exactly as described! Exceeded my expectations.",2023-08-08 03:56:46
rev_01089,ord_001252,3,"Good product overall, though delivery was delayed by a couple of days.",2023-10-10 03:41:52
rev_01090,ord_000439,3,"Packaging could be improved, but the item itself works fine.",2023-05-09 06:59:02
rev_01091,ord_001074,3,"Packaging could be improved, but the item itself works fine.",2023-12-10 19:38:37
rev_01092,ord_001645,4,Great value for money. Fits my needs perfectly and feels very premium.,2024-06-09 13:41:48
rev_01093,ord_001772,4,Packaging was secure and arrived ahead of schedule. Exactly what I wanted!,2023-10-02 06:41:02
rev_01094,ord_001239,4,"Super fast shipping, works flawlessly out of the box. Highly recommend!",2023-07-17 00:55:47
rev_01095,ord_001735,4,"Super fast shipping, works flawlessly out of the box. Highly recommend!",2023-07-07 02:22:08
rev_01096,ord_002735,4,Packaging was secure and arrived ahead of schedule. Exactly what I wanted!,2024-04-16 21:27:32
rev_01097,ord_002943,5,Very satisfied with this purchase. Customer service was also very helpful.,2024-03-26 13:40:39
rev_01098,ord_000237,3,"Good product overall, though delivery was delayed by a couple of days.",2024-05-26 12:12:36
rev_01099,ord_000079,3,Decent performance for the price. Does the job as expected.,2023-04-30 02:48:11
rev_01100,ord_000939,5,Packaging was secure and arrived ahead of schedule. Exactly what I wanted!,2023-06-24 18:22:57
rev_01101,ord_002988,4,Five stars! The design and finish are top-tier. Will definitely order again.,2023-01-14 02:49:39
rev_01102,ord_002431,4,Very satisfied with this purchase. Customer service was also very helpful.,2023-08-08 19:44:00
rev_01103,ord_000291,3,Decent performance for the price. Does the job as expected.,2023-09-08 15:17:57
rev_01104,ord_000802,4,Five stars! The design and finish are top-tier. Will definitely order again.,2023-06-19 04:06:35
rev_01105,ord_000238,5,Great value for money. Fits my needs perfectly and feels very premium.,2023-08-05 08:30:11
rev_01106,ord_001382,5,"Super fast shipping, works flawlessly out of the box. Highly recommend!",2023-01-24 06:22:16
rev_01107,ord_000878,4,Five stars! The design and finish are top-tier. Will definitely order again.,2024-04-07 09:27:25
rev_01108,ord_003230,5,Five stars! The design and finish are top-tier. Will definitely order again.,2023-01-29 09:16:24
rev_01109,ord_003117,5,Very satisfied with this purchase. Customer service was also very helpful.,2024-05-17 05:59:59
rev_01110,ord_001883,4,Great value for money. Fits my needs perfectly and feels very premium.,2024-01-22 03:34:11
rev_01111,ord_001014,5,Five stars! The design and finish are top-tier. Will definitely order again.,2023-10-13 10:24:09
rev_01112,ord_002580,4,Great value for money. Fits my needs perfectly and feels very premium.,2023-02-27 03:25:23
rev_01113,ord_002363,5,Great value for money. Fits my needs perfectly and feels very premium.,2023-12-28 13:17:26
rev_01114,ord_003178,4,"Outstanding build quality, exactly as described! Exceeded my expectations.",2023-09-16 04:05:28
rev_01115,ord_000456,4,Very satisfied with this purchase. Customer service was also very helpful.,2023-08-31 16:22:50
rev_01116,ord_000787,5,Packaging was secure and arrived ahead of schedule. Exactly what I wanted!,2023-09-30 11:08:51
rev_01117,ord_002164,3,"Packaging could be improved, but the item itself works fine.",2023-05-15 17:15:35
rev_01118,ord_000473,5,Packaging was secure and arrived ahead of schedule. Exactly what I wanted!,2024-04-03 10:16:28
rev_01119,ord_000270,4,"Super fast shipping, works flawlessly out of the box. Highly recommend!",2023-06-12 11:32:57
rev_01120,ord_001882,3,"Packaging could be improved, but the item itself works fine.",2023-01-14 17:13:17
rev_01121,ord_001333,4,Very satisfied with this purchase. Customer service was also very helpful.,2023-08-13 21:21:42
rev_01122,ord_000027,5,Five stars! The design and finish are top-tier. Will definitely order again.,2024-04-24 08:43:37
rev_01123,ord_001302,4,"Super fast shipping, works flawlessly out of the box. Highly recommend!",2024-06-25 14:53:59
rev_01124,ord_003406,3,Decent performance for the price. Does the job as expected.,2024-03-06 21:48:56
rev_01125,ord_000802,3,"Packaging could be improved, but the item itself works fine.",2023-06-19 04:06:35
rev_01126,ord_000112,4,"Outstanding build quality, exactly as described! Exceeded my expectations.",2023-11-01 12:51:39
rev_01127,ord_003017,3,"Packaging could be improved, but the item itself works fine.",2024-01-09 20:15:36
rev_01128,ord_001935,3,Decent performance for the price. Does the job as expected.,2024-03-05 16:07:42
rev_01129,ord_000356,3,Decent performance for the price. Does the job as expected.,2023-12-23 22:20:25
rev_01130,ord_001332,5,Very satisfied with this purchase. Customer service was also very helpful.,2023-08-17 19:42:33
rev_01131,ord_001288,5,"Super fast shipping, works flawlessly out of the box. Highly recommend!",2024-01-28 18:24:18
rev_01132,ord_000724,4,Great value for money. Fits my needs perfectly and feels very premium.,2023-07-13 12:02:07
rev_01133,ord_000976,5,Very satisfied with this purchase. Customer service was also very helpful.,2023-12-17 10:35:19
rev_01134,ord_002963,5,Great value for money. Fits my needs perfectly and feels very premium.,2024-05-31 23:55:43
rev_01135,ord_000080,5,Five stars! The design and finish are top-tier. Will definitely order again.,2024-06-26 18:02:47
rev_01136,ord_001626,3,Decent performance for the price. Does the job as expected.,2023-09-07 19:22:24
rev_01137,ord_001609,5,Great value for money. Fits my needs perfectly and feels very premium.,2023-06-10 22:48:08
rev_01138,ord_003069,5,Packaging was secure and arrived ahead of schedule. Exactly what I wanted!,2023-10-22 09:07:36
rev_01139,ord_001852,4,Very satisfied with this purchase. Customer service was also very helpful.,2024-04-08 11:56:12
rev_01140,ord_001506,4,Great value for money. Fits my needs perfectly and feels very premium.,2023-10-04 04:49:47
rev_01141,ord_002449,4,"Super fast shipping, works flawlessly out of the box. Highly recommend!",2023-01-04 21:01:12
rev_01142,ord_000054,4,"Outstanding build quality, exactly as described! Exceeded my expectations.",2023-12-29 23:47:05
rev_01143,ord_002219,3,"Good product overall, though delivery was delayed by a couple of days.",2023-09-12 12:31:12
rev_01144,ord_002030,3,"Packaging could be improved, but the item itself works fine.",2023-05-25 11:26:59
rev_01145,ord_002605,3,"Packaging could be improved, but the item itself works fine.",2024-01-21 19:08:00
rev_01146,ord_002731,4,Five stars! The design and finish are top-tier. Will definitely order again.,2024-01-02 02:45:33
rev_01147,ord_001145,4,Packaging was secure and arrived ahead of schedule. Exactly what I wanted!,2024-02-07 00:17:24
rev_01148,ord_000502,4,"Outstanding build quality, exactly as described! Exceeded my expectations.",2023-08-06 01:16:00
rev_01149,ord_000347,5,Very satisfied with this purchase. Customer service was also very helpful.,2023-10-03 04:18:05
rev_01150,ord_001953,4,Five stars! The design and finish are top-tier. Will definitely order again.,2023-06-06 07:16:51
rev_01151,ord_001507,3,"Good product overall, though delivery was delayed by a couple of days.",2023-09-04 19:14:32
rev_01152,ord_000506,5,Great value for money. Fits my needs perfectly and feels very premium.,2023-11-20 11:45:01
rev_01153,ord_002615,4,Very satisfied with this purchase. Customer service was also very helpful.,2023-02-06 20:43:56
rev_01154,ord_000042,4,"Outstanding build quality, exactly as described! Exceeded my expectations.",2023-08-30 18:44:26
rev_01155,ord_003107,4,Great value for money. Fits my needs perfectly and feels very premium.,2023-02-17 05:45:36
rev_01156,ord_002828,5,Packaging was secure and arrived ahead of schedule. Exactly what I wanted!,2023-09-20 00:13:12
rev_01157,ord_000201,5,"Super fast shipping, works flawlessly out of the box. Highly recommend!",2023-01-25 09:16:28
rev_01158,ord_002840,3,"Good product overall, though delivery was delayed by a couple of days.",2023-01-06 03:59:01
rev_01159,ord_001133,4,Great value for money. Fits my needs perfectly and feels very premium.,2024-04-24 00:26:06
rev_01160,ord_002671,4,"Outstanding build quality, exactly as described! Exceeded my expectations.",2023-12-07 09:09:41
rev_01161,ord_000253,5,Five stars! The design and finish are top-tier. Will definitely order again.,2023-11-16 00:55:39
rev_01162,ord_001672,4,Great value for money. Fits my needs perfectly and feels very premium.,2023-11-17 15:30:46
rev_01163,ord_003376,3,Decent performance for the price. Does the job as expected.,2024-05-15 14:31:57
rev_01164,ord_002229,4,Very satisfied with this purchase. Customer service was also very helpful.,2024-02-03 12:24:04
rev_01165,ord_003254,4,"Outstanding build quality, exactly as described! Exceeded my expectations.",2024-06-25 11:00:48
rev_01166,ord_002674,4,Packaging was secure and arrived ahead of schedule. Exactly what I wanted!,2024-01-09 22:15:25
rev_01167,ord_002448,3,"Packaging could be improved, but the item itself works fine.",2024-06-21 23:31:51
rev_01168,ord_002561,4,Great value for money. Fits my needs perfectly and feels very premium.,2024-04-08 01:57:09
rev_01169,ord_000503,5,Five stars! The design and finish are top-tier. Will definitely order again.,2023-03-08 05:00:50
rev_01170,ord_000917,4,"Super fast shipping, works flawlessly out of the box. Highly recommend!",2023-11-13 22:57:55
rev_01171,ord_000064,5,Packaging was secure and arrived ahead of schedule. Exactly what I wanted!,2024-03-12 08:08:32
rev_01172,ord_001083,5,Very satisfied with this purchase. Customer service was also very helpful.,2024-02-02 20:44:42
rev_01173,ord_002747,5,"Outstanding build quality, exactly as described! Exceeded my expectations.",2023-08-08 03:56:46
rev_01174,ord_000534,3,"Good product overall, though delivery was delayed by a couple of days.",2023-10-25 06:06:17
rev_01175,ord_003218,5,Packaging was secure and arrived ahead of schedule. Exactly what I wanted!,2023-01-08 04:16:58
rev_01176,ord_003168,5,"Super fast shipping, works flawlessly out of the box. Highly recommend!",2024-01-29 13:03:23
rev_01177,ord_002028,5,Very satisfied with this purchase. Customer service was also very helpful.,2024-03-13 16:36:20
rev_01178,ord_002034,4,Very satisfied with this purchase. Customer service was also very helpful.,2023-07-01 16:56:15
rev_01179,ord_003152,3,Decent performance for the price. Does the job as expected.,2023-12-25 12:41:03
rev_01180,ord_002871,5,Very satisfied with this purchase. Customer service was also very helpful.,2023-04-07 02:53:29
rev_01181,ord_002935,5,"Super fast shipping, works flawlessly out of the box. Highly recommend!",2023-08-09 08:23:57
rev_01182,ord_001592,5,Great value for money. Fits my needs perfectly and feels very premium.,2024-05-29 15:00:30
rev_01183,ord_002209,5,Five stars! The design and finish are top-tier. Will definitely order again.,2023-09-13 18:29:14
rev_01184,ord_003232,5,Five stars! The design and finish are top-tier. Will definitely order again.,2023-10-26 20:17:11
rev_01185,ord_000975,5,Packaging was secure and arrived ahead of schedule. Exactly what I wanted!,2023-02-17 18:21:05
rev_01186,ord_003431,5,Five stars! The design and finish are top-tier. Will definitely order again.,2023-12-03 19:38:05
rev_01187,ord_002302,4,"Super fast shipping, works flawlessly out of the box. Highly recommend!",2023-04-05 14:50:39
rev_01188,ord_002693,5,Great value for money. Fits my needs perfectly and feels very premium.,2023-05-21 20:38:33
rev_01189,ord_001106,3,Decent performance for the price. Does the job as expected.,2024-01-06 14:11:53
rev_01190,ord_001782,5,"Outstanding build quality, exactly as described! Exceeded my expectations.",2023-12-13 12:51:48
rev_01191,ord_000254,5,Very satisfied with this purchase. Customer service was also very helpful.,2023-06-02 21:13:57
rev_01192,ord_001314,4,Five stars! The design and finish are top-tier. Will definitely order again.,2023-11-10 15:19:32
rev_01193,ord_001963,3,"Packaging could be improved, but the item itself works fine.",2024-04-09 11:05:15
rev_01194,ord_001970,5,Packaging was secure and arrived ahead of schedule. Exactly what I wanted!,2023-02-09 09:11:35
rev_01195,ord_001737,5,"Outstanding build quality, exactly as described! Exceeded my expectations.",2024-04-01 05:22:55
rev_01196,ord_001740,4,Five stars! The design and finish are top-tier. Will definitely order again.,2023-06-18 15:24:03
rev_01197,ord_000648,4,Five stars! The design and finish are top-tier. Will definitely order again.,2023-05-29 11:52:50
rev_01198,ord_000047,5,Five stars! The design and finish are top-tier. Will definitely order again.,2024-05-08 11:37:49
rev_01199,ord_000196,4,"Super fast shipping, works flawlessly out of the box. Highly recommend!",2023-05-02 05:29:10
rev_01200,ord_002850,4,Five stars! The design and finish are top-tier. Will definitely order again.,2023-08-13 07:29:12
rev_01201,ord_000069,4,"Super fast shipping, works flawlessly out of the box. Highly recommend!",2023-10-04 15:53:28
rev_01202,ord_001729,5,Packaging was secure and arrived ahead of schedule. Exactly what I wanted!,2023-10-30 06:08:30
rev_01203,ord_002865,4,Great value for money. Fits my needs perfectly and feels very premium.,2023-04-20 21:54:47
rev_01204,ord_000026,5,Packaging was secure and arrived ahead of schedule. Exactly what I wanted!,2023-11-06 20:27:49
rev_01205,ord_002213,4,"Outstanding build quality, exactly as described! Exceeded my expectations.",2023-08-03 08:07:41
rev_01206,ord_003321,5,Great value for money. Fits my needs perfectly and feels very premium.,2024-01-03 08:12:18
rev_01207,ord_003269,5,Great value for money. Fits my needs perfectly and feels very premium.,2024-01-31 12:09:40
rev_01208,ord_002819,4,Very satisfied with this purchase. Customer service was also very helpful.,2024-02-18 18:53:30
rev_01209,ord_002611,5,Very satisfied with this purchase. Customer service was also very helpful.,2024-02-10 06:49:32
rev_01210,ord_002184,5,"Outstanding build quality, exactly as described! Exceeded my expectations.",2023-08-14 23:57:15
rev_01211,ord_001394,3,"Packaging could be improved, but the item itself works fine.",2024-06-12 13:45:10
rev_01212,ord_000581,4,"Super fast shipping, works flawlessly out of the box. Highly recommend!",2024-04-17 13:41:36
rev_01213,ord_001750,3,"Packaging could be improved, but the item itself works fine.",2023-02-07 19:05:27
rev_01214,ord_000615,3,"Packaging could be improved, but the item itself works fine.",2023-03-02 14:02:04
rev_01215,ord_001333,4,"Super fast shipping, works flawlessly out of the box. Highly recommend!",2023-08-13 21:21:42
rev_01216,ord_000643,3,"Packaging could be improved, but the item itself works fine.",2023-11-16 01:26:55
rev_01217,ord_000041,5,"Super fast shipping, works flawlessly out of the box. Highly recommend!",2024-06-23 02:12:36
rev_01218,ord_001718,3,"Packaging could be improved, but the item itself works fine.",2023-07-29 04:15:27
rev_01219,ord_002948,5,"Outstanding build quality, exactly as described! Exceeded my expectations.",2024-02-10 13:37:03
rev_01220,ord_000672,3,"Good product overall, though delivery was delayed by a couple of days.",2023-10-15 16:10:09
rev_01221,ord_002052,5,Packaging was secure and arrived ahead of schedule. Exactly what I wanted!,2024-01-09 11:36:20
rev_01222,ord_000184,5,Packaging was secure and arrived ahead of schedule. Exactly what I wanted!,2023-07-02 18:18:07
rev_01223,ord_002433,5,Packaging was secure and arrived ahead of schedule. Exactly what I wanted!,2023-06-14 22:06:26
rev_01224,ord_002405,5,"Outstanding build quality, exactly as described! Exceeded my expectations.",2023-04-10 00:27:17
rev_01225,ord_001557,3,Decent performance for the price. Does the job as expected.,2023-10-24 04:10:15
rev_01226,ord_000816,5,Great value for money. Fits my needs perfectly and feels very premium.,2023-12-30 15:22:30
rev_01227,ord_002410,3,"Packaging could be improved, but the item itself works fine.",2024-03-15 17:19:22
rev_01228,ord_001583,4,"Super fast shipping, works flawlessly out of the box. Highly recommend!",2023-03-11 01:03:42
rev_01229,ord_001489,4,Very satisfied with this purchase. Customer service was also very helpful.,2023-03-25 05:34:11
rev_01230,ord_002837,3,"Good product overall, though delivery was delayed by a couple of days.",2023-03-10 19:36:50
rev_01231,ord_002473,5,"Super fast shipping, works flawlessly out of the box. Highly recommend!",2023-06-23 18:54:46
rev_01232,ord_003384,4,Great value for money. Fits my needs perfectly and feels very premium.,2024-04-08 12:08:03
rev_01233,ord_002287,4,Five stars! The design and finish are top-tier. Will definitely order again.,2024-06-18 03:17:16
rev_01234,ord_000645,4,Packaging was secure and arrived ahead of schedule. Exactly what I wanted!,2023-10-09 09:44:52
rev_01235,ord_001092,5,Very satisfied with this purchase. Customer service was also very helpful.,2023-12-07 14:55:49
rev_01236,ord_002739,5,Very satisfied with this purchase. Customer service was also very helpful.,2024-03-18 01:53:24
rev_01237,ord_001875,5,"Super fast shipping, works flawlessly out of the box. Highly recommend!",2023-12-24 19:23:35
rev_01238,ord_000360,5,Very satisfied with this purchase. Customer service was also very helpful.,2024-03-06 04:38:21
rev_01239,ord_000530,5,"Super fast shipping, works flawlessly out of the box. Highly recommend!",2023-07-09 02:18:02
rev_01240,ord_000550,3,Decent performance for the price. Does the job as expected.,2023-06-23 11:45:11
rev_01241,ord_002294,5,Great value for money. Fits my needs perfectly and feels very premium.,2023-12-05 12:50:23
rev_01242,ord_000831,5,Five stars! The design and finish are top-tier. Will definitely order again.,2023-04-17 14:00:13
rev_01243,ord_000581,4,"Outstanding build quality, exactly as described! Exceeded my expectations.",2024-04-17 13:41:36
rev_01244,ord_000350,5,"Outstanding build quality, exactly as described! Exceeded my expectations.",2024-05-21 01:26:54
rev_01245,ord_001547,5,Five stars! The design and finish are top-tier. Will definitely order again.,2023-02-26 20:18:20
rev_01246,ord_003059,5,Five stars! The design and finish are top-tier. Will definitely order again.,2024-04-18 10:14:46
rev_01247,ord_002979,3,Decent performance for the price. Does the job as expected.,2023-06-13 11:16:32
rev_01248,ord_003198,5,Five stars! The design and finish are top-tier. Will definitely order again.,2023-08-20 09:21:23
rev_01249,ord_002393,3,"Packaging could be improved, but the item itself works fine.",2023-07-05 00:15:07
rev_01250,ord_001159,5,Great value for money. Fits my needs perfectly and feels very premium.,2024-06-01 21:42:45
rev_01251,ord_000544,5,Very satisfied with this purchase. Customer service was also very helpful.,2023-07-05 12:34:07
rev_01252,ord_003309,5,"Outstanding build quality, exactly as described! Exceeded my expectations.",2023-10-22 12:49:18
rev_01253,ord_003043,5,Great value for money. Fits my needs perfectly and feels very premium.,2023-01-08 19:08:56
rev_01254,ord_003454,5,Great value for money. Fits my needs perfectly and feels very premium.,2023-11-10 22:59:00
rev_01255,ord_001024,4,Great value for money. Fits my needs perfectly and feels very premium.,2024-03-03 06:16:18
rev_01256,ord_000628,5,Great value for money. Fits my needs perfectly and feels very premium.,2023-11-12 10:31:29
rev_01257,ord_001998,5,Great value for money. Fits my needs perfectly and feels very premium.,2023-09-02 17:36:36
rev_01258,ord_002103,5,Five stars! The design and finish are top-tier. Will definitely order again.,2023-05-05 17:12:55
rev_01259,ord_003126,3,"Good product overall, though delivery was delayed by a couple of days.",2023-03-05 20:18:27
rev_01260,ord_002963,5,Five stars! The design and finish are top-tier. Will definitely order again.,2024-05-31 23:55:43
rev_01261,ord_002432,5,Very satisfied with this purchase. Customer service was also very helpful.,2024-06-06 02:31:51
rev_01262,ord_000968,5,Packaging was secure and arrived ahead of schedule. Exactly what I wanted!,2024-05-23 09:52:20
rev_01263,ord_000866,5,"Super fast shipping, works flawlessly out of the box. Highly recommend!",2023-09-19 13:15:57
rev_01264,ord_001527,5,Very satisfied with this purchase. Customer service was also very helpful.,2023-08-11 12:35:07
rev_01265,ord_002235,4,Packaging was secure and arrived ahead of schedule. Exactly what I wanted!,2023-11-13 12:18:03
rev_01266,ord_002399,5,Five stars! The design and finish are top-tier. Will definitely order again.,2024-04-01 10:32:50
rev_01267,ord_001652,4,Very satisfied with this purchase. Customer service was also very helpful.,2023-04-24 19:38:52
rev_01268,ord_000764,3,"Packaging could be improved, but the item itself works fine.",2023-11-16 09:30:17
rev_01269,ord_001961,5,Very satisfied with this purchase. Customer service was also very helpful.,2024-04-09 06:02:55
rev_01270,ord_001057,5,Packaging was secure and arrived ahead of schedule. Exactly what I wanted!,2023-01-29 09:21:32
rev_01271,ord_003289,4,"Super fast shipping, works flawlessly out of the box. Highly recommend!",2023-11-11 17:47:23
rev_01272,ord_001543,4,Five stars! The design and finish are top-tier. Will definitely order again.,2023-07-06 09:01:24
rev_01273,ord_000081,4,Packaging was secure and arrived ahead of schedule. Exactly what I wanted!,2023-04-22 15:49:03
rev_01274,ord_001375,5,Great value for money. Fits my needs perfectly and feels very premium.,2024-01-08 19:45:58
rev_01275,ord_000735,4,"Outstanding build quality, exactly as described! Exceeded my expectations.",2023-05-09 03:38:54
rev_01276,ord_000385,5,Five stars! The design and finish are top-tier. Will definitely order again.,2024-01-04 20:48:54
rev_01277,ord_001627,5,Packaging was secure and arrived ahead of schedule. Exactly what I wanted!,2024-02-07 09:10:59
rev_01278,ord_002480,4,Packaging was secure and arrived ahead of schedule. Exactly what I wanted!,2023-08-10 02:51:06
rev_01279,ord_000135,3,"Packaging could be improved, but the item itself works fine.",2024-05-18 21:59:35
rev_01280,ord_000357,4,Great value for money. Fits my needs perfectly and feels very premium.,2023-12-29 16:23:41
rev_01281,ord_000038,3,Decent performance for the price. Does the job as expected.,2023-12-29 19:47:59
rev_01282,ord_000696,5,Great value for money. Fits my needs perfectly and feels very premium.,2024-04-07 11:42:13
rev_01283,ord_000978,4,Five stars! The design and finish are top-tier. Will definitely order again.,2023-09-04 00:24:50
rev_01284,ord_003472,4,"Outstanding build quality, exactly as described! Exceeded my expectations.",2023-02-14 01:01:30
rev_01285,ord_001007,5,"Outstanding build quality, exactly as described! Exceeded my expectations.",2024-01-15 02:08:48
rev_01286,ord_001353,5,Packaging was secure and arrived ahead of schedule. Exactly what I wanted!,2023-06-05 18:18:13
rev_01287,ord_002153,4,Packaging was secure and arrived ahead of schedule. Exactly what I wanted!,2023-06-10 20:45:58
rev_01288,ord_001031,4,"Super fast shipping, works flawlessly out of the box. Highly recommend!",2023-04-22 17:40:56
rev_01289,ord_002181,5,Very satisfied with this purchase. Customer service was also very helpful.,2023-08-15 02:26:03
rev_01290,ord_001806,3,"Packaging could be improved, but the item itself works fine.",2023-09-01 13:12:21
rev_01291,ord_001144,5,"Outstanding build quality, exactly as described! Exceeded my expectations.",2023-06-11 09:13:56
rev_01292,ord_003135,3,"Good product overall, though delivery was delayed by a couple of days.",2024-02-16 01:33:06
rev_01293,ord_000500,5,Packaging was secure and arrived ahead of schedule. Exactly what I wanted!,2023-11-29 20:26:18
rev_01294,ord_000698,3,"Packaging could be improved, but the item itself works fine.",2023-06-18 11:55:34
rev_01295,ord_001145,5,"Super fast shipping, works flawlessly out of the box. Highly recommend!",2024-02-07 00:17:24
rev_01296,ord_003165,5,Packaging was secure and arrived ahead of schedule. Exactly what I wanted!,2023-08-06 05:31:01
rev_01297,ord_001288,5,Very satisfied with this purchase. Customer service was also very helpful.,2024-01-28 18:24:18
rev_01298,ord_003463,5,"Super fast shipping, works flawlessly out of the box. Highly recommend!",2023-09-09 11:02:01
rev_01299,ord_002003,5,Five stars! The design and finish are top-tier. Will definitely order again.,2023-06-03 01:25:08
rev_01300,ord_001478,4,"Outstanding build quality, exactly as described! Exceeded my expectations.",2024-05-06 07:47:58
rev_01301,ord_000395,4,"Super fast shipping, works flawlessly out of the box. Highly recommend!",2023-09-20 21:49:35
rev_01302,ord_001955,5,"Outstanding build quality, exactly as described! Exceeded my expectations.",2024-01-10 13:59:00
rev_01303,ord_001545,5,Great value for money. Fits my needs perfectly and feels very premium.,2023-08-05 08:11:38
rev_01304,ord_002765,5,"Outstanding build quality, exactly as described! Exceeded my expectations.",2024-03-26 14:27:07
rev_01305,ord_000914,4,Five stars! The design and finish are top-tier. Will definitely order again.,2023-08-13 18:52:02
rev_01306,ord_001250,4,Great value for money. Fits my needs perfectly and feels very premium.,2023-07-23 17:22:51
rev_01307,ord_003155,3,"Good product overall, though delivery was delayed by a couple of days.",2023-01-27 07:14:38
rev_01308,ord_000607,4,"Outstanding build quality, exactly as described! Exceeded my expectations.",2023-12-26 03:18:05
rev_01309,ord_003157,4,Great value for money. Fits my needs perfectly and feels very premium.,2024-06-07 12:10:21
rev_01310,ord_002903,5,Great value for money. Fits my needs perfectly and feels very premium.,2024-01-10 20:15:49
rev_01311,ord_000171,5,Great value for money. Fits my needs perfectly and feels very premium.,2024-06-25 03:02:45
rev_01312,ord_002703,5,Packaging was secure and arrived ahead of schedule. Exactly what I wanted!,2023-11-24 12:17:41
rev_01313,ord_002245,5,Great value for money. Fits my needs perfectly and feels very premium.,2023-09-04 11:51:25
rev_01314,ord_002293,5,"Outstanding build quality, exactly as described! Exceeded my expectations.",2023-06-24 09:08:01
rev_01315,ord_000876,5,Great value for money. Fits my needs perfectly and feels very premium.,2023-02-04 16:45:40
rev_01316,ord_000070,4,"Outstanding build quality, exactly as described! Exceeded my expectations.",2023-03-20 06:39:06
rev_01317,ord_001426,5,"Super fast shipping, works flawlessly out of the box. Highly recommend!",2023-12-28 12:41:25
rev_01318,ord_001220,3,"Good product overall, though delivery was delayed by a couple of days.",2023-10-30 02:36:56
rev_01319,ord_003474,5,"Super fast shipping, works flawlessly out of the box. Highly recommend!",2023-06-15 02:24:37
rev_01320,ord_002811,4,Very satisfied with this purchase. Customer service was also very helpful.,2024-04-17 01:01:46
rev_01321,ord_000838,4,"Outstanding build quality, exactly as described! Exceeded my expectations.",2023-10-20 13:56:17
rev_01322,ord_001246,5,Great value for money. Fits my needs perfectly and feels very premium.,2024-02-20 19:15:30
rev_01323,ord_002159,5,Great value for money. Fits my needs perfectly and feels very premium.,2023-10-07 18:05:34
rev_01324,ord_001735,5,Great value for money. Fits my needs perfectly and feels very premium.,2023-07-07 02:22:08
rev_01325,ord_002306,5,Five stars! The design and finish are top-tier. Will definitely order again.,2023-09-06 23:31:13
rev_01326,ord_003394,4,Five stars! The design and finish are top-tier. Will definitely order again.,2023-03-13 16:36:27
rev_01327,ord_002161,5,"Outstanding build quality, exactly as described! Exceeded my expectations.",2023-11-19 03:47:57
rev_01328,ord_000108,5,Packaging was secure and arrived ahead of schedule. Exactly what I wanted!,2023-08-30 08:21:13
rev_01329,ord_003368,5,Great value for money. Fits my needs perfectly and feels very premium.,2023-06-22 19:51:50
rev_01330,ord_002730,4,Packaging was secure and arrived ahead of schedule. Exactly what I wanted!,2023-05-12 07:50:44
rev_01331,ord_000907,5,Very satisfied with this purchase. Customer service was also very helpful.,2024-02-01 21:59:43
rev_01332,ord_000193,5,"Super fast shipping, works flawlessly out of the box. Highly recommend!",2024-06-27 01:31:54
rev_01333,ord_001407,4,Five stars! The design and finish are top-tier. Will definitely order again.,2024-03-10 15:01:32
rev_01334,ord_002274,3,"Good product overall, though delivery was delayed by a couple of days.",2023-03-04 04:47:03
rev_01335,ord_000820,3,"Packaging could be improved, but the item itself works fine.",2024-06-22 04:52:15
rev_01336,ord_002993,4,"Outstanding build quality, exactly as described! Exceeded my expectations.",2024-05-18 20:16:06
rev_01337,ord_003079,5,Great value for money. Fits my needs perfectly and feels very premium.,2024-06-21 13:34:49
rev_01338,ord_001111,4,"Super fast shipping, works flawlessly out of the box. Highly recommend!",2023-01-01 12:25:16
rev_01339,ord_000145,3,"Packaging could be improved, but the item itself works fine.",2023-02-05 17:22:49
rev_01340,ord_000914,5,Great value for money. Fits my needs perfectly and feels very premium.,2023-08-13 18:52:02
rev_01341,ord_001941,5,"Outstanding build quality, exactly as described! Exceeded my expectations.",2023-06-09 20:47:40
rev_01342,ord_001270,5,"Outstanding build quality, exactly as described! Exceeded my expectations.",2023-09-08 12:26:36
rev_01343,ord_000503,4,"Super fast shipping, works flawlessly out of the box. Highly recommend!",2023-03-08 05:00:50
rev_01344,ord_002521,4,Packaging was secure and arrived ahead of schedule. Exactly what I wanted!,2023-09-30 18:22:18
rev_01345,ord_000629,4,"Super fast shipping, works flawlessly out of the box. Highly recommend!",2023-09-03 18:22:31
rev_01346,ord_001242,5,"Super fast shipping, works flawlessly out of the box. Highly recommend!",2023-10-15 13:11:03
rev_01347,ord_000653,4,"Outstanding build quality, exactly as described! Exceeded my expectations.",2023-05-13 02:26:15
rev_01348,ord_003220,5,Great value for money. Fits my needs perfectly and feels very premium.,2023-02-02 10:39:53
rev_01349,ord_002543,4,Five stars! The design and finish are top-tier. Will definitely order again.,2023-09-22 02:26:03
rev_01350,ord_001612,4,Very satisfied with this purchase. Customer service was also very helpful.,2023-11-20 02:43:10
rev_01351,ord_000238,5,Great value for money. Fits my needs perfectly and feels very premium.,2023-08-05 08:30:11
rev_01352,ord_001609,4,"Outstanding build quality, exactly as described! Exceeded my expectations.",2023-06-10 22:48:08
rev_01353,ord_002424,3,Decent performance for the price. Does the job as expected.,2024-06-07 05:42:40
rev_01354,ord_001760,4,Five stars! The design and finish are top-tier. Will definitely order again.,2023-03-07 02:15:40
rev_01355,ord_002559,4,Very satisfied with this purchase. Customer service was also very helpful.,2024-01-03 02:31:19
rev_01356,ord_002138,5,Great value for money. Fits my needs perfectly and feels very premium.,2023-06-12 06:06:25
rev_01357,ord_001491,5,"Super fast shipping, works flawlessly out of the box. Highly recommend!",2024-04-24 23:54:19
rev_01358,ord_002451,5,"Super fast shipping, works flawlessly out of the box. Highly recommend!",2023-10-27 01:00:50
rev_01359,ord_002941,5,"Super fast shipping, works flawlessly out of the box. Highly recommend!",2024-01-21 08:12:52
rev_01360,ord_000571,5,Packaging was secure and arrived ahead of schedule. Exactly what I wanted!,2023-09-05 00:16:14
rev_01361,ord_002541,5,Packaging was secure and arrived ahead of schedule. Exactly what I wanted!,2023-04-15 11:17:51
rev_01362,ord_000534,5,Packaging was secure and arrived ahead of schedule. Exactly what I wanted!,2023-10-25 06:06:17
rev_01363,ord_002322,5,Packaging was secure and arrived ahead of schedule. Exactly what I wanted!,2024-02-24 18:38:19
rev_01364,ord_000286,5,Great value for money. Fits my needs perfectly and feels very premium.,2023-02-12 16:57:52
rev_01365,ord_000468,5,Very satisfied with this purchase. Customer service was also very helpful.,2023-08-16 11:44:48
rev_01366,ord_003218,4,"Outstanding build quality, exactly as described! Exceeded my expectations.",2023-01-08 04:16:58
rev_01367,ord_000533,4,"Outstanding build quality, exactly as described! Exceeded my expectations.",2023-06-26 04:12:57
rev_01368,ord_002693,5,Packaging was secure and arrived ahead of schedule. Exactly what I wanted!,2023-05-21 20:38:33
rev_01369,ord_001285,3,"Good product overall, though delivery was delayed by a couple of days.",2024-05-15 17:59:24
rev_01370,ord_002736,4,"Super fast shipping, works flawlessly out of the box. Highly recommend!",2023-02-09 00:41:56
rev_01371,ord_000287,3,"Packaging could be improved, but the item itself works fine.",2024-05-20 08:12:12
rev_01372,ord_001834,5,Very satisfied with this purchase. Customer service was also very helpful.,2024-05-30 04:54:14
rev_01373,ord_002115,5,Great value for money. Fits my needs perfectly and feels very premium.,2024-06-17 05:08:01
rev_01374,ord_001798,5,"Super fast shipping, works flawlessly out of the box. Highly recommend!",2024-06-25 22:01:06
rev_01375,ord_000068,4,Five stars! The design and finish are top-tier. Will definitely order again.,2023-10-21 21:29:26
rev_01376,ord_003397,3,"Good product overall, though delivery was delayed by a couple of days.",2023-03-20 02:59:07
rev_01377,ord_001211,3,Decent performance for the price. Does the job as expected.,2023-05-06 11:45:07
rev_01378,ord_001190,4,"Super fast shipping, works flawlessly out of the box. Highly recommend!",2023-10-19 05:28:26
rev_01379,ord_001609,5,Packaging was secure and arrived ahead of schedule. Exactly what I wanted!,2023-06-10 22:48:08
rev_01380,ord_000346,4,Packaging was secure and arrived ahead of schedule. Exactly what I wanted!,2024-03-09 22:20:52
rev_01381,ord_002409,3,"Packaging could be improved, but the item itself works fine.",2024-05-03 13:29:57
rev_01382,ord_002271,5,Very satisfied with this purchase. Customer service was also very helpful.,2023-01-25 02:43:56
rev_01383,ord_000267,3,"Packaging could be improved, but the item itself works fine.",2023-11-23 21:05:33
rev_01384,ord_000318,5,Great value for money. Fits my needs perfectly and feels very premium.,2023-11-27 15:22:45
rev_01385,ord_001973,4,"Super fast shipping, works flawlessly out of the box. Highly recommend!",2023-05-08 14:25:01
rev_01386,ord_000328,5,"Outstanding build quality, exactly as described! Exceeded my expectations.",2023-11-01 14:07:37
rev_01387,ord_003453,5,Five stars! The design and finish are top-tier. Will definitely order again.,2023-02-12 10:24:33
rev_01388,ord_000901,5,Packaging was secure and arrived ahead of schedule. Exactly what I wanted!,2024-06-01 06:34:21
rev_01389,ord_002132,5,Five stars! The design and finish are top-tier. Will definitely order again.,2023-11-21 02:05:35
rev_01390,ord_000583,3,"Good product overall, though delivery was delayed by a couple of days.",2023-06-14 04:39:08
rev_01391,ord_000837,4,"Outstanding build quality, exactly as described! Exceeded my expectations.",2023-12-21 09:05:44
rev_01392,ord_002442,4,"Super fast shipping, works flawlessly out of the box. Highly recommend!",2023-11-09 13:53:16
rev_01393,ord_002853,3,"Packaging could be improved, but the item itself works fine.",2023-06-23 00:34:51
rev_01394,ord_001893,5,Packaging was secure and arrived ahead of schedule. Exactly what I wanted!,2023-09-12 13:20:16
rev_01395,ord_002598,5,Very satisfied with this purchase. Customer service was also very helpful.,2024-04-17 22:32:32
rev_01396,ord_000906,5,"Outstanding build quality, exactly as described! Exceeded my expectations.",2024-05-17 12:48:49
rev_01397,ord_002837,5,Five stars! The design and finish are top-tier. Will definitely order again.,2023-03-10 19:36:50
rev_01398,ord_001239,3,Decent performance for the price. Does the job as expected.,2023-07-17 00:55:47
rev_01399,ord_000373,5,Packaging was secure and arrived ahead of schedule. Exactly what I wanted!,2024-03-01 22:42:28
rev_01400,ord_000299,5,"Super fast shipping, works flawlessly out of the box. Highly recommend!",2024-01-26 21:27:00
rev_01401,ord_000804,4,"Super fast shipping, works flawlessly out of the box. Highly recommend!",2023-05-15 12:49:41
rev_01402,ord_001678,5,Five stars! The design and finish are top-tier. Will definitely order again.,2023-02-20 09:00:59
rev_01403,ord_002710,5,Five stars! The design and finish are top-tier. Will definitely order again.,2023-12-08 09:59:46
rev_01404,ord_002035,3,"Packaging could be improved, but the item itself works fine.",2023-01-03 21:21:42
rev_01405,ord_002386,3,Decent performance for the price. Does the job as expected.,2023-04-26 00:45:14
rev_01406,ord_002754,5,"Outstanding build quality, exactly as described! Exceeded my expectations.",2023-07-23 03:34:39
rev_01407,ord_002950,3,Decent performance for the price. Does the job as expected.,2024-04-05 08:30:28
rev_01408,ord_000884,4,Very satisfied with this purchase. Customer service was also very helpful.,2023-04-02 11:15:48
rev_01409,ord_000485,4,Packaging was secure and arrived ahead of schedule. Exactly what I wanted!,2024-06-21 02:06:03
rev_01410,ord_000885,5,"Super fast shipping, works flawlessly out of the box. Highly recommend!",2024-02-17 03:18:34
rev_01411,ord_001930,5,"Outstanding build quality, exactly as described! Exceeded my expectations.",2024-06-11 13:26:40
rev_01412,ord_002199,5,Five stars! The design and finish are top-tier. Will definitely order again.,2023-12-09 10:27:59
rev_01413,ord_001536,4,Five stars! The design and finish are top-tier. Will definitely order again.,2024-05-23 10:10:46
rev_01414,ord_001866,4,Great value for money. Fits my needs perfectly and feels very premium.,2024-05-21 19:47:59
rev_01415,ord_002568,5,"Outstanding build quality, exactly as described! Exceeded my expectations.",2023-01-31 21:04:34
rev_01416,ord_000039,5,Very satisfied with this purchase. Customer service was also very helpful.,2024-06-16 06:03:33
rev_01417,ord_001163,5,"Outstanding build quality, exactly as described! Exceeded my expectations.",2024-01-15 13:44:24
rev_01418,ord_001125,4,Packaging was secure and arrived ahead of schedule. Exactly what I wanted!,2024-05-04 13:09:11
rev_01419,ord_002250,4,"Super fast shipping, works flawlessly out of the box. Highly recommend!",2024-03-03 17:45:21
rev_01420,ord_002360,4,"Super fast shipping, works flawlessly out of the box. Highly recommend!",2024-04-09 11:18:37
rev_01421,ord_000700,5,"Super fast shipping, works flawlessly out of the box. Highly recommend!",2023-09-15 08:00:50
rev_01422,ord_003488,4,Very satisfied with this purchase. Customer service was also very helpful.,2023-10-01 23:30:34
rev_01423,ord_003267,5,"Super fast shipping, works flawlessly out of the box. Highly recommend!",2024-04-11 22:45:06
rev_01424,ord_000133,3,Decent performance for the price. Does the job as expected.,2023-09-26 02:17:16
rev_01425,ord_002799,4,"Outstanding build quality, exactly as described! Exceeded my expectations.",2023-05-31 09:51:41
rev_01426,ord_001655,5,"Outstanding build quality, exactly as described! Exceeded my expectations.",2024-04-21 03:21:50
rev_01427,ord_000244,4,Very satisfied with this purchase. Customer service was also very helpful.,2023-09-03 01:06:31
rev_01428,ord_003039,5,Five stars! The design and finish are top-tier. Will definitely order again.,2023-06-19 05:15:25
rev_01429,ord_002546,5,Very satisfied with this purchase. Customer service was also very helpful.,2023-04-03 16:31:51
rev_01430,ord_001063,5,Very satisfied with this purchase. Customer service was also very helpful.,2023-10-11 10:30:57
rev_01431,ord_000858,4,Packaging was secure and arrived ahead of schedule. Exactly what I wanted!,2023-04-19 10:01:54
rev_01432,ord_001808,5,Very satisfied with this purchase. Customer service was also very helpful.,2023-04-18 08:39:23
rev_01433,ord_002104,3,"Good product overall, though delivery was delayed by a couple of days.",2023-08-07 18:47:05
rev_01434,ord_003179,4,"Super fast shipping, works flawlessly out of the box. Highly recommend!",2023-03-26 04:18:55
rev_01435,ord_002793,4,"Super fast shipping, works flawlessly out of the box. Highly recommend!",2023-04-05 04:24:28
rev_01436,ord_000520,4,Great value for money. Fits my needs perfectly and feels very premium.,2023-02-23 14:53:58
rev_01437,ord_000826,4,Packaging was secure and arrived ahead of schedule. Exactly what I wanted!,2023-02-07 18:51:42
rev_01438,ord_002993,4,Five stars! The design and finish are top-tier. Will definitely order again.,2024-05-18 20:16:06
rev_01439,ord_002538,5,Great value for money. Fits my needs perfectly and feels very premium.,2024-03-11 00:15:33
rev_01440,ord_000237,4,Packaging was secure and arrived ahead of schedule. Exactly what I wanted!,2024-05-26 12:12:36
rev_01441,ord_001383,5,Packaging was secure and arrived ahead of schedule. Exactly what I wanted!,2024-02-27 22:03:25
rev_01442,ord_001110,4,"Super fast shipping, works flawlessly out of the box. Highly recommend!",2023-05-12 19:56:07
rev_01443,ord_000155,5,Packaging was secure and arrived ahead of schedule. Exactly what I wanted!,2023-11-22 11:27:51
rev_01444,ord_000800,4,Five stars! The design and finish are top-tier. Will definitely order again.,2024-02-20 00:35:46
rev_01445,ord_002680,5,"Outstanding build quality, exactly as described! Exceeded my expectations.",2024-01-23 02:22:57
rev_01446,ord_000927,3,"Packaging could be improved, but the item itself works fine.",2023-03-30 03:23:28
rev_01447,ord_001306,5,Great value for money. Fits my needs perfectly and feels very premium.,2023-07-24 12:21:01
rev_01448,ord_001842,4,"Outstanding build quality, exactly as described! Exceeded my expectations.",2023-05-01 09:26:16
rev_01449,ord_001862,5,"Outstanding build quality, exactly as described! Exceeded my expectations.",2023-03-12 07:20:04
rev_01450,ord_002441,5,Very satisfied with this purchase. Customer service was also very helpful.,2024-04-07 21:38:25
rev_01451,ord_001788,4,Great value for money. Fits my needs perfectly and feels very premium.,2023-03-27 03:10:36
rev_01452,ord_002025,4,Packaging was secure and arrived ahead of schedule. Exactly what I wanted!,2023-04-07 12:08:48
rev_01453,ord_000729,4,Packaging was secure and arrived ahead of schedule. Exactly what I wanted!,2023-08-03 05:26:43
rev_01454,ord_001354,4,Five stars! The design and finish are top-tier. Will definitely order again.,2023-10-04 05:01:13
rev_01455,ord_000234,5,Five stars! The design and finish are top-tier. Will definitely order again.,2023-08-12 13:35:29
rev_01456,ord_001053,5,"Super fast shipping, works flawlessly out of the box. Highly recommend!",2023-04-06 06:12:27
rev_01457,ord_000060,5,Great value for money. Fits my needs perfectly and feels very premium.,2023-03-17 12:05:08
rev_01458,ord_002826,5,Very satisfied with this purchase. Customer service was also very helpful.,2023-01-20 03:26:41
rev_01459,ord_001577,4,Five stars! The design and finish are top-tier. Will definitely order again.,2023-02-22 04:38:42
rev_01460,ord_003364,5,Very satisfied with this purchase. Customer service was also very helpful.,2023-09-19 03:47:14
rev_01461,ord_002271,5,"Outstanding build quality, exactly as described! Exceeded my expectations.",2023-01-25 02:43:56
rev_01462,ord_001986,4,Five stars! The design and finish are top-tier. Will definitely order again.,2024-01-09 23:12:30
rev_01463,ord_001543,5,Five stars! The design and finish are top-tier. Will definitely order again.,2023-07-06 09:01:24
rev_01464,ord_001075,4,"Outstanding build quality, exactly as described! Exceeded my expectations.",2023-03-16 16:55:25
rev_01465,ord_002302,5,Very satisfied with this purchase. Customer service was also very helpful.,2023-04-05 14:50:39
rev_01466,ord_001627,5,Packaging was secure and arrived ahead of schedule. Exactly what I wanted!,2024-02-07 09:10:59
rev_01467,ord_001371,4,"Outstanding build quality, exactly as described! Exceeded my expectations.",2023-02-25 15:02:40
rev_01468,ord_000350,4,Great value for money. Fits my needs perfectly and feels very premium.,2024-05-21 01:26:54
rev_01469,ord_002674,4,Very satisfied with this purchase. Customer service was also very helpful.,2024-01-09 22:15:25
rev_01470,ord_001926,3,"Good product overall, though delivery was delayed by a couple of days.",2023-05-09 09:33:13
rev_01471,ord_001861,5,"Super fast shipping, works flawlessly out of the box. Highly recommend!",2023-07-19 04:58:14
rev_01472,ord_001238,5,Packaging was secure and arrived ahead of schedule. Exactly what I wanted!,2023-09-10 10:09:48
rev_01473,ord_002215,4,Very satisfied with this purchase. Customer service was also very helpful.,2023-12-22 15:28:06
rev_01474,ord_002881,4,Packaging was secure and arrived ahead of schedule. Exactly what I wanted!,2024-05-31 09:25:11
rev_01475,ord_002707,4,Five stars! The design and finish are top-tier. Will definitely order again.,2023-07-04 10:45:46
rev_01476,ord_001582,3,"Packaging could be improved, but the item itself works fine.",2023-06-05 13:08:37
rev_01477,ord_001314,5,Very satisfied with this purchase. Customer service was also very helpful.,2023-11-10 15:19:32
rev_01478,ord_001928,5,"Outstanding build quality, exactly as described! Exceeded my expectations.",2023-01-15 07:57:16
rev_01479,ord_000838,5,Packaging was secure and arrived ahead of schedule. Exactly what I wanted!,2023-10-20 13:56:17
rev_01480,ord_002203,5,Very satisfied with this purchase. Customer service was also very helpful.,2023-07-07 06:17:21
rev_01481,ord_000251,4,Packaging was secure and arrived ahead of schedule. Exactly what I wanted!,2023-03-08 12:04:49
rev_01482,ord_001081,5,Packaging was secure and arrived ahead of schedule. Exactly what I wanted!,2023-04-24 23:13:14
rev_01483,ord_002945,5,"Super fast shipping, works flawlessly out of the box. Highly recommend!",2024-04-22 03:30:12
rev_01484,ord_000085,4,Very satisfied with this purchase. Customer service was also very helpful.,2023-01-03 16:17:45
rev_01485,ord_002645,3,Decent performance for the price. Does the job as expected.,2024-04-11 07:08:52
rev_01486,ord_000064,4,Very satisfied with this purchase. Customer service was also very helpful.,2024-03-12 08:08:32
rev_01487,ord_000032,5,Packaging was secure and arrived ahead of schedule. Exactly what I wanted!,2023-02-19 19:06:30
rev_01488,ord_001645,5,Very satisfied with this purchase. Customer service was also very helpful.,2024-06-09 13:41:48
rev_01489,ord_000468,4,Great value for money. Fits my needs perfectly and feels very premium.,2023-08-16 11:44:48
rev_01490,ord_003143,4,Great value for money. Fits my needs perfectly and feels very premium.,2024-01-23 08:07:16
rev_01491,ord_003157,5,Packaging was secure and arrived ahead of schedule. Exactly what I wanted!,2024-06-07 12:10:21
rev_01492,ord_000799,5,"Super fast shipping, works flawlessly out of the box. Highly recommend!",2023-04-25 22:01:31
rev_01493,ord_001429,5,"Super fast shipping, works flawlessly out of the box. Highly recommend!",2023-04-20 13:51:54
rev_01494,ord_003207,5,"Outstanding build quality, exactly as described! Exceeded my expectations.",2023-08-29 17:51:42
rev_01495,ord_000515,5,Great value for money. Fits my needs perfectly and feels very premium.,2023-04-13 21:22:24
rev_01496,ord_002825,5,Very satisfied with this purchase. Customer service was also very helpful.,2023-02-08 16:39:38
rev_01497,ord_002556,4,Great value for money. Fits my needs perfectly and feels very premium.,2024-02-11 16:19:57
rev_01498,ord_001227,4,"Outstanding build quality, exactly as described! Exceeded my expectations.",2024-04-29 04:46:11
rev_01499,ord_001112,4,Very satisfied with this purchase. Customer service was also very helpful.,2023-02-02 20:30:41
rev_01500,ord_001611,5,Great value for money. Fits my needs perfectly and feels very premium.,2024-04-22 22:03:52
